audio_path,audio_filename,subtitle,text_for_tts,original_english
\voice\conditions\air_and_track_temp_decreasing,1.wav,air and track temps are decreasing,air and track temps are decreasing,air and track temps are decreasing
\voice\conditions\air_and_track_temp_decreasing,2.wav,air and track temps are falling,air and track temps are falling,air and track temps are falling
\voice\conditions\air_and_track_temp_decreasing,3.wav,air and track temps decreasing,air and track temps decreasing,air and track temps decreasing
\voice\conditions\air_and_track_temp_increasing,1.wav,air and track temperatures are increasing,air and track temperatures are increasing,air and track temperatures are increasing
\voice\conditions\air_and_track_temp_increasing,2.wav,air and track temperatures are rising,air and track temperatures are rising,air and track temperatures are rising
\voice\conditions\air_and_track_temp_increasing,3.wav,air and track temps are increasing,air and track temps are increasing,air and track temps are increasing
\voice\conditions\air_temp_decreasing_its_now,1.wav,"air temperature's falling, it's now","air temperature's falling, it's now","air temperature's falling, it's now"
\voice\conditions\air_temp_decreasing_its_now,2.wav,"air temperature's decreasing, it's now","air temperature's decreasing, it's now","air temperature's decreasing, it's now"
\voice\conditions\air_temp_decreasing_its_now,3.wav,"air temp's falling, it's now","air temp's falling, it's now","air temp's falling, it's now"
\voice\conditions\air_temp_increasing_its_now,1.wav,"air temperature's increasing, it's now","air temperature's increasing, it's now","air temperature's increasing, it's now"
\voice\conditions\air_temp_increasing_its_now,2.wav,"air temp's rising, it's now","air temp's rising, it's now","air temp's rising, it's now"
\voice\conditions\air_temp_increasing_its_now,3.wav,"air temp's increasing, it's now","air temp's increasing, it's now","air temp's increasing, it's now"
\voice\conditions\air_temp_is,1.wav,the air temp is,the air temp is,the air temp is
\voice\conditions\air_temp_is,2.wav,the air temp is,the air temp is,the air temp is
\voice\conditions\air_temp_is,3.wav,the air temp is,the air temp is,the air temp is
\voice\conditions\air_temp_is_now,1.wav,air temperature's now,air temperature's now,air temperature's now
\voice\conditions\air_temp_is_now,2.wav,air temperature is now,air temperature is now,air temperature is now
\voice\conditions\air_temp_is_now,3.wav,air temp is now,air temp is now,air temp is now
\voice\conditions\celsius,1.wav,celsius,celsius,celsius
\voice\conditions\celsius,2.wav,celsius,celsius,celsius
\voice\conditions\celsius,3.wav,celsius,celsius,celsius
\voice\conditions\celsius,4.wav,celsius,celsius,celsius
\voice\conditions\drizzle_decreasing,1.wav,"just drizzling now, looks like it'll stop soon","just drizzling now, looks like it'll stop soon","just drizzling now, looks like it'll stop soon"
\voice\conditions\drizzle_decreasing,2.wav,"the rain's almost stopped, just a bit of drizzle now","the rain's almost stopped, just a bit of drizzle now","the rain's almost stopped, just a bit of drizzle now"
\voice\conditions\drizzle_decreasing,3.wav,we've got drizzle now and it's drying out,we've got drizzle now and it's drying out,we've got drizzle now and it's drying out
\voice\conditions\drizzle_increasing,1_op_prefix_ok.wav,it's starting to drizzle,it's starting to drizzle,it's starting to drizzle
\voice\conditions\drizzle_increasing,2.wav,there's a bit of drizzle starting,there's a bit of drizzle starting,there's a bit of drizzle starting
\voice\conditions\drizzle_increasing,3.wav,we're seeing a few spots of drizzle now,we're seeing a few spots of drizzle now,we're seeing a few spots of drizzle now
\voice\conditions\fahrenheit,1.wav,fahrenheit,fahrenheit,fahrenheit
\voice\conditions\fahrenheit,2.wav,fahrenheit,fahrenheit,fahrenheit
\voice\conditions\fahrenheit,3.wav,fahrenheit,fahrenheit,fahrenheit
\voice\conditions\heavy_rain_decreasing,1_op_prefix_ok.wav,"it's chucking it down now, but easing off, take it easy","it's chucking it down now, but easing off, take it easy","it's chucking it down now, but easing off, take it easy"
\voice\conditions\heavy_rain_decreasing,2.wav,"the rain's easing off a bit, but it's still heavy, take care","the rain's easing off a bit, but it's still heavy, take care","the rain's easing off a bit, but it's still heavy, take care"
\voice\conditions\heavy_rain_decreasing,3_op_suffix_please.wav,"it's still really raining, but it seems to be decreasing","it's still really raining, but it seems to be decreasing","it's still really raining, but it seems to be decreasing"
\voice\conditions\heavy_rain_increasing,1_op_suffix_please.wav,"this rain's really heavy now, and getting harder, take care","this rain's really heavy now, and getting harder, take care","this rain's really heavy now, and getting harder, take care"
\voice\conditions\heavy_rain_increasing,2_op_prefix_ok.wav,"it's really raining now, seems to be increasing","it's really raining now, seems to be increasing","it's really raining now, seems to be increasing"
\voice\conditions\heavy_rain_increasing,3_op_suffix_please.wav,it's chucking it down now,it's chucking it down now,it's chucking it down now
\voice\conditions\heavy_rain_increasing,4_op_prefix_ok.wav,"getting harder, take it easy","getting harder, take it easy","getting harder, take it easy"
\voice\conditions\light_rain_decreasing,1.wav,"it's not raining so heavily now, seems to be improving","it's not raining so heavily now, seems to be improving","it's not raining so heavily now, seems to be improving"
\voice\conditions\light_rain_decreasing,2_op_prefix_ok.wav,"light rain now, looks like it's getting better","light rain now, looks like it's getting better","light rain now, looks like it's getting better"
\voice\conditions\light_rain_decreasing,3.wav,the rain's easy right off now,the rain's easy right off now,the rain's easy right off now
\voice\conditions\light_rain_decreasing,4.wav,"we've got light rain here, it's clearing up","we've got light rain here, it's clearing up","we've got light rain here, it's clearing up"
\voice\conditions\light_rain_increasing,1.wav,"we've got a bit of rain now, looks like it's getting harder","we've got a bit of rain now, looks like it's getting harder","we've got a bit of rain now, looks like it's getting harder"
\voice\conditions\light_rain_increasing,2_op_prefix_ok.wav,"we're seeing a few spots of rain, seems to be increasing","we're seeing a few spots of rain, seems to be increasing","we're seeing a few spots of rain, seems to be increasing"
\voice\conditions\light_rain_increasing,3.wav,"we've got light rain here, getting harder","we've got light rain here, getting harder","we've got light rain here, getting harder"
\voice\conditions\maximum_rain,2.wav,"the rain's absolutely terrible here, be careful","the rain's absolutely terrible here, be careful","the rain's absolutely terrible here, be careful"
\voice\conditions\maximum_rain,sweary_1.wav,"it's like a fucking monsoon here, watch out","it's like a fucking monsoon here, watch out","it's like a fucking monsoon here, watch out"
\voice\conditions\maximum_rain,sweary_3.wav,"it's properly pissing it down here, mate","it's properly pissing it down here, mate","it's properly pissing it down here, mate"
\voice\conditions\mid_rain_decreasing,2.wav,"the rain's easing now, looks like conditions are improving","the rain's easing now, looks like conditions are improving","the rain's easing now, looks like conditions are improving"
\voice\conditions\mid_rain_increasing,1_op_prefix_ok.wav,"we're getting proper rain now, looks like it's getting harder","we're getting proper rain now, looks like it's getting harder","we're getting proper rain now, looks like it's getting harder"
\voice\conditions\mid_rain_increasing,2.wav,"it's raining now, seems to be increasing","it's raining now, seems to be increasing","it's raining now, seems to be increasing"
\voice\conditions\mid_rain_increasing,3.wav,"it's quite rainy now, and getting harder","it's quite rainy now, and getting harder","it's quite rainy now, and getting harder"
\voice\conditions\seeing_some_rain,1_op_prefix_ok.wav,we're seeing some rain,we're seeing some rain,we're seeing some rain
\voice\conditions\seeing_some_rain,2_op_prefix_ok.wav,we're starting to see some rain,we're starting to see some rain,we're starting to see some rain
\voice\conditions\seeing_some_rain,3_op_prefix_ok.wav,it looks like it's raining,it looks like it's raining,it looks like it's raining
\voice\conditions\seeing_some_rain,4_op_prefix_ok.wav,it's raining here,it's raining here,it's raining here
\voice\conditions\seeing_some_rain,5_op_prefix_ok.wav,we're seeing some rain,we're seeing some rain,we're seeing some rain
\voice\conditions\seeing_some_rain,sweary_6.wav,it's starting to piss down out here,it's starting to piss down out here,it's starting to piss down out here
\voice\conditions\stopped_raining,1_op_prefix_ok.wav,it stopped raining,it stopped raining,it stopped raining
\voice\conditions\stopped_raining,2_op_prefix_ok.wav,it looks like it stopped raining,it looks like it stopped raining,it looks like it stopped raining
\voice\conditions\stopped_raining,3_op_prefix_ok.wav,no more rain,no more rain,no more rain
\voice\conditions\stopped_raining,4_op_prefix_ok.wav,it's stopped raining,it's stopped raining,it's stopped raining
\voice\conditions\track_temp_decreasing_its_now,1.wav,"the track temperature's decreasing, it's now","the track temperature's decreasing, it's now","the track temperature's decreasing, it's now"
\voice\conditions\track_temp_decreasing_its_now,2.wav,"the track temperature's falling, it's now","the track temperature's falling, it's now","the track temperature's falling, it's now"
\voice\conditions\track_temp_decreasing_its_now,3.wav,"the track temperature's decreasing, it's now","the track temperature's decreasing, it's now","the track temperature's decreasing, it's now"
\voice\conditions\track_temp_increasing_its_now,1.wav,"the track temperature's increasing, it's now","the track temperature's increasing, it's now","the track temperature's increasing, it's now"
\voice\conditions\track_temp_increasing_its_now,2.wav,"the track temperature's rising, it's now","the track temperature's rising, it's now","the track temperature's rising, it's now"
\voice\conditions\track_temp_increasing_its_now,3.wav,"the track temp's increasing, it's now","the track temp's increasing, it's now","the track temp's increasing, it's now"
\voice\conditions\track_temp_is,1.wav,the track temp is,the track temp is,the track temp is
\voice\conditions\track_temp_is,2.wav,the track temp is,the track temp is,the track temp is
\voice\conditions\track_temp_is,3.wav,the track temp is,the track temp is,the track temp is
\voice\conditions\track_temp_is_now,1.wav,the track temperature is now,the track temperature is now,the track temperature is now
\voice\conditions\track_temp_is_now,2.wav,the track temp is now,the track temp is now,the track temp is now
\voice\conditions\track_temp_is_now,3.wav,the track temperature's now,the track temperature's now,the track temperature's now
\voice\conditions\we_expect_drizzle_in_the_next,1.wav,we expect drizzle in the next,we expect drizzle in the next,we expect drizzle in the next
\voice\conditions\we_expect_drizzle_in_the_next,2.wav,we expect drizzle in the next,we expect drizzle in the next,we expect drizzle in the next
\voice\conditions\we_expect_drizzle_in_the_next,3.wav,we expect drizzle in the next,we expect drizzle in the next,we expect drizzle in the next
\voice\conditions\we_expect_drizzle_in_the_next,4.wav,we expect drizzle in the next,we expect drizzle in the next,we expect drizzle in the next
\voice\conditions\we_expect_drizzle_in_the_next,5.wav,we expect drizzle in the next,we expect drizzle in the next,we expect drizzle in the next
\voice\conditions\we_expect_heavy_rain_in_the_next,1.wav,we expect heavy rain in the next,we expect heavy rain in the next,we expect heavy rain in the next
\voice\conditions\we_expect_heavy_rain_in_the_next,2.wav,we expect heavy rain in the next,we expect heavy rain in the next,we expect heavy rain in the next
\voice\conditions\we_expect_heavy_rain_in_the_next,3.wav,we expect heavy rain in the next,we expect heavy rain in the next,we expect heavy rain in the next
\voice\conditions\we_expect_heavy_rain_in_the_next,4.wav,we expect heavy rain in the next,we expect heavy rain in the next,we expect heavy rain in the next
\voice\conditions\we_expect_heavy_rain_in_the_next,5.wav,we expect heavy rain in the next,we expect heavy rain in the next,we expect heavy rain in the next
\voice\conditions\we_expect_light_rain_in_the_next,1.wav,we expect light rain in the next,we expect light rain in the next,we expect light rain in the next
\voice\conditions\we_expect_light_rain_in_the_next,2.wav,we expect light rain in the next,we expect light rain in the next,we expect light rain in the next
\voice\conditions\we_expect_light_rain_in_the_next,3.wav,we expect light rain in the next,we expect light rain in the next,we expect light rain in the next
\voice\conditions\we_expect_light_rain_in_the_next,4.wav,we expect light rain in the next,we expect light rain in the next,we expect light rain in the next
\voice\conditions\we_expect_light_rain_in_the_next,5.wav,we expect light rain in the next,we expect light rain in the next,we expect light rain in the next
\voice\conditions\we_expect_medium_rain_in_the_next,1.wav,we expect medium rain in the next,we expect medium rain in the next,we expect medium rain in the next
\voice\conditions\we_expect_medium_rain_in_the_next,2.wav,we expect medium rain in the next,we expect medium rain in the next,we expect medium rain in the next
\voice\conditions\we_expect_medium_rain_in_the_next,3.wav,we expect medium rain in the next,we expect medium rain in the next,we expect medium rain in the next
\voice\conditions\we_expect_rain_in_the_next,1.wav,we expect rain in the next,we expect rain in the next,we expect rain in the next
\voice\conditions\we_expect_rain_in_the_next,2.wav,we expect to see some rain in the next,we expect to see some rain in the next,we expect to see some rain in the next
\voice\conditions\we_expect_rain_in_the_next,3.wav,looks like it's gonna rain in the next,looks like it's gonna rain in the next,looks like it's gonna rain in the next
\voice\conditions\we_expect_rain_to_stop_in_the_next,1.wav,we expect the rain to stop in the next,we expect the rain to stop in the next,we expect the rain to stop in the next
\voice\conditions\we_expect_rain_to_stop_in_the_next,2.wav,we expect the rain to stop in the next,we expect the rain to stop in the next,we expect the rain to stop in the next
\voice\conditions\we_expect_rain_to_stop_in_the_next,3.wav,we expect the rain to stop in the next,we expect the rain to stop in the next,we expect the rain to stop in the next
\voice\conditions\we_expect_rain_to_stop_in_the_next,4.wav,we expect the rain to stop in the next,we expect the rain to stop in the next,we expect the rain to stop in the next
\voice\conditions\we_expect_rain_to_stop_in_the_next,5.wav,we expect the rain to stop in the next,we expect the rain to stop in the next,we expect the rain to stop in the next
\voice\conditions\we_expect_very_heavy_rain_in_the_next,1.wav,we expect very heavy rain in the next,we expect very heavy rain in the next,we expect very heavy rain in the next
\voice\conditions\we_expect_very_heavy_rain_in_the_next,2.wav,we expect very heavy rain in the next,we expect very heavy rain in the next,we expect very heavy rain in the next
\voice\conditions\we_expect_very_heavy_rain_in_the_next,3.wav,we expect very heavy rain in the next,we expect very heavy rain in the next,we expect very heavy rain in the next
\voice\conditions\we_expect_very_heavy_rain_in_the_next,4.wav,we expect very heavy rain in the next,we expect very heavy rain in the next,we expect very heavy rain in the next
\voice\conditions\we_expect_very_heavy_rain_in_the_next,5.wav,we expect very heavy rain in the next,we expect very heavy rain in the next,we expect very heavy rain in the next
\voice\damage_reporting\acknowledge_driver_is_ok,1.wav,"that's good to know, thanks, mate","that's good to know, thanks, mate","that's good to know, thanks, mate"
\voice\damage_reporting\acknowledge_driver_is_ok,2.wav,that's a relief,that's a relief,that's a relief
\voice\damage_reporting\acknowledge_driver_is_ok,3.wav,"okay, just sit tight, the team's on it's way","okay, just sit tight, the team's on it's way","okay, just sit tight, the team's on it's way"
\voice\damage_reporting\acknowledge_driver_is_ok,4.wav,"okay, mate, just sit tight, the medical team are coming","okay, mate, just sit tight, the medical team are coming","okay, mate, just sit tight, the medical team are coming"
\voice\damage_reporting\acknowledge_driver_is_ok,5.wav,"okay, mate, thanks for the update","okay, mate, thanks for the update","okay, mate, thanks for the update"
\voice\damage_reporting\acknowledge_driver_is_ok,6_op_prefix_ok.wav,"just sit tight, help's on the way","just sit tight, help's on the way","just sit tight, help's on the way"
\voice\damage_reporting\acknowledge_driver_is_ok,7_rq_prefix_ok.wav,thanks for the update,thanks for the update,thanks for the update
\voice\damage_reporting\acknowledge_driver_is_ok,8_rq_prefix_ok.wav,that's good to know,that's good to know,that's good to know
\voice\damage_reporting\acknowledge_driver_is_ok_no_speech,2.wav,"okay, mate, I think that radio's had it","okay, mate, I think that radio's had it","okay, mate, I think that radio's had it"
\voice\damage_reporting\acknowledge_driver_is_ok_no_speech,3.wav,"okay, I can't hear you, maybe the radio's gone","okay, I can't hear you, maybe the radio's gone","okay, I can't hear you, maybe the radio's gone"
\voice\damage_reporting\acknowledge_driver_is_ok_no_speech,4.wav,"can't hear anything, mate, think you've knackered the radio","can't hear anything, mate, think you've knackered the radio","can't hear anything, mate, think you've knackered the radio"
\voice\damage_reporting\acknowledge_driver_is_ok_no_speech,5.wav,"can't hear anything, think the radio's gone","can't hear anything, think the radio's gone","can't hear anything, think the radio's gone"
\voice\damage_reporting\acknowledge_driver_is_ok_no_speech,6.wav,"okay, mate, I think that radio's had it","okay, mate, I think that radio's had it","okay, mate, I think that radio's had it"
\voice\damage_reporting\acknowledge_driver_is_ok_no_speech,sweary_1.wav,I think the radio's fucked,I think the radio's fucked,I think the radio's fucked
\voice\damage_reporting\acknowledge_driver_is_ok_not_understood,1.wav,"okay, sounds like you're all right","okay, sounds like you're all right","okay, sounds like you're all right"
\voice\damage_reporting\acknowledge_driver_is_ok_not_understood,2.wav,"sounds like you're okay, thanks, mate","sounds like you're okay, thanks, mate","sounds like you're okay, thanks, mate"
\voice\damage_reporting\acknowledge_driver_is_ok_not_understood,3.wav,good to hear you're okay,good to hear you're okay,good to hear you're okay
\voice\damage_reporting\acknowledge_driver_is_ok_not_understood,4.wav,"didn't really catch that, but at least you're talking","didn't really catch that, but at least you're talking","didn't really catch that, but at least you're talking"
\voice\damage_reporting\acknowledge_driver_is_ok_not_understood,5.wav,"no idea what you just said, but at least it was something","no idea what you just said, but at least it was something","no idea what you just said, but at least it was something"
\voice\damage_reporting\acknowledge_driver_is_ok_not_understood,6.wav,"I assume that means you're okay, thanks, mate","I assume that means you're okay, thanks, mate","I assume that means you're okay, thanks, mate"
\voice\damage_reporting\are_you_ok_first_try,1.wav,"that looked bad, you okay?","that looked bad, you okay?","that looked bad, you okay?"
\voice\damage_reporting\are_you_ok_first_try,10_rq_suffix_please.wav,"that looked bad, can you confirm that you're all right?","that looked bad, can you confirm that you're all right?","that looked bad, can you confirm that you're all right?"
\voice\damage_reporting\are_you_ok_first_try,1_op_prefix_bad_luck.wav,"that looked bad, you okay?","that looked bad, you okay?","that looked bad, you okay?"
\voice\damage_reporting\are_you_ok_first_try,2.wav,"are you okay, mate?","are you okay, mate?","are you okay, mate?"
\voice\damage_reporting\are_you_ok_first_try,3.wav,"are you all right, that was a big one?","are you all right, that was a big one?","are you all right, that was a big one?"
\voice\damage_reporting\are_you_ok_first_try,4.wav,"that looked like a bad one, are you okay?","that looked like a bad one, are you okay?","that looked like a bad one, are you okay?"
\voice\damage_reporting\are_you_ok_first_try,5.wav,"are you all right, mate?","are you all right, mate?","are you all right, mate?"
\voice\damage_reporting\are_you_ok_first_try,6.wav,"that was a big one, are you okay?","that was a big one, are you okay?","that was a big one, are you okay?"
\voice\damage_reporting\are_you_ok_first_try,6_op_prefix_bad_luck.wav,"that was a big one, are you okay?","that was a big one, are you okay?","that was a big one, are you okay?"
\voice\damage_reporting\are_you_ok_first_try,9_rq_suffix_please.wav,can you confirm you're okay?,can you confirm you're okay?,can you confirm you're okay?
\voice\damage_reporting\are_you_ok_first_try,sweary_7.wav,"shit, mate, that was bad, are you okay?","shit, mate, that was bad, are you okay?","shit, mate, that was bad, are you okay?"
\voice\damage_reporting\are_you_ok_first_try,sweary_8.wav,"fucking hell, that looked like it hurt, are you all right?","fucking hell, that looked like it hurt, are you all right?","fucking hell, that looked like it hurt, are you all right?"
\voice\damage_reporting\are_you_ok_second_try,10.wav,"come on, don't do this, tell us you're okay","come on, don't do this, tell us you're okay","come on, don't do this, tell us you're okay"
\voice\damage_reporting\are_you_ok_second_try,1_rq_suffix_please.wav,are you okay? Answer me if you can,are you okay? Answer me if you can,are you okay? Answer me if you can
\voice\damage_reporting\are_you_ok_second_try,2_rq_suffix_please.wav,answer me if you can?,answer me if you can?,answer me if you can?
\voice\damage_reporting\are_you_ok_second_try,3.wav,"come on, are you okay?","come on, are you okay?","come on, are you okay?"
\voice\damage_reporting\are_you_ok_second_try,4.wav,"come on, respond, please","come on, respond, please","come on, respond, please"
\voice\damage_reporting\are_you_ok_second_try,5.wav,can you hear me? Respond please,can you hear me? Respond please,can you hear me? Respond please
\voice\damage_reporting\are_you_ok_second_try,6.wav,"can you respond, please, are you all right?","can you respond, please, are you all right?","can you respond, please, are you all right?"
\voice\damage_reporting\are_you_ok_second_try,7.wav,"come on, mate, are you okay? respond","come on, mate, are you okay? respond","come on, mate, are you okay? respond"
\voice\damage_reporting\are_you_ok_second_try,8.wav,"can you hear me, respond, please, are you okay?","can you hear me, respond, please, are you okay?","can you hear me, respond, please, are you okay?"
\voice\damage_reporting\are_you_ok_second_try,sweary_9.wav,"come on, we're all shitting ourselves here, tell us you're okay","come on, we're all shitting ourselves here, tell us you're okay","come on, we're all shitting ourselves here, tell us you're okay"
\voice\damage_reporting\are_you_ok_third_try,3.wav,"if you can hear me, help's on the way","if you can hear me, help's on the way","if you can hear me, help's on the way"
\voice\damage_reporting\are_you_ok_third_try,4.wav,"if you can hear me, help's coming","if you can hear me, help's coming","if you can hear me, help's coming"
\voice\damage_reporting\are_you_ok_third_try,5.wav,"you got us all really worried here, man","you got us all really worried here, man","you got us all really worried here, man"
\voice\damage_reporting\are_you_ok_third_try,6.wav,"there's a garage full of people turning blue, here","there's a garage full of people turning blue, here","there's a garage full of people turning blue, here"
\voice\damage_reporting\are_you_ok_third_try,sweary_1.wav,"shit, I hope it's just the radio that's knackered","shit, I hope it's just the radio that's knackered","shit, I hope it's just the radio that's knackered"
\voice\damage_reporting\are_you_ok_third_try,sweary_2.wav,"fucking hell, man, I hope you're okay","fucking hell, man, I hope you're okay","fucking hell, man, I hope you're okay"
\voice\damage_reporting\busted_brakes,1.wav,"there's nothing left of these brakes, mate, come back into the pit if you can","there's nothing left of these brakes, mate, come back into the pit if you can","there's nothing left of these brakes, mate, come back into the pit if you can"
\voice\damage_reporting\busted_brakes,2.wav,see if you can get it back to the pits and we can do what we can with these brakes,see if you can get it back to the pits and we can do what we can with these brakes,see if you can get it back to the pits and we can do what we can with these brakes
\voice\damage_reporting\busted_brakes,sweary_3.wav,"them brakes are fucked, mate","them brakes are fucked, mate","them brakes are fucked, mate"
\voice\damage_reporting\busted_engine,1.wav,"we've lost the engine, it's over","we've lost the engine, it's over","we've lost the engine, it's over"
\voice\damage_reporting\busted_engine,2_op_prefix_oh_dear.wav,"that engine's toast, mate, you're gonna have to wait for a tow","that engine's toast, mate, you're gonna have to wait for a tow","that engine's toast, mate, you're gonna have to wait for a tow"
\voice\damage_reporting\busted_engine,2_op_prefix_ok.wav,"that engine's toast, mate, you're gonna have to wait for a tow","that engine's toast, mate, you're gonna have to wait for a tow","that engine's toast, mate, you're gonna have to wait for a tow"
\voice\damage_reporting\busted_engine,sweary_3.wav,"ah shit, that engine's completely gone, no chance of fixing that, mate","ah shit, that engine's completely gone, no chance of fixing that, mate","ah shit, that engine's completely gone, no chance of fixing that, mate"
\voice\damage_reporting\busted_engine,sweary_4_op_prefix_ok.wav,"the engine's fucked, nicely done, mate","the engine's fucked, nicely done, mate","the engine's fucked, nicely done, mate"
\voice\damage_reporting\busted_suspension,1.wav,"we can't fix our suspension, mate, that's your day over","we can't fix our suspension, mate, that's your day over","we can't fix our suspension, mate, that's your day over"
\voice\damage_reporting\busted_suspension,2.wav,"your suspension's completely knackered, there's nothing we can do there","your suspension's completely knackered, there's nothing we can do there","your suspension's completely knackered, there's nothing we can do there"
\voice\damage_reporting\busted_suspension,2_op_prefix_oh_dear.wav,"your suspension's completely knackered, there's nothing we can do there","your suspension's completely knackered, there's nothing we can do there","your suspension's completely knackered, there's nothing we can do there"
\voice\damage_reporting\busted_suspension,2_prefix_oh_dear.wav,"your suspension's completely knackered, there's nothing we can do there","your suspension's completely knackered, there's nothing we can do there","your suspension's completely knackered, there's nothing we can do there"
\voice\damage_reporting\busted_suspension,sweary_3.wav,the suspension's boogered,the suspension's boogered,the suspension's boogered
\voice\damage_reporting\busted_transmission,1.wav,"transmission's completely screwed, that's our race done","transmission's completely screwed, that's our race done","transmission's completely screwed, that's our race done"
\voice\damage_reporting\busted_transmission,3.wav,"switch it off, mate, there's nothing left of the transmission, we're done here","switch it off, mate, there's nothing left of the transmission, we're done here","switch it off, mate, there's nothing left of the transmission, we're done here"
\voice\damage_reporting\busted_transmission,3_op_prefix_oh_dear.wav,"switch it off, mate, there's nothing left of the transmission, we're done here","switch it off, mate, there's nothing left of the transmission, we're done here","switch it off, mate, there's nothing left of the transmission, we're done here"
\voice\damage_reporting\busted_transmission,sweary_2.wav,"no chance of getting back to the pits with the transmission in that state, mate, you fucked it","no chance of getting back to the pits with the transmission in that state, mate, you fucked it","no chance of getting back to the pits with the transmission in that state, mate, you fucked it"
\voice\damage_reporting\left_front_puncture,1.wav,front left puncture,front left puncture,front left puncture
\voice\damage_reporting\left_front_puncture,2.wav,flat front left,flat front left,flat front left
\voice\damage_reporting\left_front_puncture,3.wav,front left puncture,front left puncture,front left puncture
\voice\damage_reporting\left_rear_puncture,1.wav,rear left puncture,rear left puncture,rear left puncture
\voice\damage_reporting\left_rear_puncture,2.wav,left rear puncture,left rear puncture,left rear puncture
\voice\damage_reporting\left_rear_puncture,3.wav,your left rear is punctured,your left rear is punctured,your left rear is punctured
\voice\damage_reporting\minor_aero_damage,10.wav,you picked up a little bit of bodywork damage,you picked up a little bit of bodywork damage,you picked up a little bit of bodywork damage
\voice\damage_reporting\minor_aero_damage,11.wav,we're seeing a little bit of aero damage,we're seeing a little bit of aero damage,we're seeing a little bit of aero damage
\voice\damage_reporting\minor_aero_damage,12.wav,looks like you got some minor bodywork damage,looks like you got some minor bodywork damage,looks like you got some minor bodywork damage
\voice\damage_reporting\minor_aero_damage,1_op_prefix_ok.wav,you picked up some minor aero damage,you picked up some minor aero damage,you picked up some minor aero damage
\voice\damage_reporting\minor_aero_damage,2_op_prefix_ok.wav,you picked up a big of aero damage,you picked up a big of aero damage,you picked up a big of aero damage
\voice\damage_reporting\minor_aero_damage,3_op_prefix_ok.wav,you've had a bit of bodywork damage there,you've had a bit of bodywork damage there,you've had a bit of bodywork damage there
\voice\damage_reporting\minor_aero_damage,4_op_prefix_ok.wav,"you had some minor aero damage, stay out, it's not that bad","you had some minor aero damage, stay out, it's not that bad","you had some minor aero damage, stay out, it's not that bad"
\voice\damage_reporting\minor_aero_damage,5.wav,"you've had a bit of bodywork damage, stay out, it's not too bad","you've had a bit of bodywork damage, stay out, it's not too bad","you've had a bit of bodywork damage, stay out, it's not too bad"
\voice\damage_reporting\minor_aero_damage,6.wav,you've got a little bit of bodywork damage there,you've got a little bit of bodywork damage there,you've got a little bit of bodywork damage there
\voice\damage_reporting\minor_aero_damage,7.wav,some minor aero damage,some minor aero damage,some minor aero damage
\voice\damage_reporting\minor_aero_damage,8.wav,we're seeing some minor aero damage,we're seeing some minor aero damage,we're seeing some minor aero damage
\voice\damage_reporting\minor_aero_damage,9.wav,we're seeing a little bit of bodywork damage there,we're seeing a little bit of bodywork damage there,we're seeing a little bit of bodywork damage there
\voice\damage_reporting\minor_aero_damage_general,10.wav,you've picked up a little bit of bodywork damage,you've picked up a little bit of bodywork damage,you've picked up a little bit of bodywork damage
\voice\damage_reporting\minor_aero_damage_general,11.wav,we're seeing a little bit of aero damage,we're seeing a little bit of aero damage,we're seeing a little bit of aero damage
\voice\damage_reporting\minor_aero_damage_general,12.wav,looks like you got some minor bodywork damage,looks like you got some minor bodywork damage,looks like you got some minor bodywork damage
\voice\damage_reporting\minor_aero_damage_general,1_op_prefix_ok.wav,you picked up some minor aero damage,you picked up some minor aero damage,you picked up some minor aero damage
\voice\damage_reporting\minor_aero_damage_general,2_op_prefix_ok.wav,you picked up a bit of aero damage,you picked up a bit of aero damage,you picked up a bit of aero damage
\voice\damage_reporting\minor_aero_damage_general,3_op_prefix_ok.wav,you've had a bit of bodywork damage there,you've had a bit of bodywork damage there,you've had a bit of bodywork damage there
\voice\damage_reporting\minor_aero_damage_general,6.wav,you've got a little bit of bodywork damage there,you've got a little bit of bodywork damage there,you've got a little bit of bodywork damage there
\voice\damage_reporting\minor_aero_damage_general,7.wav,some minor aero damage,some minor aero damage,some minor aero damage
\voice\damage_reporting\minor_aero_damage_general,8.wav,we're seeing some minor aero damage,we're seeing some minor aero damage,we're seeing some minor aero damage
\voice\damage_reporting\minor_aero_damage_general,9.wav,we're seeing a little bit of bodywork damage there,we're seeing a little bit of bodywork damage there,we're seeing a little bit of bodywork damage there
\voice\damage_reporting\minor_brake_damage,1.wav,you've got a bit of brake damage,you've got a bit of brake damage,you've got a bit of brake damage
\voice\damage_reporting\minor_brake_damage,2.wav,we're seeing some minor brake damage,we're seeing some minor brake damage,we're seeing some minor brake damage
\voice\damage_reporting\minor_brake_damage,3.wav,"there's something not right with those brakes, mate","there's something not right with those brakes, mate","there's something not right with those brakes, mate"
\voice\damage_reporting\minor_engine_damage,1.wav,"that engine doesn't sound right, mate, we'll keep an eye on it","that engine doesn't sound right, mate, we'll keep an eye on it","that engine doesn't sound right, mate, we'll keep an eye on it"
\voice\damage_reporting\minor_engine_damage,2.wav,"your engine's running a bit rough, mate","your engine's running a bit rough, mate","your engine's running a bit rough, mate"
\voice\damage_reporting\minor_engine_damage,3.wav,go easy on the engine or it's not gonna last the distance,go easy on the engine or it's not gonna last the distance,go easy on the engine or it's not gonna last the distance
\voice\damage_reporting\minor_suspension_damage,10.wav,you got a little bit of suspension damage,you got a little bit of suspension damage,you got a little bit of suspension damage
\voice\damage_reporting\minor_suspension_damage,1_op_prefix_ok.wav,"you've had a bit of suspension damage, it's probably all right","you've had a bit of suspension damage, it's probably all right","you've had a bit of suspension damage, it's probably all right"
\voice\damage_reporting\minor_suspension_damage,2_op_prefix_ok.wav,"you've had some suspension damage there, stay out","you've had some suspension damage there, stay out","you've had some suspension damage there, stay out"
\voice\damage_reporting\minor_suspension_damage,3_op_prefix_ok.wav,you've had a bit of suspension damage,you've had a bit of suspension damage,you've had a bit of suspension damage
\voice\damage_reporting\minor_suspension_damage,4.wav,there's some minor suspension damage,there's some minor suspension damage,there's some minor suspension damage
\voice\damage_reporting\minor_suspension_damage,5.wav,we're seeing some minor suspension damage,we're seeing some minor suspension damage,we're seeing some minor suspension damage
\voice\damage_reporting\minor_suspension_damage,6.wav,you've got a little bit of suspension damage,you've got a little bit of suspension damage,you've got a little bit of suspension damage
\voice\damage_reporting\minor_suspension_damage,7.wav,it looks like your suspension's a little bit off,it looks like your suspension's a little bit off,it looks like your suspension's a little bit off
\voice\damage_reporting\minor_suspension_damage,8.wav,we're seeing a little bit of suspension damage,we're seeing a little bit of suspension damage,we're seeing a little bit of suspension damage
\voice\damage_reporting\minor_suspension_damage,9.wav,you've got some minor suspension damage there,you've got some minor suspension damage there,you've got some minor suspension damage there
\voice\damage_reporting\minor_suspension_damage_general,10.wav,you got a little bit of suspension damage,you got a little bit of suspension damage,you got a little bit of suspension damage
\voice\damage_reporting\minor_suspension_damage_general,3_op_prefix_ok.wav,you've had a bit of suspension damage,you've had a bit of suspension damage,you've had a bit of suspension damage
\voice\damage_reporting\minor_suspension_damage_general,4.wav,there's some minor suspension damage,there's some minor suspension damage,there's some minor suspension damage
\voice\damage_reporting\minor_suspension_damage_general,5.wav,we're seeing some minor suspension damage,we're seeing some minor suspension damage,we're seeing some minor suspension damage
\voice\damage_reporting\minor_suspension_damage_general,6.wav,you've got a little bit of suspension damage,you've got a little bit of suspension damage,you've got a little bit of suspension damage
\voice\damage_reporting\minor_suspension_damage_general,7.wav,it looks like your suspension's a little bit off,it looks like your suspension's a little bit off,it looks like your suspension's a little bit off
\voice\damage_reporting\minor_suspension_damage_general,8.wav,we're seeing a little bit of suspension damage,we're seeing a little bit of suspension damage,we're seeing a little bit of suspension damage
\voice\damage_reporting\minor_suspension_damage_general,9.wav,you've got some minor suspension damage there,you've got some minor suspension damage there,you've got some minor suspension damage there
\voice\damage_reporting\minor_transmission_damage,1.wav,go easy on the transmission,go easy on the transmission,go easy on the transmission
\voice\damage_reporting\minor_transmission_damage,2.wav,"watch those downshifts, go easy on the transmission","watch those downshifts, go easy on the transmission","watch those downshifts, go easy on the transmission"
\voice\damage_reporting\minor_transmission_damage,3.wav,careful with those gearshifts or the transmission ain't gonna last the race,careful with those gearshifts or the transmission ain't gonna last the race,careful with those gearshifts or the transmission ain't gonna last the race
\voice\damage_reporting\missing_wheel,1.wav,"you're missing a wheel, mate, let's see if you can get it back to the pits","you're missing a wheel, mate, let's see if you can get it back to the pits","you're missing a wheel, mate, let's see if you can get it back to the pits"
\voice\damage_reporting\missing_wheel,2.wav,"you're missing a wheel, you might be able to limp back, but I don't know if we can sort it","you're missing a wheel, you might be able to limp back, but I don't know if we can sort it","you're missing a wheel, you might be able to limp back, but I don't know if we can sort it"
\voice\damage_reporting\missing_wheel,3.wav,"you've lost a wheel, it's not looking good, mate","you've lost a wheel, it's not looking good, mate","you've lost a wheel, it's not looking good, mate"
\voice\damage_reporting\no_aero_damage,1.wav,your bodywork looks good,your bodywork looks good,your bodywork looks good
\voice\damage_reporting\no_aero_damage,2.wav,your bodywork's fine,your bodywork's fine,your bodywork's fine
\voice\damage_reporting\no_aero_damage,3.wav,your bodywork's okay,your bodywork's okay,your bodywork's okay
\voice\damage_reporting\no_brake_damage,1.wav,your brakes look good from here,your brakes look good from here,your brakes look good from here
\voice\damage_reporting\no_brake_damage,2.wav,"your brakes are absolutely fine, mate","your brakes are absolutely fine, mate","your brakes are absolutely fine, mate"
\voice\damage_reporting\no_brake_damage,3.wav,your brakes are good,your brakes are good,your brakes are good
\voice\damage_reporting\no_damage,1.wav,"car looks fine, no significant damage","car looks fine, no significant damage","car looks fine, no significant damage"
\voice\damage_reporting\no_damage,2.wav,there's no significant damage,there's no significant damage,there's no significant damage
\voice\damage_reporting\no_damage,3.wav,"the car's looking good, no damage","the car's looking good, no damage","the car's looking good, no damage"
\voice\damage_reporting\no_engine_damage,1.wav,engine looks fine,engine looks fine,engine looks fine
\voice\damage_reporting\no_engine_damage,2.wav,"engine looks good, mate","engine looks good, mate","engine looks good, mate"
\voice\damage_reporting\no_engine_damage,3.wav,engine looks okay,engine looks okay,engine looks okay
\voice\damage_reporting\no_suspension_damage,1.wav,"your suspension looks fine, mate","your suspension looks fine, mate","your suspension looks fine, mate"
\voice\damage_reporting\no_suspension_damage,2.wav,your suspension's fine,your suspension's fine,your suspension's fine
\voice\damage_reporting\no_suspension_damage,3.wav,we're not seeing any suspension damage,we're not seeing any suspension damage,we're not seeing any suspension damage
\voice\damage_reporting\no_transmission_damage,1.wav,the transmission looks fine,the transmission looks fine,the transmission looks fine
\voice\damage_reporting\no_transmission_damage,2.wav,"the transmission looks fine, mate","the transmission looks fine, mate","the transmission looks fine, mate"
\voice\damage_reporting\no_transmission_damage,3.wav,the transmission's okay,the transmission's okay,the transmission's okay
\voice\damage_reporting\right_front_puncture,1.wav,right front puncture,right front puncture,right front puncture
\voice\damage_reporting\right_front_puncture,2.wav,your right front's punctured,your right front's punctured,your right front's punctured
\voice\damage_reporting\right_front_puncture,3.wav,right front puncture,right front puncture,right front puncture
\voice\damage_reporting\right_rear_puncture,1.wav,right rear puncture,right rear puncture,right rear puncture
\voice\damage_reporting\right_rear_puncture,2.wav,you got a right rear puncture,you got a right rear puncture,you got a right rear puncture
\voice\damage_reporting\right_rear_puncture,3.wav,your right rear's punctured,your right rear's punctured,your right rear's punctured
\voice\damage_reporting\rolling,1.wav,that looks painful,that looks painful,that looks painful
\voice\damage_reporting\rolling,2.wav,"unlucky mate, that looks painful","unlucky mate, that looks painful","unlucky mate, that looks painful"
\voice\damage_reporting\rolling,3.wav,it's quicker the other way up,it's quicker the other way up,it's quicker the other way up
\voice\damage_reporting\rolling,4.wav,"no, now you've gone upside-down there","no, now you've gone upside-down there","no, now you've gone upside-down there"
\voice\damage_reporting\rolling,5.wav,"that's not right, it should be the other way up, I'm sure","that's not right, it should be the other way up, I'm sure","that's not right, it should be the other way up, I'm sure"
\voice\damage_reporting\rolling,6.wav,try the other way up,try the other way up,try the other way up
\voice\damage_reporting\rolling,7.wav,"it goes quicker when it's on its wheels, mate","it goes quicker when it's on its wheels, mate","it goes quicker when it's on its wheels, mate"
\voice\damage_reporting\rolling,sweary_8.wav,"shit, that looked painful, how's your head","shit, that looked painful, how's your head","shit, that looked painful, how's your head"
\voice\damage_reporting\severe_aero_damage,1.wav,"the bodywork's in pretty bad shape, we might need to fix that","the bodywork's in pretty bad shape, we might need to fix that","the bodywork's in pretty bad shape, we might need to fix that"
\voice\damage_reporting\severe_aero_damage,2.wav,"you've had quite a lot of aero damage, you might need to come and get it fixed","you've had quite a lot of aero damage, you might need to come and get it fixed","you've had quite a lot of aero damage, you might need to come and get it fixed"
\voice\damage_reporting\severe_aero_damage,sweary_3.wav,"you've had a lot of aero damage there, mate, the bodywork looks pretty fucked","you've had a lot of aero damage there, mate, the bodywork looks pretty fucked","you've had a lot of aero damage there, mate, the bodywork looks pretty fucked"
\voice\damage_reporting\severe_brake_damage,1.wav,"we're gonna have to fix these brakes, come in","we're gonna have to fix these brakes, come in","we're gonna have to fix these brakes, come in"
\voice\damage_reporting\severe_brake_damage,2.wav,"your brakes are looking really bad, come in","your brakes are looking really bad, come in","your brakes are looking really bad, come in"
\voice\damage_reporting\severe_brake_damage,3.wav,"pit now, we need to fix these brakes","pit now, we need to fix these brakes","pit now, we need to fix these brakes"
\voice\damage_reporting\severe_engine_damage,1.wav,"the engine's on its last legs, mate, try and give it some breathing space","the engine's on its last legs, mate, try and give it some breathing space","the engine's on its last legs, mate, try and give it some breathing space"
\voice\damage_reporting\severe_engine_damage,2.wav,"the engine sounded absolutely terrible, just do what you can, mate","the engine sounded absolutely terrible, just do what you can, mate","the engine sounded absolutely terrible, just do what you can, mate"
\voice\damage_reporting\severe_engine_damage,3.wav,"that engine's in a bad way, just take it easy, let's see if we can get it to the finish","that engine's in a bad way, just take it easy, let's see if we can get it to the finish","that engine's in a bad way, just take it easy, let's see if we can get it to the finish"
\voice\damage_reporting\severe_suspension_damage,1.wav,you got some serious suspension damage there,you got some serious suspension damage there,you got some serious suspension damage there
\voice\damage_reporting\severe_suspension_damage,2.wav,"your suspension's looking pretty bad, mate","your suspension's looking pretty bad, mate","your suspension's looking pretty bad, mate"
\voice\damage_reporting\severe_suspension_damage,3.wav,"your suspension's gonna need sorting, you'll need to come in","your suspension's gonna need sorting, you'll need to come in","your suspension's gonna need sorting, you'll need to come in"
\voice\damage_reporting\severe_transmission_damage,1.wav,"your transmission's in a bad way, mate, you might not make it to the end","your transmission's in a bad way, mate, you might not make it to the end","your transmission's in a bad way, mate, you might not make it to the end"
\voice\damage_reporting\severe_transmission_damage,2.wav,"you made a right mess of this transmission, mate","you made a right mess of this transmission, mate","you made a right mess of this transmission, mate"
\voice\damage_reporting\severe_transmission_damage,3.wav,"your transmission looks fucked, I don't think you'll get to the end with that","your transmission looks fucked, I don't think you'll get to the end with that","your transmission looks fucked, I don't think you'll get to the end with that"
\voice\damage_reporting\stopped_upside_down,1.wav,"are you okay, mate?","are you okay, mate?","are you okay, mate?"
\voice\damage_reporting\stopped_upside_down,2.wav,are you okay?,are you okay?,are you okay?
\voice\damage_reporting\stopped_upside_down,3.wav,are you all right?,are you all right?,are you all right?
\voice\damage_reporting\stopped_upside_down,4.wav,are you okay?,are you okay?,are you okay?
\voice\damage_reporting\stopped_upside_down,5.wav,are you okay there?,are you okay there?,are you okay there?
\voice\damage_reporting\stopped_upside_down,6.wav,are you all right?,are you all right?,are you all right?
\voice\damage_reporting\stopped_upside_down,7.wav,"that looked bad, are you okay?","that looked bad, are you okay?","that looked bad, are you okay?"
\voice\damage_reporting\stopped_upside_down,8.wav,"that looked like a big one, are you all right?","that looked like a big one, are you all right?","that looked like a big one, are you all right?"
\voice\damage_reporting\stopped_upside_down,9.wav,"that looked pretty bad, are you okay?","that looked pretty bad, are you okay?","that looked pretty bad, are you okay?"
\voice\damage_reporting\trivial_aero_damage,1.wav,"it's just a scratch, ignore it","it's just a scratch, ignore it","it's just a scratch, ignore it"
\voice\damage_reporting\trivial_aero_damage,10.wav,"ignore that aero damage, it's nothing","ignore that aero damage, it's nothing","ignore that aero damage, it's nothing"
\voice\damage_reporting\trivial_aero_damage,11.wav,"tiny bit of aero damage, just ignore it","tiny bit of aero damage, just ignore it","tiny bit of aero damage, just ignore it"
\voice\damage_reporting\trivial_aero_damage,12.wav,"you got a tiny bit of bodywork damage there, just ignore it","you got a tiny bit of bodywork damage there, just ignore it","you got a tiny bit of bodywork damage there, just ignore it"
\voice\damage_reporting\trivial_aero_damage,2.wav,"it'll polish out, mate, forget about it","it'll polish out, mate, forget about it","it'll polish out, mate, forget about it"
\voice\damage_reporting\trivial_aero_damage,3.wav,"it's fine mate, it's just a scrape","it's fine mate, it's just a scrape","it's fine mate, it's just a scrape"
\voice\damage_reporting\trivial_aero_damage,4.wav,"that's barely a scratch, mate, just ignore it","that's barely a scratch, mate, just ignore it","that's barely a scratch, mate, just ignore it"
\voice\damage_reporting\trivial_aero_damage,5.wav,"that's barely a scratch, just ignore it","that's barely a scratch, just ignore it","that's barely a scratch, just ignore it"
\voice\damage_reporting\trivial_aero_damage,6.wav,"forget about that, it'll probably just polish out","forget about that, it'll probably just polish out","forget about that, it'll probably just polish out"
\voice\damage_reporting\trivial_aero_damage,7.wav,"tiny bit of aero damage, just ignore it","tiny bit of aero damage, just ignore it","tiny bit of aero damage, just ignore it"
\voice\damage_reporting\trivial_aero_damage,8.wav,"tiny bit of aero damage there, you probably won't even feel it","tiny bit of aero damage there, you probably won't even feel it","tiny bit of aero damage there, you probably won't even feel it"
\voice\damage_reporting\trivial_aero_damage,9.wav,"you've taken a tiny bit of bodywork damage, but you won't feel it","you've taken a tiny bit of bodywork damage, but you won't feel it","you've taken a tiny bit of bodywork damage, but you won't feel it"
\voice\damage_reporting\trivial_aero_damage_general,10.wav,"ignore that aero damage, it's nothing","ignore that aero damage, it's nothing","ignore that aero damage, it's nothing"
\voice\damage_reporting\trivial_aero_damage_general,11.wav,"tiny bit of aero damage, just ignore it","tiny bit of aero damage, just ignore it","tiny bit of aero damage, just ignore it"
\voice\damage_reporting\trivial_aero_damage_general,12.wav,"you got a tiny bit of bodywork damage there, just ignore it","you got a tiny bit of bodywork damage there, just ignore it","you got a tiny bit of bodywork damage there, just ignore it"
\voice\damage_reporting\trivial_aero_damage_general,7.wav,"tiny bit of aero damage, just ignore it","tiny bit of aero damage, just ignore it","tiny bit of aero damage, just ignore it"
\voice\damage_reporting\trivial_aero_damage_general,8.wav,"tiny bit of aero damage there, you probably won't even feel it","tiny bit of aero damage there, you probably won't even feel it","tiny bit of aero damage there, you probably won't even feel it"
\voice\damage_reporting\trivial_aero_damage_general,9.wav,"you've taken a tiny bit of bodywork damage, but you won't feel it","you've taken a tiny bit of bodywork damage, but you won't feel it","you've taken a tiny bit of bodywork damage, but you won't feel it"
\voice\opponents\ahead_is_pitting,1.wav,ahead is pitting,ahead is pitting,ahead is pitting
\voice\opponents\ahead_is_pitting,2.wav,ahead is pitting,ahead is pitting,ahead is pitting
\voice\opponents\ahead_is_pitting,3.wav,in front is pitting,in front is pitting,in front is pitting
\voice\opponents\behind_is_pitting,1.wav,behind is pitting,behind is pitting,behind is pitting
\voice\opponents\behind_is_pitting,2.wav,behind is pitting,behind is pitting,behind is pitting
\voice\opponents\behind_is_pitting,3.wav,behind is pitting no,behind is pitting no,behind is pitting no
\voice\opponents\cant_pronounce_name,1.wav,I don't know,I don't know,I don't know
\voice\opponents\cant_pronounce_name,2.wav,"I can't pronounce the name, mate","I can't pronounce the name, mate","I can't pronounce the name, mate"
\voice\opponents\cant_pronounce_name,3.wav,I really don't know,I really don't know,I really don't know
\voice\opponents\cant_pronounce_name,4.wav,I can't pronounce that,I can't pronounce that,I can't pronounce that
\voice\opponents\cant_pronounce_name,5.wav,I don't know his name,I don't know his name,I don't know his name
\voice\opponents\car_exiting_pits_be_careful,1.wav,"there's a car exiting the pits, be careful","there's a car exiting the pits, be careful","there's a car exiting the pits, be careful"
\voice\opponents\car_exiting_pits_be_careful,2.wav,"there's a car exiting the pits, take care","there's a car exiting the pits, take care","there's a car exiting the pits, take care"
\voice\opponents\car_exiting_pits_be_careful,3.wav,"there's a car leaving the pits, be careful","there's a car leaving the pits, be careful","there's a car leaving the pits, be careful"
\voice\opponents\car_number,1.wav,car number,car number,car number
\voice\opponents\car_number,2.wav,car number,car number,car number
\voice\opponents\car_number,3.wav,car number,car number,car number
\voice\opponents\car_number,4.wav,car number,car number,car number
\voice\opponents\has_just_been_disqualified,1.wav,has been disqualified,has been disqualified,has been disqualified
\voice\opponents\has_just_been_disqualified,2.wav,has just been disqualified,has just been disqualified,has just been disqualified
\voice\opponents\has_just_been_disqualified,3.wav,has been disqualified,has been disqualified,has been disqualified
\voice\opponents\has_just_been_disqualified,4.wav,has just been disqualified,has just been disqualified,has just been disqualified
\voice\opponents\has_just_retired,1.wav,has just retired,has just retired,has just retired
\voice\opponents\has_just_retired,2.wav,has now retired,has now retired,has now retired
\voice\opponents\has_just_retired,3.wav,has just retired from the race,has just retired from the race,has just retired from the race
\voice\opponents\has_just_retired,4.wav,has retired from the race,has retired from the race,has retired from the race
\voice\opponents\has_just_retired,5.wav,has retired,has retired,has retired
\voice\opponents\is_now_leading,1.wav,is now leading,is now leading,is now leading
\voice\opponents\is_now_leading,2.wav,is now in the lead,is now in the lead,is now in the lead
\voice\opponents\is_now_leading,3.wav,is leading the race,is leading the race,is leading the race
\voice\opponents\is_now_on,10.wav,is now on,is now on,is now on
\voice\opponents\is_now_on,11.wav,is now on,is now on,is now on
\voice\opponents\is_now_on,12.wav,is now on,is now on,is now on
\voice\opponents\is_pitting,1.wav,is pitting,is pitting,is pitting
\voice\opponents\is_pitting,2.wav,is pitting,is pitting,is pitting
\voice\opponents\is_pitting,3.wav,is pitting,is pitting,is pitting
\voice\opponents\new_fastest_lap_for,1.wav,that's a new fastest lap for,that's a new fastest lap for,that's a new fastest lap for
\voice\opponents\new_fastest_lap_for,2.wav,new fastest lap for,new fastest lap for,new fastest lap for
\voice\opponents\new_fastest_lap_for,3.wav,fastest lap for,fastest lap for,fastest lap for
\voice\opponents\next_car_is,10_male.wav,the guy in front is,the guy in front is,the guy in front is
\voice\opponents\next_car_is,11.wav,the car in front is,the car in front is,the car in front is
\voice\opponents\next_car_is,12.wav,the car in front of us is now,the car in front of us is now,the car in front of us is now
\voice\opponents\next_car_is,13.wav,the car in front is,the car in front is,the car in front is
\voice\opponents\next_car_is,14_male.wav,the guy in front is,the guy in front is,the guy in front is
\voice\opponents\next_car_is,15.wav,the car ahead is,the car ahead is,the car ahead is
\voice\opponents\next_car_is,16_male.wav,the guy ahead is,the guy ahead is,the guy ahead is
\voice\opponents\next_car_is,17.wav,the car in front of us is,the car in front of us is,the car in front of us is
\voice\opponents\next_car_is,1_male.wav,the guy in front is,the guy in front is,the guy in front is
\voice\opponents\next_car_is,2_op_prefix_ok.wav,the next car is,the next car is,the next car is
\voice\opponents\next_car_is,3_op_prefix_ok.wav,the next car is,the next car is,the next car is
\voice\opponents\next_car_is,4_op_prefix_ok.wav,the next car is,the next car is,the next car is
\voice\opponents\next_car_is,5.wav,the car ahead is,the car ahead is,the car ahead is
\voice\opponents\next_car_is,6_male.wav,"right, the guy ahead of us is","right, the guy ahead of us is","right, the guy ahead of us is"
\voice\opponents\next_car_is,7_male.wav,the guy in front is,the guy in front is,the guy in front is
\voice\opponents\next_car_is,8.wav,the driver in front of us is,the driver in front of us is,the driver in front of us is
\voice\opponents\next_car_is,9.wav,the car in front of us is,the car in front of us is,the car in front of us is
\voice\opponents\one_lap_ahead,1.wav,one lap ahead,one lap ahead,one lap ahead
\voice\opponents\one_lap_ahead,2.wav,one lap ahead,one lap ahead,one lap ahead
\voice\opponents\one_lap_ahead,3.wav,one lap in front,one lap in front,one lap in front
\voice\opponents\one_lap_behind,4.wav,one lap behind,one lap behind,one lap behind
\voice\opponents\one_lap_behind,5.wav,a lap behind,a lap behind,a lap behind
\voice\opponents\one_lap_behind,6.wav,one lap behind,one lap behind,one lap behind
\voice\opponents\rating_intro,1.wav,and their rating is,and their rating is,and their rating is
\voice\opponents\rating_intro,2.wav,and their rating is,and their rating is,and their rating is
\voice\opponents\rating_intro,3.wav,and their rating is,and their rating is,and their rating is
\voice\opponents\rating_intro,4.wav,and their rating is,and their rating is,and their rating is
\voice\opponents\reputation_intro,1.wav,their reputation is,their reputation is,their reputation is
\voice\opponents\reputation_intro,2.wav,their reputation is,their reputation is,their reputation is
\voice\opponents\reputation_intro,3.wav,their reputation is,their reputation is,their reputation is
\voice\opponents\reputation_intro,4.wav,their reputation is,their reputation is,their reputation is
\voice\opponents\slow_car_ahead,1.wav,you got a slow car ahead,you got a slow car ahead,you got a slow car ahead
\voice\opponents\slow_car_ahead,2.wav,there's a slow car ahead,there's a slow car ahead,there's a slow car ahead
\voice\opponents\slow_car_ahead,3.wav,you got a slow car ahead,you got a slow car ahead,you got a slow car ahead
\voice\opponents\the_car_ahead_has_just_done_a,1.wav,the car ahead has just done a,the car ahead has just done a,the car ahead has just done a
\voice\opponents\the_car_ahead_has_just_done_a,10.wav,the car in front has just done a,the car in front has just done a,the car in front has just done a
\voice\opponents\the_car_ahead_has_just_done_a,11.wav,the car ahead has just done a,the car ahead has just done a,the car ahead has just done a
\voice\opponents\the_car_ahead_has_just_done_a,12_male.wav,the guy in front has just done a,the guy in front has just done a,the guy in front has just done a
\voice\opponents\the_car_ahead_has_just_done_a,2_male.wav,the guy ahead has just done a,the guy ahead has just done a,the guy ahead has just done a
\voice\opponents\the_car_ahead_has_just_done_a,3_male.wav,the guy ahead has just done a,the guy ahead has just done a,the guy ahead has just done a
\voice\opponents\the_car_ahead_has_just_done_a,4.wav,the car in front has just posted a,the car in front has just posted a,the car in front has just posted a
\voice\opponents\the_car_ahead_has_just_done_a,5_male.wav,the guy ahead has just posted a,the guy ahead has just posted a,the guy ahead has just posted a
\voice\opponents\the_car_ahead_has_just_done_a,6_male.wav,the guy ahead's lap time is a,the guy ahead's lap time is a,the guy ahead's lap time is a
\voice\opponents\the_car_ahead_has_just_done_a,7_male.wav,the guy ahead's last lap time is a,the guy ahead's last lap time is a,the guy ahead's last lap time is a
\voice\opponents\the_car_ahead_has_just_done_a,8.wav,the car in front's lap time is a,the car in front's lap time is a,the car in front's lap time is a
\voice\opponents\the_car_ahead_has_just_done_a,9_male.wav,the guy in front has just done a,the guy in front has just done a,the guy in front has just done a
\voice\opponents\the_car_ahead_is_now_on,4.wav,the car ahead is now on,the car ahead is now on,the car ahead is now on
\voice\opponents\the_car_ahead_is_now_on,5.wav,the car ahead is on,the car ahead is on,the car ahead is on
\voice\opponents\the_car_ahead_is_now_on,6.wav,the car ahead's now on,the car ahead's now on,the car ahead's now on
\voice\opponents\the_car_ahead_is_pitting,1.wav,the car ahead's pitting,the car ahead's pitting,the car ahead's pitting
\voice\opponents\the_car_ahead_is_pitting,2.wav,the car in front is pitting,the car in front is pitting,the car in front is pitting
\voice\opponents\the_car_ahead_is_pitting,3.wav,the car ahead's pitting now,the car ahead's pitting now,the car ahead's pitting now
\voice\opponents\the_car_behind_has_just_done_a,1.wav,the guy behind has just done a,the guy behind has just done a,the guy behind has just done a
\voice\opponents\the_car_behind_has_just_done_a,2.wav,the guy behind has just done a,the guy behind has just done a,the guy behind has just done a
\voice\opponents\the_car_behind_has_just_done_a,3.wav,the guy behind has just done a,the guy behind has just done a,the guy behind has just done a
\voice\opponents\the_car_behind_is_now_on,7.wav,the car behind is now on,the car behind is now on,the car behind is now on
\voice\opponents\the_car_behind_is_now_on,8.wav,the car behind is now on,the car behind is now on,the car behind is now on
\voice\opponents\the_car_behind_is_now_on,9.wav,the car behind is on,the car behind is on,the car behind is on
\voice\opponents\the_car_behind_is_pitting,1.wav,the car behind is pitting,the car behind is pitting,the car behind is pitting
\voice\opponents\the_car_behind_is_pitting,2.wav,the car behind's pitting now,the car behind's pitting now,the car behind's pitting now
\voice\opponents\the_car_behind_is_pitting,3.wav,the car behind's pitting,the car behind's pitting,the car behind's pitting
\voice\opponents\the_leader,1.wav,the leader,the leader,the leader
\voice\opponents\the_leader,2.wav,the leader,the leader,the leader
\voice\opponents\the_leader,3.wav,the leader,the leader,the leader
\voice\opponents\the_leader_has_just_done_a,1.wav,the leader has just done a,the leader has just done a,the leader has just done a
\voice\opponents\the_leader_has_just_done_a,2.wav,the leader has just done a,the leader has just done a,the leader has just done a
\voice\opponents\the_leader_has_just_done_a,3.wav,the leader has just done a,the leader has just done a,the leader has just done a
\voice\opponents\the_leader_is_now_on,1.wav,the leader is now on,the leader is now on,the leader is now on
\voice\opponents\the_leader_is_now_on,2.wav,the leader is now on,the leader is now on,the leader is now on
\voice\opponents\the_leader_is_now_on,3.wav,the leader is now on,the leader is now on,the leader is now on
\voice\opponents\the_leader_is_pitting,1.wav,the leader's pitting now,the leader's pitting now,the leader's pitting now
\voice\opponents\the_leader_is_pitting,2.wav,the leader is pitting now,the leader is pitting now,the leader is pitting now
\voice\opponents\the_leader_is_pitting,3.wav,lead car's pitting,lead car's pitting,lead car's pitting
\voice\opponents\we_are,1.wav,we are,we are,we are
\voice\opponents\we_are,2.wav,we are,we are,we are
\voice\opponents\we_are,3.wav,that's us,that's us,that's us
\voice\penalties\blue_move_now_or_be_penalized,1.wav,"blue flag, move over or we will be penalized","blue flag, move over or we will be penalized","blue flag, move over or we will be penalized"
\voice\penalties\blue_move_now_or_be_penalized,2.wav,"let this guy through, or we're gonna get penalized","let this guy through, or we're gonna get penalized","let this guy through, or we're gonna get penalized"
\voice\penalties\blue_move_now_or_be_penalized,3.wav,"blue flag, let him go or we'll be penalized","blue flag, let him go or we'll be penalized","blue flag, let him go or we'll be penalized"
\voice\penalties\blue_move_now_or_be_penalized,4.wav,"blue flag, let him go or we'll get a penalty","blue flag, let him go or we'll get a penalty","blue flag, let him go or we'll get a penalty"
\voice\penalties\blue_move_now_or_be_penalized,5.wav,"blue flag, move now or we'll be penalized","blue flag, move now or we'll be penalized","blue flag, move now or we'll be penalized"
\voice\penalties\blue_move_now_or_be_penalized,6.wav,"blue flag, you've got to let this guy through or they'll give us a penalty","blue flag, you've got to let this guy through or they'll give us a penalty","blue flag, you've got to let this guy through or they'll give us a penalty"
\voice\penalties\blue_move_now_or_be_penalized,7.wav,"let this guy through or we'll be penalized, blue flag","let this guy through or we'll be penalized, blue flag","let this guy through or we'll be penalized, blue flag"
\voice\penalties\blue_move_now_or_be_penalized,8.wav,"blue flag, let him go or we'll get a penalty","blue flag, let him go or we'll get a penalty","blue flag, let him go or we'll get a penalty"
\voice\penalties\car_to_car_collision,1.wav,take care please,take care please,take care please
\voice\penalties\car_to_car_collision,2.wav,be careful,be careful,be careful
\voice\penalties\car_to_car_collision,3.wav,be careful,be careful,be careful
\voice\penalties\car_to_car_collision,4.wav,"come on, be careful","come on, be careful","come on, be careful"
\voice\penalties\car_to_car_collision,5.wav,be careful,be careful,be careful
\voice\penalties\car_to_car_collision,6.wav,"come on, wake up","come on, wake up","come on, wake up"
\voice\penalties\car_to_car_collision,7.wav,"come on, wake up","come on, wake up","come on, wake up"
\voice\penalties\car_to_car_collision,8.wav,be careful please,be careful please,be careful please
\voice\penalties\cut_track_in_prac_or_qual,1.wav,watch those track limits,watch those track limits,watch those track limits
\voice\penalties\cut_track_in_prac_or_qual,10.wav,"track limits, this lap will be deleted","track limits, this lap will be deleted","track limits, this lap will be deleted"
\voice\penalties\cut_track_in_prac_or_qual,11.wav,"watch those track limits, they'll delete this lap","watch those track limits, they'll delete this lap","watch those track limits, they'll delete this lap"
\voice\penalties\cut_track_in_prac_or_qual,12.wav,"this lap won't count, you've cut the track","this lap won't count, you've cut the track","this lap won't count, you've cut the track"
\voice\penalties\cut_track_in_prac_or_qual,13.wav,"the stewards have warned us for cutting the track, they'll delete this lap","the stewards have warned us for cutting the track, they'll delete this lap","the stewards have warned us for cutting the track, they'll delete this lap"
\voice\penalties\cut_track_in_prac_or_qual,14.wav,"this lap will be deleted, watch the track limits","this lap will be deleted, watch the track limits","this lap will be deleted, watch the track limits"
\voice\penalties\cut_track_in_prac_or_qual,15_op_prefix_oh_dear.wav,"come on, keep it between the lines, they'll delete this lap","come on, keep it between the lines, they'll delete this lap","come on, keep it between the lines, they'll delete this lap"
\voice\penalties\cut_track_in_prac_or_qual,16.wav,"come on, keep it between the white lines, this lap won't count","come on, keep it between the white lines, this lap won't count","come on, keep it between the white lines, this lap won't count"
\voice\penalties\cut_track_in_prac_or_qual,17.wav,"this lap won't count, watch those track limits","this lap won't count, watch those track limits","this lap won't count, watch those track limits"
\voice\penalties\cut_track_in_prac_or_qual,18.wav,"this lap will be deleted, watch the track limits","this lap will be deleted, watch the track limits","this lap will be deleted, watch the track limits"
\voice\penalties\cut_track_in_prac_or_qual,19_op_prefix_oh_dear.wav,"come on, man, watch them track limits, this lap won't count","come on, man, watch them track limits, this lap won't count","come on, man, watch them track limits, this lap won't count"
\voice\penalties\cut_track_in_prac_or_qual,2.wav,keep it between the white lines,keep it between the white lines,keep it between the white lines
\voice\penalties\cut_track_in_prac_or_qual,20.wav,"track limits, this lap will be deleted","track limits, this lap will be deleted","track limits, this lap will be deleted"
\voice\penalties\cut_track_in_prac_or_qual,21.wav,"they'll delete this lap, you've cut the track","they'll delete this lap, you've cut the track","they'll delete this lap, you've cut the track"
\voice\penalties\cut_track_in_prac_or_qual,22.wav,"track limits, the lap won't count","track limits, the lap won't count","track limits, the lap won't count"
\voice\penalties\cut_track_in_prac_or_qual,23.wav,"come on, watch those track limits, this lap will be deleted","come on, watch those track limits, this lap will be deleted","come on, watch those track limits, this lap will be deleted"
\voice\penalties\cut_track_in_prac_or_qual,24.wav,"this lap will be invalidated, watch the track limits","this lap will be invalidated, watch the track limits","this lap will be invalidated, watch the track limits"
\voice\penalties\cut_track_in_prac_or_qual,3.wav,you've gone outside of track limits there,you've gone outside of track limits there,you've gone outside of track limits there
\voice\penalties\cut_track_in_prac_or_qual,4.wav,watch those track limits,watch those track limits,watch those track limits
\voice\penalties\cut_track_in_prac_or_qual,5.wav,"track limits, come on, keep it between the white lines","track limits, come on, keep it between the white lines","track limits, come on, keep it between the white lines"
\voice\penalties\cut_track_in_prac_or_qual,6.wav,"track limits, they'll invalidate this lap","track limits, they'll invalidate this lap","track limits, they'll invalidate this lap"
\voice\penalties\cut_track_in_prac_or_qual,7.wav,"track limits, come on, this lap won't count","track limits, come on, this lap won't count","track limits, come on, this lap won't count"
\voice\penalties\cut_track_in_prac_or_qual,8.wav,"this lap won't count, track limits","this lap won't count, track limits","this lap won't count, track limits"
\voice\penalties\cut_track_in_prac_or_qual,9_op_prefix_oh_dear.wav,"track limits, come on, this lap will be deleted","track limits, come on, this lap will be deleted","track limits, come on, this lap will be deleted"
\voice\penalties\cut_track_in_prac_or_qual_next_invalid,1_op__prefix_oh_dear.wav,"track limits, come on, concentrate, they're gonna delete the next lap, too","track limits, come on, concentrate, they're gonna delete the next lap, too","track limits, come on, concentrate, they're gonna delete the next lap, too"
\voice\penalties\cut_track_in_prac_or_qual_next_invalid,2.wav,"track limits, they'll delete this lap and the next one","track limits, they'll delete this lap and the next one","track limits, they'll delete this lap and the next one"
\voice\penalties\cut_track_in_prac_or_qual_next_invalid,3.wav,"you've cut the track, they're gonna delete the lap and they'll delete the next one, too","you've cut the track, they're gonna delete the lap and they'll delete the next one, too","you've cut the track, they're gonna delete the lap and they'll delete the next one, too"
\voice\penalties\cut_track_in_prac_or_qual_next_invalid,4_op_prefix_bad_luck.wav,"you've gone out of track limits, they'll delete this lap and the one after it","you've gone out of track limits, they'll delete this lap and the one after it","you've gone out of track limits, they'll delete this lap and the one after it"
\voice\penalties\cut_track_in_prac_or_qual_next_invalid,5.wav,"track limits, come on, they're gonna delete this lap and they'll delete the next one, too","track limits, come on, they're gonna delete this lap and they'll delete the next one, too","track limits, come on, they're gonna delete this lap and they'll delete the next one, too"
\voice\penalties\cut_track_in_prac_or_qual_next_invalid,6.wav,"come on, concentrate, keep it between the white lines, you've lost this lap and the next one","come on, concentrate, keep it between the white lines, you've lost this lap and the next one","come on, concentrate, keep it between the white lines, you've lost this lap and the next one"
\voice\penalties\cut_track_in_prac_or_qual_next_invalid,7.wav,"track limits, they'll delete the next lap as well as this one","track limits, they'll delete the next lap as well as this one","track limits, they'll delete the next lap as well as this one"
\voice\penalties\cut_track_in_prac_or_qual_next_invalid,8.wav,"keep it between the white lines, they'll delete the lap and they'll delete the next one, too","keep it between the white lines, they'll delete the lap and they'll delete the next one, too","keep it between the white lines, they'll delete the lap and they'll delete the next one, too"
\voice\penalties\cut_track_in_race,1.wav,"the stewards have warned us for cutting the track, keep it between the white lines","the stewards have warned us for cutting the track, keep it between the white lines","the stewards have warned us for cutting the track, keep it between the white lines"
\voice\penalties\cut_track_in_race,10.wav,watch those track limits or we'll get a penalty,watch those track limits or we'll get a penalty,watch those track limits or we'll get a penalty
\voice\penalties\cut_track_in_race,11.wav,"the stewards have warned us about track limits, keep it between the lines","the stewards have warned us about track limits, keep it between the lines","the stewards have warned us about track limits, keep it between the lines"
\voice\penalties\cut_track_in_race,12_op_prefix_oh_dear.wav,"come on, track limits","come on, track limits","come on, track limits"
\voice\penalties\cut_track_in_race,13_op_prefix_oh_dear.wav,"track limits, come on","track limits, come on","track limits, come on"
\voice\penalties\cut_track_in_race,14.wav,"keep it between the lines, track limits","keep it between the lines, track limits","keep it between the lines, track limits"
\voice\penalties\cut_track_in_race,15.wav,"watch those track limits, we don't want a penalty","watch those track limits, we don't want a penalty","watch those track limits, we don't want a penalty"
\voice\penalties\cut_track_in_race,16.wav,we've been warned about track limits,we've been warned about track limits,we've been warned about track limits
\voice\penalties\cut_track_in_race,17.wav,"you've gone outside track limits, come on, keep it between the lines","you've gone outside track limits, come on, keep it between the lines","you've gone outside track limits, come on, keep it between the lines"
\voice\penalties\cut_track_in_race,18.wav,watch the track limits,watch the track limits,watch the track limits
\voice\penalties\cut_track_in_race,19.wav,we've been warned about track limits,we've been warned about track limits,we've been warned about track limits
\voice\penalties\cut_track_in_race,2.wav,keep it between the white lines or we'll get a penalty,keep it between the white lines or we'll get a penalty,keep it between the white lines or we'll get a penalty
\voice\penalties\cut_track_in_race,20.wav,"watch the track limits, we'll get a penalty if we don't","watch the track limits, we'll get a penalty if we don't","watch the track limits, we'll get a penalty if we don't"
\voice\penalties\cut_track_in_race,21.wav,keep it within the track limits,keep it within the track limits,keep it within the track limits
\voice\penalties\cut_track_in_race,22.wav,the stewards have warned us about track limits,the stewards have warned us about track limits,the stewards have warned us about track limits
\voice\penalties\cut_track_in_race,23.wav,watch those track limits,watch those track limits,watch those track limits
\voice\penalties\cut_track_in_race,3.wav,we just had a warning for cutting the track,we just had a warning for cutting the track,we just had a warning for cutting the track
\voice\penalties\cut_track_in_race,4.wav,watch those track limits,watch those track limits,watch those track limits
\voice\penalties\cut_track_in_race,5.wav,"track limits, come on, keep it between the white lines","track limits, come on, keep it between the white lines","track limits, come on, keep it between the white lines"
\voice\penalties\cut_track_in_race,6_op_prefix_oh_dear.wav,"track limits, come on","track limits, come on","track limits, come on"
\voice\penalties\cut_track_in_race,7.wav,"come on, track limits","come on, track limits","come on, track limits"
\voice\penalties\cut_track_in_race,8.wav,we've been warned about track limits,we've been warned about track limits,we've been warned about track limits
\voice\penalties\cut_track_in_race,9.wav,"come on, track limits, keep it between the lines","come on, track limits, keep it between the lines","come on, track limits, keep it between the lines"
\voice\penalties\cut_track_prac_or_qual_1,1.wav,"they'll invalidate this lap, track limits","they'll invalidate this lap, track limits","they'll invalidate this lap, track limits"
\voice\penalties\cut_track_prac_or_qual_1,10.wav,"track limits, this lap will be deleted","track limits, this lap will be deleted","track limits, this lap will be deleted"
\voice\penalties\cut_track_prac_or_qual_1,12.wav,"this lap won't count, you cut the track","this lap won't count, you cut the track","this lap won't count, you cut the track"
\voice\penalties\cut_track_prac_or_qual_1,1_rq_suffix_please.wav,mind these track limits,mind these track limits,mind these track limits
\voice\penalties\cut_track_prac_or_qual_1,2.wav,"track limits, this lap will be deleted","track limits, this lap will be deleted","track limits, this lap will be deleted"
\voice\penalties\cut_track_prac_or_qual_1,20.wav,"track limits, this lap will be deleted","track limits, this lap will be deleted","track limits, this lap will be deleted"
\voice\penalties\cut_track_prac_or_qual_1,21.wav,"they'll delete this lap, you've cut the track","they'll delete this lap, you've cut the track","they'll delete this lap, you've cut the track"
\voice\penalties\cut_track_prac_or_qual_1,24.wav,"this lap will be invalidated, watch the track limits","this lap will be invalidated, watch the track limits","this lap will be invalidated, watch the track limits"
\voice\penalties\cut_track_prac_or_qual_1,2_op_prefix_ok.wav,we need to watch the track limits,we need to watch the track limits,we need to watch the track limits
\voice\penalties\cut_track_prac_or_qual_1,3.wav,"they'll delete this lap, track limits","they'll delete this lap, track limits","they'll delete this lap, track limits"
\voice\penalties\cut_track_prac_or_qual_1,3_op_prefix_ok.wav,we need to watch these track limits,we need to watch these track limits,we need to watch these track limits
\voice\penalties\cut_track_prac_or_qual_1,4.wav,you're outside of track limits there,you're outside of track limits there,you're outside of track limits there
\voice\penalties\cut_track_prac_or_qual_1,4_rq_suffix_please.wav,watch the track limits,watch the track limits,watch the track limits
\voice\penalties\cut_track_prac_or_qual_1,5.wav,"track limits, keep it between the lines","track limits, keep it between the lines","track limits, keep it between the lines"
\voice\penalties\cut_track_prac_or_qual_1,6.wav,track limits,track limits,track limits
\voice\penalties\cut_track_prac_or_qual_1,7.wav,"track limits, they'll invalidate this lap","track limits, they'll invalidate this lap","track limits, they'll invalidate this lap"
\voice\penalties\cut_track_prac_or_qual_1,8.wav,you've gone outside of track limits there,you've gone outside of track limits there,you've gone outside of track limits there
\voice\penalties\cut_track_prac_or_qual_2,1.wav,"that's another cut, this lap will be deleted","that's another cut, this lap will be deleted","that's another cut, this lap will be deleted"
\voice\penalties\cut_track_prac_or_qual_2,13.wav,"the stewards have warned us for cutting the track, they'll delete this lap","the stewards have warned us for cutting the track, they'll delete this lap","the stewards have warned us for cutting the track, they'll delete this lap"
\voice\penalties\cut_track_prac_or_qual_2,14.wav,"this lap will be deleted, watch the track limits","this lap will be deleted, watch the track limits","this lap will be deleted, watch the track limits"
\voice\penalties\cut_track_prac_or_qual_2,17.wav,"this lap won't count, watch those track limits","this lap won't count, watch those track limits","this lap won't count, watch those track limits"
\voice\penalties\cut_track_prac_or_qual_2,1_op_prefix_ok.wav,"that's another cut, track limits","that's another cut, track limits","that's another cut, track limits"
\voice\penalties\cut_track_prac_or_qual_2,2.wav,"track limits, they'll delete this lap","track limits, they'll delete this lap","track limits, they'll delete this lap"
\voice\penalties\cut_track_prac_or_qual_2,22.wav,"track limits, the lap won't count","track limits, the lap won't count","track limits, the lap won't count"
\voice\penalties\cut_track_prac_or_qual_2,2_rq_suffix_please.wav,watch these track limits,watch these track limits,watch these track limits
\voice\penalties\cut_track_prac_or_qual_2,3.wav,"come on, track limits, that's another cut","come on, track limits, that's another cut","come on, track limits, that's another cut"
\voice\penalties\cut_track_prac_or_qual_2,3_op_suffix_please.wav,stay within the track limits,stay within the track limits,stay within the track limits
\voice\penalties\cut_track_prac_or_qual_2,4.wav,"you've gone out of track limits again, they'll delete this lap","you've gone out of track limits again, they'll delete this lap","you've gone out of track limits again, they'll delete this lap"
\voice\penalties\cut_track_prac_or_qual_2,4_op_suffix_please.wav,"they'll delete this lap, stay within the track limits","they'll delete this lap, stay within the track limits","they'll delete this lap, stay within the track limits"
\voice\penalties\cut_track_prac_or_qual_2,5.wav,keep it between the white lines,keep it between the white lines,keep it between the white lines
\voice\penalties\cut_track_prac_or_qual_2,6.wav,watch those track limits,watch those track limits,watch those track limits
\voice\penalties\cut_track_prac_or_qual_2,8.wav,"this lap won't count, track limits","this lap won't count, track limits","this lap won't count, track limits"
\voice\penalties\cut_track_prac_or_qual_3,11.wav,"watch those track limits, they'll delete this lap","watch those track limits, they'll delete this lap","watch those track limits, they'll delete this lap"
\voice\penalties\cut_track_prac_or_qual_3,16.wav,"come on, keep it between the white lines, this lap won't count","come on, keep it between the white lines, this lap won't count","come on, keep it between the white lines, this lap won't count"
\voice\penalties\cut_track_prac_or_qual_3,18.wav,"this lap will be deleted, watch those track limits","this lap will be deleted, watch those track limits","this lap will be deleted, watch those track limits"
\voice\penalties\cut_track_prac_or_qual_3,1_op_prefix_bad_luck.wav,"that's another deleted lap, track limits","that's another deleted lap, track limits","that's another deleted lap, track limits"
\voice\penalties\cut_track_prac_or_qual_3,23.wav,"come on, watch those track limits, this lap will be deleted","come on, watch those track limits, this lap will be deleted","come on, watch those track limits, this lap will be deleted"
\voice\penalties\cut_track_prac_or_qual_3,2_op_prefix_bad_luck.wav,we've got to pay attention to the track limits,we've got to pay attention to the track limits,we've got to pay attention to the track limits
\voice\penalties\cut_track_prac_or_qual_3,3_op_prefix_oh_dear.wav,"track limits, come on","track limits, come on","track limits, come on"
\voice\penalties\cut_track_prac_or_qual_3,4.wav,watch those track limits,watch those track limits,watch those track limits
\voice\penalties\cut_track_prac_or_qual_3,4_op_prefix_oh_dear.wav,"you keep cutting, come on, track limits","you keep cutting, come on, track limits","you keep cutting, come on, track limits"
\voice\penalties\cut_track_prac_or_qual_3,5.wav,"track limits, come on, keep it between the white lines","track limits, come on, keep it between the white lines","track limits, come on, keep it between the white lines"
\voice\penalties\cut_track_prac_or_qual_3,7.wav,"track limits, come on, this lap won't count","track limits, come on, this lap won't count","track limits, come on, this lap won't count"
\voice\penalties\cut_track_prac_or_qual_3,sweary_1.wav,just watch these fucking track limits,just watch these fucking track limits,just watch these fucking track limits
\voice\penalties\cut_track_prac_or_qual_3,sweary_2.wav,"ah shit, man, that's another lap deleted, track limits","ah shit, man, that's another lap deleted, track limits","ah shit, man, that's another lap deleted, track limits"
\voice\penalties\cut_track_prac_or_qual_3,sweary_3.wav,"come on, watch these fucking track limits","come on, watch these fucking track limits","come on, watch these fucking track limits"
\voice\penalties\cut_track_prac_or_qual_3,sweary_4.wav,"come on, track limits, you're starting to take the piss now","come on, track limits, you're starting to take the piss now","come on, track limits, you're starting to take the piss now"
\voice\penalties\cut_track_prac_or_qual_4,1.wav,"come on, at least try and keep it on the track","come on, at least try and keep it on the track","come on, at least try and keep it on the track"
\voice\penalties\cut_track_prac_or_qual_4,15_op_prefix_oh_dear.wav,"come on, keep it between the lines, they'll delete this lap","come on, keep it between the lines, they'll delete this lap","come on, keep it between the lines, they'll delete this lap"
\voice\penalties\cut_track_prac_or_qual_4,19_op_prefix_oh_dear.wav,"come on, man, watch them track limits, this lap won't count","come on, man, watch them track limits, this lap won't count","come on, man, watch them track limits, this lap won't count"
\voice\penalties\cut_track_prac_or_qual_4,1_op_prefix_oh_dear.wav,"lap deleted, this is getting silly","lap deleted, this is getting silly","lap deleted, this is getting silly"
\voice\penalties\cut_track_prac_or_qual_4,2.wav,"another lap deleted, pay attention","another lap deleted, pay attention","another lap deleted, pay attention"
\voice\penalties\cut_track_prac_or_qual_4,2_op_prefix_oh_dear.wav,"track limits, what the hell's wrong with you","track limits, what the hell's wrong with you","track limits, what the hell's wrong with you"
\voice\penalties\cut_track_prac_or_qual_4,3.wav,"track limits, again","track limits, again","track limits, again"
\voice\penalties\cut_track_prac_or_qual_4,3_op_prefix_oh_dear.wav,"track limits, come on, concentrate","track limits, come on, concentrate","track limits, come on, concentrate"
\voice\penalties\cut_track_prac_or_qual_4,4.wav,"come on, you're still cutting, track limits","come on, you're still cutting, track limits","come on, you're still cutting, track limits"
\voice\penalties\cut_track_prac_or_qual_4,9_op_prefix_oh_dear.wav,"track limits, come on, this lap will be deleted","track limits, come on, this lap will be deleted","track limits, come on, this lap will be deleted"
\voice\penalties\cut_track_prac_or_qual_4,sweary_5.wav,"come on, track limits, you're taking the absolute piss now","come on, track limits, you're taking the absolute piss now","come on, track limits, you're taking the absolute piss now"
\voice\penalties\cut_track_prac_or_qual_4,sweary_6.wav,"come on, this is bollocks, stop cutting","come on, this is bollocks, stop cutting","come on, this is bollocks, stop cutting"
\voice\penalties\cut_track_prac_or_qual_4,sweary_7.wav,stop fucking cutting,stop fucking cutting,stop fucking cutting
\voice\penalties\cut_track_prac_or_qual_4,sweary_8.wav,"bloody hell, man, track limits, come on","bloody hell, man, track limits, come on","bloody hell, man, track limits, come on"
\voice\penalties\cut_track_race_1,1.wav,"the stewards have warned us for cutting the track, keep it between the white lines","the stewards have warned us for cutting the track, keep it between the white lines","the stewards have warned us for cutting the track, keep it between the white lines"
\voice\penalties\cut_track_race_1,10.wav,"track limits, watch those lines","track limits, watch those lines","track limits, watch those lines"
\voice\penalties\cut_track_race_1,11.wav,"the stewards have warned us about track limits, keep it between the lines","the stewards have warned us about track limits, keep it between the lines","the stewards have warned us about track limits, keep it between the lines"
\voice\penalties\cut_track_race_1,16.wav,we've been warned about track limits,we've been warned about track limits,we've been warned about track limits
\voice\penalties\cut_track_race_1,19.wav,we've been warned about track limits,we've been warned about track limits,we've been warned about track limits
\voice\penalties\cut_track_race_1,1_op_prefix_ok.wav,"we've gone out of track limits, keep it between the white lines","we've gone out of track limits, keep it between the white lines","we've gone out of track limits, keep it between the white lines"
\voice\penalties\cut_track_race_1,1_rq_suffix_please.wav,"we've had a cut warning, keep it tidy","we've had a cut warning, keep it tidy","we've had a cut warning, keep it tidy"
\voice\penalties\cut_track_race_1,21.wav,keep it within the track limits,keep it within the track limits,keep it within the track limits
\voice\penalties\cut_track_race_1,2_op_prefix_ok.wav,we've just cut the track,we've just cut the track,we've just cut the track
\voice\penalties\cut_track_race_1,2_op_suffix_please.wav,"you cut the track, keep it nice and tidy","you cut the track, keep it nice and tidy","you cut the track, keep it nice and tidy"
\voice\penalties\cut_track_race_1,3.wav,we just had a warning for cutting the track,we just had a warning for cutting the track,we just had a warning for cutting the track
\voice\penalties\cut_track_race_1,3_rq_suffix_please.wav,stay between the lines,stay between the lines,stay between the lines
\voice\penalties\cut_track_race_1,4.wav,track limits,track limits,track limits
\voice\penalties\cut_track_race_1,4_rq_suffix_please.wav,pay attention to track limits,pay attention to track limits,pay attention to track limits
\voice\penalties\cut_track_race_2,1.wav,you gotta watch these track limits,you gotta watch these track limits,you gotta watch these track limits
\voice\penalties\cut_track_race_2,10.wav,watch those track limits or we'll get a penalty,watch those track limits or we'll get a penalty,watch those track limits or we'll get a penalty
\voice\penalties\cut_track_race_2,14.wav,"keep it between the lines, track limits","keep it between the lines, track limits","keep it between the lines, track limits"
\voice\penalties\cut_track_race_2,15.wav,"watch those track limits, we don't want a penalty","watch those track limits, we don't want a penalty","watch those track limits, we don't want a penalty"
\voice\penalties\cut_track_race_2,17.wav,"you've gone outside track limits, come on, keep it between the lines","you've gone outside track limits, come on, keep it between the lines","you've gone outside track limits, come on, keep it between the lines"
\voice\penalties\cut_track_race_2,2.wav,keep it between the white lines or we'll get a penalty,keep it between the white lines or we'll get a penalty,keep it between the white lines or we'll get a penalty
\voice\penalties\cut_track_race_2,20.wav,"watch the track limits, we'll get a penalty if we don't","watch the track limits, we'll get a penalty if we don't","watch the track limits, we'll get a penalty if we don't"
\voice\penalties\cut_track_race_2,22.wav,the stewards have warned us about track limits,the stewards have warned us about track limits,the stewards have warned us about track limits
\voice\penalties\cut_track_race_2,2_rq_suffix_please.wav,"come on, watch these track limits","come on, watch these track limits","come on, watch these track limits"
\voice\penalties\cut_track_race_2,3_op_prefix_ok.wav,"watch the track limits, please","watch the track limits, please","watch the track limits, please"
\voice\penalties\cut_track_race_2,4.wav,"come on, track limits","come on, track limits","come on, track limits"
\voice\penalties\cut_track_race_2,5.wav,watch those track limits,watch those track limits,watch those track limits
\voice\penalties\cut_track_race_2,8.wav,we've been warned about track limits,we've been warned about track limits,we've been warned about track limits
\voice\penalties\cut_track_race_2,9.wav,"come on, track limits, keep it between the lines","come on, track limits, keep it between the lines","come on, track limits, keep it between the lines"
\voice\penalties\cut_track_race_3,1.wav,you've really gotta pay attention to these track limits,you've really gotta pay attention to these track limits,you've really gotta pay attention to these track limits
\voice\penalties\cut_track_race_3,10.wav,"track limits, come on, keep it between the white lines","track limits, come on, keep it between the white lines","track limits, come on, keep it between the white lines"
\voice\penalties\cut_track_race_3,11.wav,"come on, track limits","come on, track limits","come on, track limits"
\voice\penalties\cut_track_race_3,12_op_prefix_oh_dear.wav,"come on, track limits","come on, track limits","come on, track limits"
\voice\penalties\cut_track_race_3,18.wav,watch the track limits,watch the track limits,watch the track limits
\voice\penalties\cut_track_race_3,1_op_prefix_ok.wav,"we're still cutting, get on top of it, please","we're still cutting, get on top of it, please","we're still cutting, get on top of it, please"
\voice\penalties\cut_track_race_3,2.wav,"come on, stop cutting","come on, stop cutting","come on, stop cutting"
\voice\penalties\cut_track_race_3,23.wav,watch those track limits,watch those track limits,watch those track limits
\voice\penalties\cut_track_race_3,2_op_suffix_please.wav,stop this persistent cutting,stop this persistent cutting,stop this persistent cutting
\voice\penalties\cut_track_race_3,3.wav,"track limits, please, we don't want a penalty","track limits, please, we don't want a penalty","track limits, please, we don't want a penalty"
\voice\penalties\cut_track_race_3,3_rq_suffix_please.wav,pay more attention to track limits,pay more attention to track limits,pay more attention to track limits
\voice\penalties\cut_track_race_3,4.wav,"you've cut the track again, concentrate","you've cut the track again, concentrate","you've cut the track again, concentrate"
\voice\penalties\cut_track_race_3,4_op_prefix_oh_dear.wav,start taking these track limits seriously,start taking these track limits seriously,start taking these track limits seriously
\voice\penalties\cut_track_race_3,5.wav,"come on, get it together, you keep cutting","come on, get it together, you keep cutting","come on, get it together, you keep cutting"
\voice\penalties\cut_track_race_3,5_op_prefix_oh_dear.wav,if you don't stop cutting we will get a penalty,if you don't stop cutting we will get a penalty,if you don't stop cutting we will get a penalty
\voice\penalties\cut_track_race_3,6.wav,"track limits, again","track limits, again","track limits, again"
\voice\penalties\cut_track_race_3,6_op_prefix_oh_dear.wav,please watch the track limits,please watch the track limits,please watch the track limits
\voice\penalties\cut_track_race_3,7.wav,"the stewards have warned us again, track limits","the stewards have warned us again, track limits","the stewards have warned us again, track limits"
\voice\penalties\cut_track_race_3,8.wav,we've had another warning about track limits,we've had another warning about track limits,we've had another warning about track limits
\voice\penalties\cut_track_race_3,9.wav,we've had another track limits warning,we've had another track limits warning,we've had another track limits warning
\voice\penalties\cut_track_race_3,sweary_1.wav,"come on I'm sick of telling you, watch the bloody track limits","come on I'm sick of telling you, watch the bloody track limits","come on I'm sick of telling you, watch the bloody track limits"
\voice\penalties\cut_track_race_3,sweary_2.wav,"you've cut again, stop taking the piss","you've cut again, stop taking the piss","you've cut again, stop taking the piss"
\voice\penalties\cut_track_race_3,sweary_3.wav,"shit, man, that's another cut, come on, track limits","shit, man, that's another cut, come on, track limits","shit, man, that's another cut, come on, track limits"
\voice\penalties\cut_track_race_4,1.wav,can you even see the track? stop cutting,can you even see the track? stop cutting,can you even see the track? stop cutting
\voice\penalties\cut_track_race_4,13_op_prefix_oh_dear.wav,"track limits, come on","track limits, come on","track limits, come on"
\voice\penalties\cut_track_race_4,1_op_prefix_oh_dear.wav,are you even trying to keep it on the track,are you even trying to keep it on the track,are you even trying to keep it on the track
\voice\penalties\cut_track_race_4,2_op_suffix_please.wav,start respecting the track limits,start respecting the track limits,start respecting the track limits
\voice\penalties\cut_track_race_4,3.wav,"track limits again, come on","track limits again, come on","track limits again, come on"
\voice\penalties\cut_track_race_4,3_op_suffix_please.wav,pay some attention to the track limits,pay some attention to the track limits,pay some attention to the track limits
\voice\penalties\cut_track_race_4,4.wav,"that's another cut, come on, pay attention","that's another cut, come on, pay attention","that's another cut, come on, pay attention"
\voice\penalties\cut_track_race_4,6_op_prefix_oh_dear.wav,"track limits, come on","track limits, come on","track limits, come on"
\voice\penalties\cut_track_race_4,sweary_1.wav,track fucking limits,track fucking limits,track fucking limits
\voice\penalties\cut_track_race_4,sweary_2.wav,"track limits, for fuck's sake, come on, track limits","track limits, for fuck's sake, come on, track limits","track limits, for fuck's sake, come on, track limits"
\voice\penalties\cut_track_race_4,sweary_3.wav,"shit, I'm sick of saying this, track limits","shit, I'm sick of saying this, track limits","shit, I'm sick of saying this, track limits"
\voice\penalties\cut_track_race_4,sweary_4.wav,"come on, track limits, they're there for a reason, stop taking the piss","come on, track limits, they're there for a reason, stop taking the piss","come on, track limits, they're there for a reason, stop taking the piss"
\voice\penalties\disqualified_driving_without_headlights,1.wav,we've been disqualified for driving in the dark without headlights,we've been disqualified for driving in the dark without headlights,we've been disqualified for driving in the dark without headlights
\voice\penalties\disqualified_driving_without_headlights,2.wav,we've just been disqualified for driving in the dark without headlights,we've just been disqualified for driving in the dark without headlights,we've just been disqualified for driving in the dark without headlights
\voice\penalties\disqualified_driving_without_headlights,3.wav,"we've been driving in the dark without headlights, we've been disqualified","we've been driving in the dark without headlights, we've been disqualified","we've been driving in the dark without headlights, we've been disqualified"
\voice\penalties\disqualified_driving_without_headlights,4.wav,"just been disqualified, you've been driving without headlights","just been disqualified, you've been driving without headlights","just been disqualified, you've been driving without headlights"
\voice\penalties\disqualified_driving_without_headlights,5.wav,we've been disqualified for driving in the dark without headlights,we've been disqualified for driving in the dark without headlights,we've been disqualified for driving in the dark without headlights
\voice\penalties\disqualified_exceeded_allowed_lap_count,1.wav,we've been disqualified for exceeding the maximum number of laps allowed,we've been disqualified for exceeding the maximum number of laps allowed,we've been disqualified for exceeding the maximum number of laps allowed
\voice\penalties\disqualified_exceeded_allowed_lap_count,2.wav,"we've exceeded our allotted laps, we've been disqualified","we've exceeded our allotted laps, we've been disqualified","we've exceeded our allotted laps, we've been disqualified"
\voice\penalties\disqualified_exceeded_allowed_lap_count,3.wav,"we've done more laps than we're allowed here, we've been disqualified","we've done more laps than we're allowed here, we've been disqualified","we've done more laps than we're allowed here, we've been disqualified"
\voice\penalties\disqualified_exceeded_allowed_lap_count,4.wav,"you've exceeded your allotted laps, you've been disqualified","you've exceeded your allotted laps, you've been disqualified","you've exceeded your allotted laps, you've been disqualified"
\voice\penalties\disqualified_exceeded_allowed_lap_count,5.wav,you've been disqualified for exceeding the number of qualification laps allowed,you've been disqualified for exceeding the number of qualification laps allowed,you've been disqualified for exceeding the number of qualification laps allowed
\voice\penalties\disqualified_ignored_drive_through,1.wav,we've just been disqualified for ignoring the drive-through,we've just been disqualified for ignoring the drive-through,we've just been disqualified for ignoring the drive-through
\voice\penalties\disqualified_ignored_drive_through,2.wav,"you've ignored your drive-through penalty, they've just disqualified you","you've ignored your drive-through penalty, they've just disqualified you","you've ignored your drive-through penalty, they've just disqualified you"
\voice\penalties\disqualified_ignored_drive_through,3.wav,"okay, mate, we've been disqualified for ignoring a drive-through","okay, mate, we've been disqualified for ignoring a drive-through","okay, mate, we've been disqualified for ignoring a drive-through"
\voice\penalties\disqualified_ignored_drive_through,4.wav,we've just been disqualified for ignoring a drive-through penalty,we've just been disqualified for ignoring a drive-through penalty,we've just been disqualified for ignoring a drive-through penalty
\voice\penalties\disqualified_ignored_drive_through,5.wav,"they've just disqualified us, we've ignored a drive-through penalty","they've just disqualified us, we've ignored a drive-through penalty","they've just disqualified us, we've ignored a drive-through penalty"
\voice\penalties\disqualified_ignored_stop_and_go,1.wav,we've been disqualified for ignoring a stop-and-go penalty,we've been disqualified for ignoring a stop-and-go penalty,we've been disqualified for ignoring a stop-and-go penalty
\voice\penalties\disqualified_ignored_stop_and_go,2.wav,"ah, we're disqualified, mate, we ignored a stop-and-go penalty","ah, we're disqualified, mate, we ignored a stop-and-go penalty","ah, we're disqualified, mate, we ignored a stop-and-go penalty"
\voice\penalties\disqualified_ignored_stop_and_go,3.wav,"you've just been disqualified, you've ignored your stop-and-go penalty","you've just been disqualified, you've ignored your stop-and-go penalty","you've just been disqualified, you've ignored your stop-and-go penalty"
\voice\penalties\disqualified_ignored_stop_and_go,4.wav,we've been disqualified for ignoring a stop-and-go penalty,we've been disqualified for ignoring a stop-and-go penalty,we've been disqualified for ignoring a stop-and-go penalty
\voice\penalties\disqualified_ignored_stop_and_go,5.wav,"they've just disqualified us, we've ignored a stop-and-go penalty","they've just disqualified us, we've ignored a stop-and-go penalty","they've just disqualified us, we've ignored a stop-and-go penalty"
\voice\penalties\drive_through_cutting_track,1.wav,we've just had a drive-through for cutting the track,we've just had a drive-through for cutting the track,we've just had a drive-through for cutting the track
\voice\penalties\drive_through_cutting_track,2.wav,we've just had a drive-through penalty for cutting the track,we've just had a drive-through penalty for cutting the track,we've just had a drive-through penalty for cutting the track
\voice\penalties\drive_through_cutting_track,3.wav,we've just had a drive-through penalty for cutting the track,we've just had a drive-through penalty for cutting the track,we've just had a drive-through penalty for cutting the track
\voice\penalties\drive_through_cutting_track,4.wav,we've had a drive-through penalty for track limits violations,we've had a drive-through penalty for track limits violations,we've had a drive-through penalty for track limits violations
\voice\penalties\drive_through_cutting_track,5.wav,we've had a drive-through penalty for cutting the track,we've had a drive-through penalty for cutting the track,we've had a drive-through penalty for cutting the track
\voice\penalties\drive_through_cutting_track,6.wav,we've had a drive-through for cutting the track,we've had a drive-through for cutting the track,we've had a drive-through for cutting the track
\voice\penalties\drive_through_cutting_track,7.wav,we've had a drive-through penalty for cutting the track,we've had a drive-through penalty for cutting the track,we've had a drive-through penalty for cutting the track
\voice\penalties\drive_through_cutting_track,8.wav,we've had a drive-through penalty for cutting the track,we've had a drive-through penalty for cutting the track,we've had a drive-through penalty for cutting the track
\voice\penalties\drive_through_cutting_track,9.wav,we've had a drive-through for track limits violations,we've had a drive-through for track limits violations,we've had a drive-through for track limits violations
\voice\penalties\drive_through_exceeding_single_stint_time,1.wav,we've had a drive-through penalty for exceeding the maximum driver stint time,we've had a drive-through penalty for exceeding the maximum driver stint time,we've had a drive-through penalty for exceeding the maximum driver stint time
\voice\penalties\drive_through_exceeding_single_stint_time,2.wav,"we've exceeding the maximum driver stint time, you've got a drive-through penalty","we've exceeding the maximum driver stint time, you've got a drive-through penalty","we've exceeding the maximum driver stint time, you've got a drive-through penalty"
\voice\penalties\drive_through_exceeding_single_stint_time,3.wav,"we've had a drive-through penalty, you've exceeded the maximum driver stint time","we've had a drive-through penalty, you've exceeded the maximum driver stint time","we've had a drive-through penalty, you've exceeded the maximum driver stint time"
\voice\penalties\drive_through_exceeding_single_stint_time,4.wav,"you've exceeding the driver stint time, you got a drive-through penalty","you've exceeding the driver stint time, you got a drive-through penalty","you've exceeding the driver stint time, you got a drive-through penalty"
\voice\penalties\drive_through_false_start,1.wav,we've just had a drive-through for a false-start,we've just had a drive-through for a false-start,we've just had a drive-through for a false-start
\voice\penalties\drive_through_false_start,2.wav,we've just had a drive-through for jumping the start,we've just had a drive-through for jumping the start,we've just had a drive-through for jumping the start
\voice\penalties\drive_through_false_start,3.wav,we've got a drive-through for a false start,we've got a drive-through for a false start,we've got a drive-through for a false start
\voice\penalties\drive_through_false_start,4.wav,we've had a drive-through penalty for a false-start,we've had a drive-through penalty for a false-start,we've had a drive-through penalty for a false-start
\voice\penalties\drive_through_false_start,5.wav,drive-through penalty for a false-start,drive-through penalty for a false-start,drive-through penalty for a false-start
\voice\penalties\drive_through_false_start,6.wav,we've been given a drive-through penalty for a false-start,we've been given a drive-through penalty for a false-start,we've been given a drive-through penalty for a false-start
\voice\penalties\drive_through_false_start,7.wav,we've had a drive-through penalty for a false-start,we've had a drive-through penalty for a false-start,we've had a drive-through penalty for a false-start
\voice\penalties\drive_through_false_start,8.wav,we've had a drive-through for a false-start,we've had a drive-through for a false-start,we've had a drive-through for a false-start
\voice\penalties\drive_through_ignored_blue,1.wav,we've had a drive-through for ignoring blue flags,we've had a drive-through for ignoring blue flags,we've had a drive-through for ignoring blue flags
\voice\penalties\drive_through_ignored_blue,2.wav,we've just had a drive-through for ignoring blue flags,we've just had a drive-through for ignoring blue flags,we've just had a drive-through for ignoring blue flags
\voice\penalties\drive_through_ignored_blue,3.wav,we've had a drive-through for ignoring the blue flags,we've had a drive-through for ignoring the blue flags,we've had a drive-through for ignoring the blue flags
\voice\penalties\drive_through_ignored_blue,4.wav,we've just had a drive-through for ignoring blue flags,we've just had a drive-through for ignoring blue flags,we've just had a drive-through for ignoring blue flags
\voice\penalties\drive_through_overtaking_on_formation_lap,1.wav,we just had a drive-through for passing on the formation lap,we just had a drive-through for passing on the formation lap,we just had a drive-through for passing on the formation lap
\voice\penalties\drive_through_overtaking_on_formation_lap,2.wav,we've just had a drive-through penalty for passing on the formation lap,we've just had a drive-through penalty for passing on the formation lap,we've just had a drive-through penalty for passing on the formation lap
\voice\penalties\drive_through_overtaking_on_formation_lap,3.wav,we just had a drive-through for overtaking on the formation lap,we just had a drive-through for overtaking on the formation lap,we just had a drive-through for overtaking on the formation lap
\voice\penalties\drive_through_overtaking_under_safety_car,1.wav,we've just had a drive-through for passing under the safety car,we've just had a drive-through for passing under the safety car,we've just had a drive-through for passing under the safety car
\voice\penalties\drive_through_overtaking_under_safety_car,2.wav,we've just had a drive-through penalty for passing under the safety car,we've just had a drive-through penalty for passing under the safety car,we've just had a drive-through penalty for passing under the safety car
\voice\penalties\drive_through_overtaking_under_safety_car,3.wav,we've just had a drive-through for passing under the safety car,we've just had a drive-through for passing under the safety car,we've just had a drive-through for passing under the safety car
\voice\penalties\drive_through_overtaking_under_yellow,1.wav,we've just had a drive-through penalty for passing under yellow,we've just had a drive-through penalty for passing under yellow,we've just had a drive-through penalty for passing under yellow
\voice\penalties\drive_through_overtaking_under_yellow,2.wav,we've just had a drive-through for passing under yellow,we've just had a drive-through for passing under yellow,we've just had a drive-through for passing under yellow
\voice\penalties\drive_through_overtaking_under_yellow,3.wav,we've just had a drive-through for overtaking under yellow,we've just had a drive-through for overtaking under yellow,we've just had a drive-through for overtaking under yellow
\voice\penalties\drive_through_speeding_in_pit_lane,1.wav,we've just been given a drive-through for speeding in the pit lane,we've just been given a drive-through for speeding in the pit lane,we've just been given a drive-through for speeding in the pit lane
\voice\penalties\drive_through_speeding_in_pit_lane,2.wav,we just had a drive-through for speeding in the pit lane,we just had a drive-through for speeding in the pit lane,we just had a drive-through for speeding in the pit lane
\voice\penalties\drive_through_speeding_in_pit_lane,3.wav,we've just had a drive-through penalty for speeding in the pit lane,we've just had a drive-through penalty for speeding in the pit lane,we've just had a drive-through penalty for speeding in the pit lane
\voice\penalties\lap_deleted,1.wav,"you've just gone outside of track limits, this lap will be deleted","you've just gone outside of track limits, this lap will be deleted","you've just gone outside of track limits, this lap will be deleted"
\voice\penalties\lap_deleted,2.wav,"this lap won't count, you've cut the track","this lap won't count, you've cut the track","this lap won't count, you've cut the track"
\voice\penalties\lap_deleted,2_op_prefix_bad_luck.wav,"this lap won't count, you've cut the track","this lap won't count, you've cut the track","this lap won't count, you've cut the track"
\voice\penalties\lap_deleted,2_op_prefix_oh_dear.wav,"you've cut the track, they'll delete the lap","you've cut the track, they'll delete the lap","you've cut the track, they'll delete the lap"
\voice\penalties\lap_deleted,3.wav,"this lap's been invalidated, watch those track limits","this lap's been invalidated, watch those track limits","this lap's been invalidated, watch those track limits"
\voice\penalties\lap_deleted,3_op_prefix_bad_luck.wav,"this lap's been invalidated, watch those track limits","this lap's been invalidated, watch those track limits","this lap's been invalidated, watch those track limits"
\voice\penalties\lap_deleted,4.wav,"keep it between the white lines, this lap's been invalidated","keep it between the white lines, this lap's been invalidated","keep it between the white lines, this lap's been invalidated"
\voice\penalties\lap_deleted,4_op_prefix_oh_dear.wav,"they'll delete this lap, you cut the track","they'll delete this lap, you cut the track","they'll delete this lap, you cut the track"
\voice\penalties\lap_deleted,5.wav,"come on, track limits, this lap won't count","come on, track limits, this lap won't count","come on, track limits, this lap won't count"
\voice\penalties\lap_deleted,6.wav,"this lap won't count, you're cutting the track","this lap won't count, you're cutting the track","this lap won't count, you're cutting the track"
\voice\penalties\meatball_flag,1.wav,we've been called into the pits for repairs,we've been called into the pits for repairs,we've been called into the pits for repairs
\voice\penalties\meatball_flag,10.wav,"meatball flag, we'll need to come into the pits for repairs","meatball flag, we'll need to come into the pits for repairs","meatball flag, we'll need to come into the pits for repairs"
\voice\penalties\meatball_flag,2.wav,the stewards have called us into the pits for repairs,the stewards have called us into the pits for repairs,the stewards have called us into the pits for repairs
\voice\penalties\meatball_flag,3.wav,we've been called into the pits by the stewards for repairs,we've been called into the pits by the stewards for repairs,we've been called into the pits by the stewards for repairs
\voice\penalties\meatball_flag,4.wav,"we'll need to pit for repairs, we've been called in by the stewards","we'll need to pit for repairs, we've been called in by the stewards","we'll need to pit for repairs, we've been called in by the stewards"
\voice\penalties\meatball_flag,6.wav,"meatball flag, we'll need to come into the pits for repairs","meatball flag, we'll need to come into the pits for repairs","meatball flag, we'll need to come into the pits for repairs"
\voice\penalties\meatball_flag,7.wav,"meatball flag, we'll need to come into the pits for repairs","meatball flag, we'll need to come into the pits for repairs","meatball flag, we'll need to come into the pits for repairs"
\voice\penalties\meatball_flag,8.wav,"meatball flag, we'll need to come into the pits for repairs","meatball flag, we'll need to come into the pits for repairs","meatball flag, we'll need to come into the pits for repairs"
\voice\penalties\meatball_flag,9.wav,"meatball flag, we'll need to come into the pits for repairs","meatball flag, we'll need to come into the pits for repairs","meatball flag, we'll need to come into the pits for repairs"
\voice\penalties\new_penalty_black_flag,1.wav,"black flag, we'll need to come into the pits to serve the penalty","black flag, we'll need to come into the pits to serve the penalty","black flag, we'll need to come into the pits to serve the penalty"
\voice\penalties\new_penalty_black_flag,2.wav,"black flag, we'll need to come into the pits to serve the penalty","black flag, we'll need to come into the pits to serve the penalty","black flag, we'll need to come into the pits to serve the penalty"
\voice\penalties\new_penalty_black_flag,3.wav,"black flag, we'll need to come into the pits to serve the penalty","black flag, we'll need to come into the pits to serve the penalty","black flag, we'll need to come into the pits to serve the penalty"
\voice\penalties\new_penalty_black_flag,4.wav,"black flag, we'll need to come into the pits to serve the penalty","black flag, we'll need to come into the pits to serve the penalty","black flag, we'll need to come into the pits to serve the penalty"
\voice\penalties\new_penalty_black_flag,5.wav,"black flag, we'll need to come into the pits to serve the penalty","black flag, we'll need to come into the pits to serve the penalty","black flag, we'll need to come into the pits to serve the penalty"
\voice\penalties\new_penalty_drivethrough,1.wav,we've just been handed a drive-through penalty,we've just been handed a drive-through penalty,we've just been handed a drive-through penalty
\voice\penalties\new_penalty_drivethrough,2.wav,we've just had a drive-through penalty,we've just had a drive-through penalty,we've just had a drive-through penalty
\voice\penalties\new_penalty_drivethrough,3.wav,we've just been given a drive-through,we've just been given a drive-through,we've just been given a drive-through
\voice\penalties\new_penalty_drivethrough,sweary_4.wav,"aw shit, we've just been given a drive-through","aw shit, we've just been given a drive-through","aw shit, we've just been given a drive-through"
\voice\penalties\new_penalty_drivethrough,sweary_5.wav,"cock, just had a drive-through","cock, just had a drive-through","cock, just had a drive-through"
\voice\penalties\new_penalty_slowdown,1.wav,we need to slow down and give back some time,we need to slow down and give back some time,we need to slow down and give back some time
\voice\penalties\new_penalty_slowdown,2.wav,you'll need to slow down if you don't want a penalty,you'll need to slow down if you don't want a penalty,you'll need to slow down if you don't want a penalty
\voice\penalties\new_penalty_slowdown,3.wav,you'll need to give back the time gained,you'll need to give back the time gained,you'll need to give back the time gained
\voice\penalties\new_penalty_slowdown,4.wav,you'll need to slow down to give back the time gained,you'll need to slow down to give back the time gained,you'll need to slow down to give back the time gained
\voice\penalties\new_penalty_slowdown,5.wav,you'll need to slow down a bit if you don't want a penalty,you'll need to slow down a bit if you don't want a penalty,you'll need to slow down a bit if you don't want a penalty
\voice\penalties\new_penalty_stopgo,1.wav,we've just been handed a stop-go penalty,we've just been handed a stop-go penalty,we've just been handed a stop-go penalty
\voice\penalties\new_penalty_stopgo,2.wav,we've just been given a stop-go penalty,we've just been given a stop-go penalty,we've just been given a stop-go penalty
\voice\penalties\new_penalty_stopgo,3.wav,we've just had a stop-go penalty,we've just had a stop-go penalty,we've just had a stop-go penalty
\voice\penalties\new_penalty_stopgo,sweary_4.wav,"aw, crap, we've just had a stop-go penalty","aw, crap, we've just had a stop-go penalty","aw, crap, we've just had a stop-go penalty"
\voice\penalties\new_penalty_stopgo,sweary_5.wav,"bollocks, we've had a stop-go","bollocks, we've had a stop-go","bollocks, we've had a stop-go"
\voice\penalties\one_lap_to_serve_drive_through,1.wav,we've got 1 lap to serve this drive-through penalty,we've got 1 lap to serve this drive-through penalty,we've got 1 lap to serve this drive-through penalty
\voice\penalties\one_lap_to_serve_drive_through,2.wav,1 lap to serve the drive-through penalty,1 lap to serve the drive-through penalty,1 lap to serve the drive-through penalty
\voice\penalties\one_lap_to_serve_drive_through,3.wav,we've got 1 lap left to serve this drive-through penalty,we've got 1 lap left to serve this drive-through penalty,we've got 1 lap left to serve this drive-through penalty
\voice\penalties\one_lap_to_serve_drive_through,4.wav,we got 1 lap to serve this drive-through penalty,we got 1 lap to serve this drive-through penalty,we got 1 lap to serve this drive-through penalty
\voice\penalties\one_lap_to_serve_drive_through,5.wav,1 lap to serve the drive-through penalty,1 lap to serve the drive-through penalty,1 lap to serve the drive-through penalty
\voice\penalties\one_lap_to_serve_stop_go,1.wav,we've got 1 lap to serve this stop-go penalty,we've got 1 lap to serve this stop-go penalty,we've got 1 lap to serve this stop-go penalty
\voice\penalties\one_lap_to_serve_stop_go,2.wav,we've got 1 lap left to serve the stop-go penalty,we've got 1 lap left to serve the stop-go penalty,we've got 1 lap left to serve the stop-go penalty
\voice\penalties\one_lap_to_serve_stop_go,3.wav,we've got 1 lap left to serve this stop-go penalty,we've got 1 lap left to serve this stop-go penalty,we've got 1 lap left to serve this stop-go penalty
\voice\penalties\one_lap_to_serve_stop_go,4.wav,we've got 1 lap to serve this stop-go penalty,we've got 1 lap to serve this stop-go penalty,we've got 1 lap to serve this stop-go penalty
\voice\penalties\one_lap_to_serve_stop_go,5.wav,1 lap left to serve this stop-go penalty,1 lap left to serve this stop-go penalty,1 lap left to serve this stop-go penalty
\voice\penalties\one_more_collision_before_kick,1.wav,"you're one collision away from being disqualified, calm down","you're one collision away from being disqualified, calm down","you're one collision away from being disqualified, calm down"
\voice\penalties\one_more_collision_before_kick,2.wav,"one more collision and we're out, stop with the banger racing","one more collision and we're out, stop with the banger racing","one more collision and we're out, stop with the banger racing"
\voice\penalties\one_more_collision_before_kick,3.wav,"come on, this ain't banger racing, one more collision and we'll be disqualified","come on, this ain't banger racing, one more collision and we'll be disqualified","come on, this ain't banger racing, one more collision and we'll be disqualified"
\voice\penalties\one_more_collision_before_kick,4.wav,"calm it down please, one more collision and we'll be out","calm it down please, one more collision and we'll be out","calm it down please, one more collision and we'll be out"
\voice\penalties\one_more_collision_before_kick,5.wav,"stop driving into people, they'll disqualify us if we do it again","stop driving into people, they'll disqualify us if we do it again","stop driving into people, they'll disqualify us if we do it again"
\voice\penalties\one_more_collision_before_kick,6.wav,"we'll be disqualified if we hit another car, calm down","we'll be disqualified if we hit another car, calm down","we'll be disqualified if we hit another car, calm down"
\voice\penalties\one_more_off_track_before_kick,1.wav,"we're on the verge of being disqualified here, any more cut-tracks and you're out","we're on the verge of being disqualified here, any more cut-tracks and you're out","we're on the verge of being disqualified here, any more cut-tracks and you're out"
\voice\penalties\one_more_off_track_before_kick,2.wav,"one more track limits violation and you're out, you're about to be disqualified","one more track limits violation and you're out, you're about to be disqualified","one more track limits violation and you're out, you're about to be disqualified"
\voice\penalties\one_more_off_track_before_kick,3.wav,"concentrate please, we're on the verge of being disqualified here, keep it clean","concentrate please, we're on the verge of being disqualified here, keep it clean","concentrate please, we're on the verge of being disqualified here, keep it clean"
\voice\penalties\one_more_off_track_before_kick,4.wav,"keep it clean, no more track limits violations or bumps, we'll be disqualified","keep it clean, no more track limits violations or bumps, we'll be disqualified","keep it clean, no more track limits violations or bumps, we'll be disqualified"
\voice\penalties\one_more_off_track_before_kick,5.wav,"they're about to disqualify us, keep it clean, no more track limits violations or car bumps","they're about to disqualify us, keep it clean, no more track limits violations or car bumps","they're about to disqualify us, keep it clean, no more track limits violations or car bumps"
\voice\penalties\one_more_off_track_before_kick,6.wav,"no more collisions or cut tracks please, they're disqualify us if we do","no more collisions or cut tracks please, they're disqualify us if we do","no more collisions or cut tracks please, they're disqualify us if we do"
\voice\penalties\one_more_off_track_before_kick,7.wav,"we're on the verge of being disqualified here, keep it clean please","we're on the verge of being disqualified here, keep it clean please","we're on the verge of being disqualified here, keep it clean please"
\voice\penalties\one_more_off_track_before_kick,8.wav,"calm down please, they're disqualify us for one more track limit violation or bump","calm down please, they're disqualify us for one more track limit violation or bump","calm down please, they're disqualify us for one more track limit violation or bump"
\voice\penalties\one_more_off_track_before_kick,9.wav,"we're about to be disqualified from this race, calm down, keep it clean","we're about to be disqualified from this race, calm down, keep it clean","we're about to be disqualified from this race, calm down, keep it clean"
\voice\penalties\penalty_disqualified,1.wav,we've been disqualified,we've been disqualified,we've been disqualified
\voice\penalties\penalty_disqualified,2.wav,looks like we've been disqualified,looks like we've been disqualified,looks like we've been disqualified
\voice\penalties\penalty_disqualified,3.wav,we've been disqualified,we've been disqualified,we've been disqualified
\voice\penalties\penalty_disqualified,sweary_4.wav,"the bastards have just disqualified us, missed that stupid penalty","the bastards have just disqualified us, missed that stupid penalty","the bastards have just disqualified us, missed that stupid penalty"
\voice\penalties\penalty_not_served,1.wav,you still need to serve your penalty,you still need to serve your penalty,you still need to serve your penalty
\voice\penalties\penalty_not_served,2.wav,you still haven't served this penalty,you still haven't served this penalty,you still haven't served this penalty
\voice\penalties\penalty_not_served,3.wav,you've still got an outstanding penalty,you've still got an outstanding penalty,you've still got an outstanding penalty
\voice\penalties\penalty_one_lap_left_drivethrough,1.wav,we need to come in for this drive-through at the end of the lap,we need to come in for this drive-through at the end of the lap,we need to come in for this drive-through at the end of the lap
\voice\penalties\penalty_one_lap_left_drivethrough,2.wav,we need to serve this drive-through penalty at the end of this lap,we need to serve this drive-through penalty at the end of this lap,we need to serve this drive-through penalty at the end of this lap
\voice\penalties\penalty_one_lap_left_drivethrough,3.wav,come in at the end of this lap for your drive-through penalty,come in at the end of this lap for your drive-through penalty,come in at the end of this lap for your drive-through penalty
\voice\penalties\penalty_one_lap_left_drivethrough,4.wav,we need to serve this drive-through penalty on this lap,we need to serve this drive-through penalty on this lap,we need to serve this drive-through penalty on this lap
\voice\penalties\penalty_one_lap_left_stopgo,1.wav,come in for your stop-go penalty at the end of this lap,come in for your stop-go penalty at the end of this lap,come in for your stop-go penalty at the end of this lap
\voice\penalties\penalty_one_lap_left_stopgo,2.wav,we need to serve this stop-go penalty on this lap,we need to serve this stop-go penalty on this lap,we need to serve this stop-go penalty on this lap
\voice\penalties\penalty_one_lap_left_stopgo,3.wav,box for your stop-go penalty on this lap,box for your stop-go penalty on this lap,box for your stop-go penalty on this lap
\voice\penalties\penalty_one_lap_left_stopgo,4.wav,come in for your stop-go on this lap,come in for your stop-go on this lap,come in for your stop-go on this lap
\voice\penalties\penalty_one_lap_left_to_pit,1.wav,we need to come and serve our penalty on this lap,we need to come and serve our penalty on this lap,we need to come and serve our penalty on this lap
\voice\penalties\penalty_one_lap_left_to_pit,2.wav,we need to come and serve our penalty on this lap,we need to come and serve our penalty on this lap,we need to come and serve our penalty on this lap
\voice\penalties\penalty_one_lap_left_to_pit,3.wav,we need to come and serve our penalty on this lap,we need to come and serve our penalty on this lap,we need to come and serve our penalty on this lap
\voice\penalties\penalty_one_lap_left_to_pit,4.wav,we need to come and serve our penalty on this lap,we need to come and serve our penalty on this lap,we need to come and serve our penalty on this lap
\voice\penalties\penalty_served,1.wav,you served your penalty,you served your penalty,you served your penalty
\voice\penalties\penalty_served,2.wav,your penalty's completed,your penalty's completed,your penalty's completed
\voice\penalties\penalty_served,3.wav,you've served your penalty,you've served your penalty,you've served your penalty
\voice\penalties\penalty_three_laps_left,1.wav,you got 3 laps to serve this penalty,you got 3 laps to serve this penalty,you got 3 laps to serve this penalty
\voice\penalties\penalty_three_laps_left,2.wav,you need to come in for this penalty in the next 3 laps,you need to come in for this penalty in the next 3 laps,you need to come in for this penalty in the next 3 laps
\voice\penalties\penalty_three_laps_left,3.wav,you've got 3 laps to serve this penalty,you've got 3 laps to serve this penalty,you've got 3 laps to serve this penalty
\voice\penalties\penalty_two_laps_left,1.wav,we got 2 laps left to come in and serve this penalty,we got 2 laps left to come in and serve this penalty,we got 2 laps left to come in and serve this penalty
\voice\penalties\penalty_two_laps_left,2.wav,we need to come in for this penalty in the next 2 laps,we need to come in for this penalty in the next 2 laps,we need to come in for this penalty in the next 2 laps
\voice\penalties\penalty_two_laps_left,3.wav,we got 2 laps to come in for this penalty,we got 2 laps to come in for this penalty,we got 2 laps to come in for this penalty
\voice\penalties\penalty_two_laps_left,4.wav,come in to serve this penalty in the next 2 laps,come in to serve this penalty in the next 2 laps,come in to serve this penalty in the next 2 laps
\voice\penalties\pit_now_drive_through,1.wav,pit now for your drive-through penalty,pit now for your drive-through penalty,pit now for your drive-through penalty
\voice\penalties\pit_now_drive_through,2.wav,box now for your drive-through,box now for your drive-through,box now for your drive-through
\voice\penalties\pit_now_drive_through,3.wav,"box, box, box, serve this drive-through now","box, box, box, serve this drive-through now","box, box, box, serve this drive-through now"
\voice\penalties\pit_now_stop_go,1.wav,"pit for your stop-go penalty now, box, box, box","pit for your stop-go penalty now, box, box, box","pit for your stop-go penalty now, box, box, box"
\voice\penalties\pit_now_stop_go,2.wav,"box, box, box for this stop-go penalty","box, box, box for this stop-go penalty","box, box, box for this stop-go penalty"
\voice\penalties\pit_now_stop_go,3.wav,"box, box, box, pit now for your penalty","box, box, box, pit now for your penalty","box, box, box, pit now for your penalty"
\voice\penalties\points_will_be_awarded_this_lap,1.wav,penalty points will be awarded this lap,penalty points will be awarded this lap,penalty points will be awarded this lap
\voice\penalties\points_will_be_awarded_this_lap,2.wav,penalty points will be awarded this lap,penalty points will be awarded this lap,penalty points will be awarded this lap
\voice\penalties\points_will_be_awarded_this_lap,3.wav,penalty points will be awarded this lap,penalty points will be awarded this lap,penalty points will be awarded this lap
\voice\penalties\points_will_be_awarded_this_lap,4.wav,penalty points will be awarded this lap,penalty points will be awarded this lap,penalty points will be awarded this lap
\voice\penalties\possible_track_limits_warning,1.wav,we think you might have gone outside of track limits there,we think you might have gone outside of track limits there,we think you might have gone outside of track limits there
\voice\penalties\possible_track_limits_warning,2.wav,you were out of track limits there,you were out of track limits there,you were out of track limits there
\voice\penalties\possible_track_limits_warning,3.wav,you were out of track limits there,you were out of track limits there,you were out of track limits there
\voice\penalties\possible_track_limits_warning,4.wav,you're outside track limits there,you're outside track limits there,you're outside track limits there
\voice\penalties\possible_track_limits_warning,5.wav,you've just got out of track limits,you've just got out of track limits,you've just got out of track limits
\voice\penalties\possible_track_limits_warning,6.wav,looks like that was outside track limits,looks like that was outside track limits,looks like that was outside track limits
\voice\penalties\possible_track_limits_warning,7.wav,that might be outside track limits,that might be outside track limits,that might be outside track limits
\voice\penalties\slow_down_penalty_cutting_track,1.wav,we've just had a slowdown penalty for cutting the track,we've just had a slowdown penalty for cutting the track,we've just had a slowdown penalty for cutting the track
\voice\penalties\slow_down_penalty_cutting_track,2.wav,we've just had a slowdown penalty for cutting the track,we've just had a slowdown penalty for cutting the track,we've just had a slowdown penalty for cutting the track
\voice\penalties\slow_down_penalty_cutting_track,3.wav,we've had a slowdown penalty for cutting the track,we've had a slowdown penalty for cutting the track,we've had a slowdown penalty for cutting the track
\voice\penalties\still_have_to_serve_drive_through,1.wav,you still need to serve your drive-through penalty,you still need to serve your drive-through penalty,you still need to serve your drive-through penalty
\voice\penalties\still_have_to_serve_drive_through,2.wav,we've still got to serve this drive-through penalty,we've still got to serve this drive-through penalty,we've still got to serve this drive-through penalty
\voice\penalties\still_have_to_serve_drive_through,3.wav,we still need to serve our drive-through penalty,we still need to serve our drive-through penalty,we still need to serve our drive-through penalty
\voice\penalties\still_have_to_serve_drive_through,4.wav,we still got to serve this drive-through penalty,we still got to serve this drive-through penalty,we still got to serve this drive-through penalty
\voice\penalties\still_have_to_serve_drive_through,5.wav,you still have to serve this drive-through penalty,you still have to serve this drive-through penalty,you still have to serve this drive-through penalty
\voice\penalties\still_have_to_serve_stop_go,1.wav,we've still got to serve our stop-go penalty,we've still got to serve our stop-go penalty,we've still got to serve our stop-go penalty
\voice\penalties\still_have_to_serve_stop_go,2.wav,we still need to serve this stop-go penalty,we still need to serve this stop-go penalty,we still need to serve this stop-go penalty
\voice\penalties\still_have_to_serve_stop_go,3.wav,you still have to serve your stop-go penalty,you still have to serve your stop-go penalty,you still have to serve your stop-go penalty
\voice\penalties\still_have_to_serve_stop_go,4.wav,you've still got to serve your stop-go penalty,you've still got to serve your stop-go penalty,you've still got to serve your stop-go penalty
\voice\penalties\still_have_to_serve_stop_go,5.wav,we still need to serve this stop-go penalty,we still need to serve this stop-go penalty,we still need to serve this stop-go penalty
\voice\penalties\stop_go_exceeding_single_stint_time,1.wav,we've just had a stop-go penalty for exceeding the maximum driver stint time,we've just had a stop-go penalty for exceeding the maximum driver stint time,we've just had a stop-go penalty for exceeding the maximum driver stint time
\voice\penalties\stop_go_exceeding_single_stint_time,2.wav,"you've exceeded the maximum driver stint time, we got a stop-go penalty","you've exceeded the maximum driver stint time, we got a stop-go penalty","you've exceeded the maximum driver stint time, we got a stop-go penalty"
\voice\penalties\stop_go_exceeding_single_stint_time,3.wav,"we've had a stop-go penalty, we've exceeded the driver stint time maximum","we've had a stop-go penalty, we've exceeded the driver stint time maximum","we've had a stop-go penalty, we've exceeded the driver stint time maximum"
\voice\penalties\stop_go_exceeding_single_stint_time,4.wav,"you've exceeded the driver stint time, you got a stop-go penalty","you've exceeded the driver stint time, you got a stop-go penalty","you've exceeded the driver stint time, you got a stop-go penalty"
\voice\penalties\stop_go_exitting_pits_on_red,1.wav,we've had a stop-go penalty for exiting the pits under red lights,we've had a stop-go penalty for exiting the pits under red lights,we've had a stop-go penalty for exiting the pits under red lights
\voice\penalties\stop_go_exitting_pits_on_red,2.wav,"the light was red when you left the pits, we're gonna get a stop-go penalty","the light was red when you left the pits, we're gonna get a stop-go penalty","the light was red when you left the pits, we're gonna get a stop-go penalty"
\voice\penalties\stop_go_exitting_pits_on_red,3.wav,we've been given a stop-go penalty for exiting the pits under red light,we've been given a stop-go penalty for exiting the pits under red light,we've been given a stop-go penalty for exiting the pits under red light
\voice\penalties\stop_go_exitting_pits_on_red,4.wav,we've had a stop-go penalty for exiting the pits under red,we've had a stop-go penalty for exiting the pits under red,we've had a stop-go penalty for exiting the pits under red
\voice\penalties\stop_go_exitting_pits_on_red,5.wav,"the light was red when we exited the pits, we're gonna have a stop-go penalty","the light was red when we exited the pits, we're gonna have a stop-go penalty","the light was red when we exited the pits, we're gonna have a stop-go penalty"
\voice\penalties\stop_go_penalty_cutting_track,1.wav,we've just had a stop-go penalty for cutting the track,we've just had a stop-go penalty for cutting the track,we've just had a stop-go penalty for cutting the track
\voice\penalties\stop_go_penalty_cutting_track,2.wav,we've just had a stop-go penalty for cutting the track,we've just had a stop-go penalty for cutting the track,we've just had a stop-go penalty for cutting the track
\voice\penalties\stop_go_penalty_cutting_track,3.wav,we've just had a stop-go penalty for cutting the track,we've just had a stop-go penalty for cutting the track,we've just had a stop-go penalty for cutting the track
\voice\penalties\stop_go_penalty_false_start,1.wav,we've just had a stop-go penalty for jumping the start,we've just had a stop-go penalty for jumping the start,we've just had a stop-go penalty for jumping the start
\voice\penalties\stop_go_penalty_false_start,2.wav,we've had a stop-go penalty for a false start,we've had a stop-go penalty for a false start,we've had a stop-go penalty for a false start
\voice\penalties\stop_go_penalty_false_start,3.wav,we've got a stop-go penalty for jumping the start,we've got a stop-go penalty for jumping the start,we've got a stop-go penalty for jumping the start
\voice\penalties\stop_go_penalty_overtaking_on_formation_lap,1.wav,we've just had a stop-go penalty for passing on the formation lap,we've just had a stop-go penalty for passing on the formation lap,we've just had a stop-go penalty for passing on the formation lap
\voice\penalties\stop_go_penalty_overtaking_on_formation_lap,2.wav,we've just had a stop-go penalty for overtaking on the formation lap,we've just had a stop-go penalty for overtaking on the formation lap,we've just had a stop-go penalty for overtaking on the formation lap
\voice\penalties\stop_go_penalty_overtaking_on_formation_lap,3.wav,we've just had a stop-go penalty for passing on the formation lap,we've just had a stop-go penalty for passing on the formation lap,we've just had a stop-go penalty for passing on the formation lap
\voice\penalties\stop_go_penalty_overtaking_under_safety_car,1.wav,we've just had a stop-go penalty for passing under the safety car,we've just had a stop-go penalty for passing under the safety car,we've just had a stop-go penalty for passing under the safety car
\voice\penalties\stop_go_penalty_overtaking_under_safety_car,2.wav,we've just had a stop-go penalty for passing under the safety car,we've just had a stop-go penalty for passing under the safety car,we've just had a stop-go penalty for passing under the safety car
\voice\penalties\stop_go_penalty_overtaking_under_safety_car,3.wav,we've just had a stop-go for passing under the safety car,we've just had a stop-go for passing under the safety car,we've just had a stop-go for passing under the safety car
\voice\penalties\stop_go_penalty_overtaking_under_yellow,1.wav,we've just had a stop-go penalty for overtaking under yellow,we've just had a stop-go penalty for overtaking under yellow,we've just had a stop-go penalty for overtaking under yellow
\voice\penalties\stop_go_penalty_overtaking_under_yellow,2.wav,we've just had a stop-go penalty for passing under yellow,we've just had a stop-go penalty for passing under yellow,we've just had a stop-go penalty for passing under yellow
\voice\penalties\stop_go_penalty_overtaking_under_yellow,3.wav,we've just had a stop-go penalty for passing under yellow flag,we've just had a stop-go penalty for passing under yellow flag,we've just had a stop-go penalty for passing under yellow flag
\voice\penalties\stop_go_penalty_speeding_in_pit_lane,1.wav,we've just had a stop-go penalty for speeding in the pit lane,we've just had a stop-go penalty for speeding in the pit lane,we've just had a stop-go penalty for speeding in the pit lane
\voice\penalties\stop_go_penalty_speeding_in_pit_lane,2.wav,we've just had a stop-go penalty for speeding in the pit lane,we've just had a stop-go penalty for speeding in the pit lane,we've just had a stop-go penalty for speeding in the pit lane
\voice\penalties\stop_go_penalty_speeding_in_pit_lane,3.wav,we've got had a stop-go penalty for speeding in the pit lane,we've got had a stop-go penalty for speeding in the pit lane,we've got had a stop-go penalty for speeding in the pit lane
\voice\penalties\time_penalty,1.wav,we've just had a time penalty,we've just had a time penalty,we've just had a time penalty
\voice\penalties\time_penalty,2.wav,we've just been given a time penalty,we've just been given a time penalty,we've just been given a time penalty
\voice\penalties\time_penalty,3.wav,we've just been handed a time penalty,we've just been handed a time penalty,we've just been handed a time penalty
\voice\penalties\time_penalty,sweary_4.wav,"bollocks, we've just had a time penalty","bollocks, we've just had a time penalty","bollocks, we've just had a time penalty"
\voice\penalties\too_many_car_to_car_collisions,1.wav,"come on, this ain't bumper-cars","come on, this ain't bumper-cars","come on, this ain't bumper-cars"
\voice\penalties\too_many_car_to_car_collisions,2.wav,"be careful, you're not racing bangers","be careful, you're not racing bangers","be careful, you're not racing bangers"
\voice\penalties\too_many_car_to_car_collisions,3.wav,"come on mate, this ain't banger racing","come on mate, this ain't banger racing","come on mate, this ain't banger racing"
\voice\penalties\too_many_car_to_car_collisions,4.wav,"come on, stop driving into people","come on, stop driving into people","come on, stop driving into people"
\voice\penalties\warning_driving_too_slow,1.wav,you're driving too slowly,you're driving too slowly,you're driving too slowly
\voice\penalties\warning_driving_too_slow,2.wav,"we're going too slowly, speed up","we're going too slowly, speed up","we're going too slowly, speed up"
\voice\penalties\warning_driving_too_slow,3.wav,we've had a warning for driving too slowly,we've had a warning for driving too slowly,we've had a warning for driving too slowly
\voice\penalties\warning_driving_too_slow,4.wav,"you're going too slowly, speed up","you're going too slowly, speed up","you're going too slowly, speed up"
\voice\penalties\warning_driving_too_slow,5.wav,you're driving too slowly,you're driving too slowly,you're driving too slowly
\voice\penalties\warning_enter_pits_to_avoid_exceeding_laps,1.wav,enter the pits to avoid exceeding the lap allowance,enter the pits to avoid exceeding the lap allowance,enter the pits to avoid exceeding the lap allowance
\voice\penalties\warning_enter_pits_to_avoid_exceeding_laps,2.wav,"we've used our lap allowance, we need to pit this lap","we've used our lap allowance, we need to pit this lap","we've used our lap allowance, we need to pit this lap"
\voice\penalties\warning_enter_pits_to_avoid_exceeding_laps,3.wav,"we've used our lap allowance, pit this lap","we've used our lap allowance, pit this lap","we've used our lap allowance, pit this lap"
\voice\penalties\warning_enter_pits_to_avoid_exceeding_laps,4.wav,enter the pits to avoid exceeding your lap allowance,enter the pits to avoid exceeding your lap allowance,enter the pits to avoid exceeding your lap allowance
\voice\penalties\warning_enter_pits_to_avoid_exceeding_laps,5.wav,box this lap to avoid exceeding your lap allowance,box this lap to avoid exceeding your lap allowance,box this lap to avoid exceeding your lap allowance
\voice\penalties\warning_enter_pits_to_avoid_exceeding_laps,6.wav,"we've done as many laps as we're allowed, box this lap","we've done as many laps as we're allowed, box this lap","we've done as many laps as we're allowed, box this lap"
\voice\penalties\warning_enter_pits_to_serve_penalty,1.wav,"we've just had a warning, we need to enter the pits now to serve our penalty","we've just had a warning, we need to enter the pits now to serve our penalty","we've just had a warning, we need to enter the pits now to serve our penalty"
\voice\penalties\warning_enter_pits_to_serve_penalty,2.wav,"we've had a warning, we need to enter the pits now to serve this penalty","we've had a warning, we need to enter the pits now to serve this penalty","we've had a warning, we need to enter the pits now to serve this penalty"
\voice\penalties\warning_enter_pits_to_serve_penalty,3.wav,"we've just been warned, we've got to enter the pits to serve this penalty","we've just been warned, we've got to enter the pits to serve this penalty","we've just been warned, we've got to enter the pits to serve this penalty"
\voice\penalties\warning_enter_pits_to_serve_penalty,4.wav,"we've just had a warning, we've got to enter the pits to serve our penalty","we've just had a warning, we've got to enter the pits to serve our penalty","we've just had a warning, we've got to enter the pits to serve our penalty"
\voice\penalties\warning_enter_pits_to_serve_penalty,5.wav,"we need to enter the pits now to serve this penalty, we've just had a warning","we need to enter the pits now to serve this penalty, we've just had a warning","we need to enter the pits now to serve this penalty, we've just had a warning"
\voice\penalties\warning_headlights_required,1.wav,headlights are now required,headlights are now required,headlights are now required
\voice\penalties\warning_headlights_required,10.wav,headlights required,headlights required,headlights required
\voice\penalties\warning_headlights_required,2.wav,"you need to turn your headlights on, headlights are required now","you need to turn your headlights on, headlights are required now","you need to turn your headlights on, headlights are required now"
\voice\penalties\warning_headlights_required,3.wav,headlights are now required,headlights are now required,headlights are now required
\voice\penalties\warning_headlights_required,4.wav,"headlights are required, turn them on, please","headlights are required, turn them on, please","headlights are required, turn them on, please"
\voice\penalties\warning_headlights_required,5.wav,you must use your headlights,you must use your headlights,you must use your headlights
\voice\penalties\warning_headlights_required,6.wav,headlights required,headlights required,headlights required
\voice\penalties\warning_headlights_required,7.wav,headlights are required,headlights are required,headlights are required
\voice\penalties\warning_headlights_required,8.wav,you must use your headlights,you must use your headlights,you must use your headlights
\voice\penalties\warning_headlights_required,9.wav,headlights are required,headlights are required,headlights are required
\voice\penalties\warning_unsportsmanlike_driving,1.wav,we've just had a warning for unsportsmanlike driving,we've just had a warning for unsportsmanlike driving,we've just had a warning for unsportsmanlike driving
\voice\penalties\warning_unsportsmanlike_driving,2.wav,we've had a warning for unsportsmanlike driving,we've had a warning for unsportsmanlike driving,we've had a warning for unsportsmanlike driving
\voice\penalties\warning_unsportsmanlike_driving,3.wav,"we've had a warning for unsportsmanlike driving, come on, get your act together","we've had a warning for unsportsmanlike driving, come on, get your act together","we've had a warning for unsportsmanlike driving, come on, get your act together"
\voice\penalties\warning_unsportsmanlike_driving,4.wav,"we've just had a warning for unsportsmanlike driving, come on, calm it down","we've just had a warning for unsportsmanlike driving, come on, calm it down","we've just had a warning for unsportsmanlike driving, come on, calm it down"
\voice\penalties\warning_unsportsmanlike_driving,5.wav,"step it down a bit, mate, we've had a warning for unsportsmanlike driving","step it down a bit, mate, we've had a warning for unsportsmanlike driving","step it down a bit, mate, we've had a warning for unsportsmanlike driving"
\voice\penalties\warning_unsportsmanlike_driving,6.wav,"we've just had a warning for unsportsmanlike driving, come on, keep cool","we've just had a warning for unsportsmanlike driving, come on, keep cool","we've just had a warning for unsportsmanlike driving, come on, keep cool"
\voice\penalties\warning_unsportsmanlike_driving,7.wav,"stay calm, mate, we've had a warning for unsportsmanlike driving","stay calm, mate, we've had a warning for unsportsmanlike driving","stay calm, mate, we've had a warning for unsportsmanlike driving"
\voice\penalties\warning_wrong_way,1.wav,you're going the wrong way,you're going the wrong way,you're going the wrong way
\voice\penalties\warning_wrong_way,2.wav,"that's the wrong way, turn around","that's the wrong way, turn around","that's the wrong way, turn around"
\voice\penalties\warning_wrong_way,3.wav,we're going the wrong way,we're going the wrong way,we're going the wrong way
\voice\penalties\you_dont_have_a_penalty,1.wav,you don't have a penalty,you don't have a penalty,you don't have a penalty
\voice\penalties\you_dont_have_a_penalty,2.wav,you don't have a penalty,you don't have a penalty,you don't have a penalty
\voice\penalties\you_dont_have_a_penalty,3.wav,you don't have a penalty,you don't have a penalty,you don't have a penalty
\voice\penalties\you_have_a_penalty,1.wav,you have a penalty,you have a penalty,you have a penalty
\voice\penalties\you_have_a_penalty,2.wav,you have a penalty,you have a penalty,you have a penalty
\voice\penalties\you_have_a_penalty,3.wav,you have a penalty,you have a penalty,you have a penalty
\voice\penalties\you_still_have_a_penalty,1.wav,You still have a penalty,You still have a penalty,You still have a penalty
\voice\penalties\you_still_have_a_penalty,2.wav,you've still got a penalty,you've still got a penalty,you've still got a penalty
\voice\penalties\you_still_have_a_penalty,3.wav,you've still got a penalty,you've still got a penalty,you've still got a penalty
\voice\push_now\laps_to_get_the_job_done,1.wav,laps to get the job done,laps to get the job done,laps to get the job done
\voice\push_now\laps_to_get_the_job_done,2.wav,"laps, let's get this done","laps, let's get this done","laps, let's get this done"
\voice\push_now\laps_to_get_the_job_done,3.wav,laps to set a decent time,laps to set a decent time,laps to set a decent time
\voice\push_now\laps_to_get_the_job_done,4.wav,"laps to get the job done, mate","laps to get the job done, mate","laps to get the job done, mate"
\voice\push_now\minutes_to_set_a_lap,1.wav,minutes to set a lap,minutes to set a lap,minutes to set a lap
\voice\push_now\minutes_to_set_a_lap,2.wav,minutes to get the job done,minutes to get the job done,minutes to get the job done
\voice\push_now\minutes_to_set_a_lap,3.wav,minutes to set a lap,minutes to set a lap,minutes to set a lap
\voice\push_now\minutes_to_set_a_lap,4.wav,minutes to get a decent lap in,minutes to get a decent lap in,minutes to get a decent lap in
\voice\push_now\minutes_to_set_a_lap,5.wav,minutes to do the business,minutes to do the business,minutes to do the business
\voice\push_now\opponent_exiting_pits,1.wav,"heads up, there's a car exiting the pits","heads up, there's a car exiting the pits","heads up, there's a car exiting the pits"
\voice\push_now\opponent_exiting_pits,10.wav,"heads up, there's a car rejoining","heads up, there's a car rejoining","heads up, there's a car rejoining"
\voice\push_now\opponent_exiting_pits,2.wav,there's a car leaving the pits,there's a car leaving the pits,there's a car leaving the pits
\voice\push_now\opponent_exiting_pits,3_op_prefix_ok.wav,"there's a car leaving the pits, heads up","there's a car leaving the pits, heads up","there's a car leaving the pits, heads up"
\voice\push_now\opponent_exiting_pits,4.wav,there's a car leaving the pits,there's a car leaving the pits,there's a car leaving the pits
\voice\push_now\opponent_exiting_pits,5.wav,there's a car leaving the pit lane,there's a car leaving the pit lane,there's a car leaving the pit lane
\voice\push_now\opponent_exiting_pits,6.wav,there's a car rejoining,there's a car rejoining,there's a car rejoining
\voice\push_now\opponent_exiting_pits,7.wav,there's a car rejoining in front,there's a car rejoining in front,there's a car rejoining in front
\voice\push_now\opponent_exiting_pits,8.wav,there's a car leaving the pit lane,there's a car leaving the pit lane,there's a car leaving the pit lane
\voice\push_now\opponent_exiting_pits,9.wav,there's a car exiting the pits,there's a car exiting the pits,there's a car exiting the pits
\voice\push_now\pits_exit_clear,1.wav,"track's clear, push, push, push","track's clear, push, push, push","track's clear, push, push, push"
\voice\push_now\pits_exit_clear,10.wav,pit exit's clear,pit exit's clear,pit exit's clear
\voice\push_now\pits_exit_clear,11.wav,the pit exit looks clear,the pit exit looks clear,the pit exit looks clear
\voice\push_now\pits_exit_clear,12.wav,pit exit is clear,pit exit is clear,pit exit is clear
\voice\push_now\pits_exit_clear,13.wav,"the pit exit's clear, push","the pit exit's clear, push","the pit exit's clear, push"
\voice\push_now\pits_exit_clear,14.wav,"all clear on pit exit, you can push now","all clear on pit exit, you can push now","all clear on pit exit, you can push now"
\voice\push_now\pits_exit_clear,15.wav,"the pit exit is clear, push now","the pit exit is clear, push now","the pit exit is clear, push now"
\voice\push_now\pits_exit_clear,16.wav,"your exit's clear, don't cross the white line","your exit's clear, don't cross the white line","your exit's clear, don't cross the white line"
\voice\push_now\pits_exit_clear,17.wav,"pit exit's clear, don't cross the white line","pit exit's clear, don't cross the white line","pit exit's clear, don't cross the white line"
\voice\push_now\pits_exit_clear,18.wav,"your exit is clear, watch the white line","your exit is clear, watch the white line","your exit is clear, watch the white line"
\voice\push_now\pits_exit_clear,19.wav,"pit exit's clear, stay behind the white line","pit exit's clear, stay behind the white line","pit exit's clear, stay behind the white line"
\voice\push_now\pits_exit_clear,2.wav,"all clear, push now","all clear, push now","all clear, push now"
\voice\push_now\pits_exit_clear,20.wav,"your exit's clear, don't cross the white line","your exit's clear, don't cross the white line","your exit's clear, don't cross the white line"
\voice\push_now\pits_exit_clear,21.wav,"your exit's clear, don't cross the white line","your exit's clear, don't cross the white line","your exit's clear, don't cross the white line"
\voice\push_now\pits_exit_clear,22.wav,"your exit's clear, don't cross the white line","your exit's clear, don't cross the white line","your exit's clear, don't cross the white line"
\voice\push_now\pits_exit_clear,23.wav,"your exit's clear, don't cross the white line","your exit's clear, don't cross the white line","your exit's clear, don't cross the white line"
\voice\push_now\pits_exit_clear,24.wav,"your exit's clear, don't cross the white line","your exit's clear, don't cross the white line","your exit's clear, don't cross the white line"
\voice\push_now\pits_exit_clear,3.wav,"exit's clear, push","exit's clear, push","exit's clear, push"
\voice\push_now\pits_exit_clear,4.wav,pit exit's clear,pit exit's clear,pit exit's clear
\voice\push_now\pits_exit_clear,5.wav,pit exit's clear,pit exit's clear,pit exit's clear
\voice\push_now\pits_exit_clear,6.wav,the pit exit's clear,the pit exit's clear,the pit exit's clear
\voice\push_now\pits_exit_clear,7.wav,all clear on pit exit,all clear on pit exit,all clear on pit exit
\voice\push_now\pits_exit_clear,8.wav,the pit exit looks clear,the pit exit looks clear,the pit exit looks clear
\voice\push_now\pits_exit_clear,9.wav,looks like you're clear on the pit exit,looks like you're clear on the pit exit,looks like you're clear on the pit exit
\voice\push_now\pits_exit_traffic_behind,1.wav,"there's a car behind, take care rejoining","there's a car behind, take care rejoining","there's a car behind, take care rejoining"
\voice\push_now\pits_exit_traffic_behind,11.wav,"there's a car approaching, stay behind the white line","there's a car approaching, stay behind the white line","there's a car approaching, stay behind the white line"
\voice\push_now\pits_exit_traffic_behind,12.wav,"there's a car approaching, watch your mirrors, stay behind the white line","there's a car approaching, watch your mirrors, stay behind the white line","there's a car approaching, watch your mirrors, stay behind the white line"
\voice\push_now\pits_exit_traffic_behind,13.wav,"there's a car approaching, don't cross the white line","there's a car approaching, don't cross the white line","there's a car approaching, don't cross the white line"
\voice\push_now\pits_exit_traffic_behind,14.wav,"there's a car approaching, don't cross the white line, watch your mirrors","there's a car approaching, don't cross the white line, watch your mirrors","there's a car approaching, don't cross the white line, watch your mirrors"
\voice\push_now\pits_exit_traffic_behind,15.wav,"there's traffic behind, watch your mirrors","there's traffic behind, watch your mirrors","there's traffic behind, watch your mirrors"
\voice\push_now\pits_exit_traffic_behind,16.wav,"there's traffic behind, watch your mirrors","there's traffic behind, watch your mirrors","there's traffic behind, watch your mirrors"
\voice\push_now\pits_exit_traffic_behind,17.wav,"there's traffic behind, watch your mirrors","there's traffic behind, watch your mirrors","there's traffic behind, watch your mirrors"
\voice\push_now\pits_exit_traffic_behind,18.wav,"there's traffic behind, watch your mirrors","there's traffic behind, watch your mirrors","there's traffic behind, watch your mirrors"
\voice\push_now\pits_exit_traffic_behind,19.wav,"there's traffic behind, watch your mirrors","there's traffic behind, watch your mirrors","there's traffic behind, watch your mirrors"
\voice\push_now\pits_exit_traffic_behind,2.wav,"there's traffic behind, keep your wits about you","there's traffic behind, keep your wits about you","there's traffic behind, keep your wits about you"
\voice\push_now\pits_exit_traffic_behind,20.wav,"there's traffic behind, watch your mirrors","there's traffic behind, watch your mirrors","there's traffic behind, watch your mirrors"
\voice\push_now\pits_exit_traffic_behind,3.wav,"car approaching, watch your mirrors","car approaching, watch your mirrors","car approaching, watch your mirrors"
\voice\push_now\pits_exit_traffic_behind,4.wav,there's traffic behind,there's traffic behind,there's traffic behind
\voice\push_now\pits_exit_traffic_behind,5.wav,"watch your mirrors, there's a car approaching","watch your mirrors, there's a car approaching","watch your mirrors, there's a car approaching"
\voice\push_now\pits_exit_traffic_behind,6.wav,"there's traffic approaching, watch your mirrors","there's traffic approaching, watch your mirrors","there's traffic approaching, watch your mirrors"
\voice\push_now\pits_exit_traffic_behind,7.wav,"there's traffic behind, watch your mirrors","there's traffic behind, watch your mirrors","there's traffic behind, watch your mirrors"
\voice\push_now\pits_exit_traffic_behind,8.wav,"take care, there's a car approaching","take care, there's a car approaching","take care, there's a car approaching"
\voice\push_now\pits_exit_traffic_behind,9.wav,"there's traffic behind, take care","there's traffic behind, take care","there's traffic behind, take care"
\voice\push_now\push_to_get_second,1_prefix_come_on.wav,"push now, we might get second place","push now, we might get second place","push now, we might get second place"
\voice\push_now\push_to_get_second,2_prefix_come_on.wav,"push, push, push, we could be second here","push, push, push, we could be second here","push, push, push, we could be second here"
\voice\push_now\push_to_get_second,3_prefix_ok.wav,"push, we can get second place here","push, we can get second place here","push, we can get second place here"
\voice\push_now\push_to_get_third,1_prefix_come_on.wav,"there's a chance of a podium here, push, push, push","there's a chance of a podium here, push, push, push","there's a chance of a podium here, push, push, push"
\voice\push_now\push_to_get_third,2_prefix_come_on.wav,"push harder, we can get a podium here","push harder, we can get a podium here","push harder, we can get a podium here"
\voice\push_now\push_to_get_third,3_prefix_ok.wav,"push, we might get third here","push, we might get third here","push, we might get third here"
\voice\push_now\push_to_get_win,1_prefix_come_on.wav,"push, push, push, we're in with a chance of winning this","push, push, push, we're in with a chance of winning this","push, push, push, we're in with a chance of winning this"
\voice\push_now\push_to_get_win,2_prefix_ok.wav,"push now, we might win this","push now, we might win this","push now, we might win this"
\voice\push_now\push_to_get_win,3_prefix_ok.wav,"push, push, push, we can win this","push, push, push, we can win this","push, push, push, we can win this"
\voice\push_now\push_to_get_win,sweary_4_suffix_come_on.wav,"push like a bastard, there's a win to be had here","push like a bastard, there's a win to be had here","push like a bastard, there's a win to be had here"
\voice\push_now\push_to_hold_position,1_prefix_come_on.wav,you need to push if we're gonna hold this position,you need to push if we're gonna hold this position,you need to push if we're gonna hold this position
\voice\push_now\push_to_hold_position,2_suffix_come_on.wav,"push, push, push, or we'll lose this place","push, push, push, or we'll lose this place","push, push, push, or we'll lose this place"
\voice\push_now\push_to_hold_position,3_prefix_ok_male.wav,"push now, the guy behind is catching","push now, the guy behind is catching","push now, the guy behind is catching"
\voice\push_now\push_to_improve,1_op_prefix_come_on.wav,"push push push, we can catch this car","push push push, we can catch this car","push push push, we can catch this car"
\voice\push_now\push_to_improve,1_op_prefix_come_on_male.wav,"push, push, push, we can get this guy","push, push, push, we can get this guy","push, push, push, we can get this guy"
\voice\push_now\push_to_improve,2_op_prefix_ok.wav,"push now, we can catch up here","push now, we can catch up here","push now, we can catch up here"
\voice\push_now\push_to_improve,2_op_prefix_ok_male.wav,"push now, we can catch this guy","push now, we can catch this guy","push now, we can catch this guy"
\voice\push_now\push_to_improve,3_op_suffix_come_on.wav,"push push push, we can get this position","push push push, we can get this position","push push push, we can get this position"
\voice\push_now\push_to_improve,3_op_suffix_come_on_male.wav,"push, we can get this guy","push, we can get this guy","push, we can get this guy"
\voice\push_now\we_have,1_op_prefix_ok.wav,we've got,we've got,we've got
\voice\push_now\we_have,2.wav,we have,we have,we have
\voice\push_now\we_have,3_op_prefix_ok.wav,we've got,we've got,we've got
\voice\push_now\we_have,4.wav,we've got,we've got,we've got
\voice\race_time\fifteen_minutes_left,1_op_prefix_ok.wav,"15 minutes left, that's 15 minutes","15 minutes left, that's 15 minutes","15 minutes left, that's 15 minutes"
\voice\race_time\fifteen_minutes_left,2.wav,"15 minutes remaining, 15 minutes to go","15 minutes remaining, 15 minutes to go","15 minutes remaining, 15 minutes to go"
\voice\race_time\fifteen_minutes_left,3.wav,15 minutes left,15 minutes left,15 minutes left
\voice\race_time\five_minutes_left,1_op_prefix_ok.wav,"5 minutes to go, 5 minutes left","5 minutes to go, 5 minutes left","5 minutes to go, 5 minutes left"
\voice\race_time\five_minutes_left,2.wav,"that's 5 minutes to go, 5 minutes","that's 5 minutes to go, 5 minutes","that's 5 minutes to go, 5 minutes"
\voice\race_time\five_minutes_left,3.wav,"5 minutes remaining, 5 minutes left","5 minutes remaining, 5 minutes left","5 minutes remaining, 5 minutes left"
\voice\race_time\five_minutes_left_leading,1_op_prefix_come_on.wav,"just 5 minutes left, hold your nerve, we can win this","just 5 minutes left, hold your nerve, we can win this","just 5 minutes left, hold your nerve, we can win this"
\voice\race_time\five_minutes_left_leading,2.wav,"that's 5 minutes remaining, we can win this","that's 5 minutes remaining, we can win this","that's 5 minutes remaining, we can win this"
\voice\race_time\five_minutes_left_leading,3.wav,"that's 5 minutes remaining, P1, come on, bring it home","that's 5 minutes remaining, P1, come on, bring it home","that's 5 minutes remaining, P1, come on, bring it home"
\voice\race_time\five_minutes_left_leading,4.wav,"5 minutes remaining, bring it on home, you're the man","5 minutes remaining, bring it on home, you're the man","5 minutes remaining, bring it on home, you're the man"
\voice\race_time\five_minutes_left_leading,sweary_5.wav,"5 minutes left, come on, keep your shit together, we can win this","5 minutes left, come on, keep your shit together, we can win this","5 minutes left, come on, keep your shit together, we can win this"
\voice\race_time\five_minutes_left_podium,1_op_suffix_come_on.wav,"that's 5 minutes to go, come on, keep it together, we'll be on the podium here","that's 5 minutes to go, come on, keep it together, we'll be on the podium here","that's 5 minutes to go, come on, keep it together, we'll be on the podium here"
\voice\race_time\five_minutes_left_podium,2.wav,"5 minutes to go, you're looking good for a podium","5 minutes to go, you're looking good for a podium","5 minutes to go, you're looking good for a podium"
\voice\race_time\five_minutes_left_podium,3.wav,"5 minutes to go, this is good, we'll be on the podium if we can keep it together","5 minutes to go, this is good, we'll be on the podium if we can keep it together","5 minutes to go, this is good, we'll be on the podium if we can keep it together"
\voice\race_time\half_way,1.wav,you're half-way home,you're half-way home,you're half-way home
\voice\race_time\half_way,2.wav,that's half-way,that's half-way,that's half-way
\voice\race_time\half_way,3.wav,that's half-distance,that's half-distance,that's half-distance
\voice\race_time\half_way,op_prefix_ok_4.wav,we're half-way home,we're half-way home,we're half-way home
\voice\race_time\half_way,op_prefix_ok_5.wav,we're at the half-way point,we're at the half-way point,we're at the half-way point
\voice\race_time\half_way,op_prefix_ok_6.wav,we're half-way through,we're half-way through,we're half-way through
\voice\race_time\half_way,op_prefix_ok_7.wav,we're half-way home,we're half-way home,we're half-way home
\voice\race_time\half_way,op_prefix_ok_8.wav,half-distance,half-distance,half-distance
\voice\race_time\half_way,op_prefix_ok_9.wav,that's half-distance,that's half-distance,that's half-distance
\voice\race_time\laps_remaining,1.wav,laps left,laps left,laps left
\voice\race_time\laps_remaining,2.wav,laps to go,laps to go,laps to go
\voice\race_time\laps_remaining,3.wav,laps remaining,laps remaining,laps remaining
\voice\race_time\last_lap,1.wav,1 more lap to go,1 more lap to go,1 more lap to go
\voice\race_time\last_lap,3.wav,1 more lap to go,1 more lap to go,1 more lap to go
\voice\race_time\last_lap,4.wav,last lap,last lap,last lap
\voice\race_time\last_lap_leading,1.wav,"1 more lap for the win, come on","1 more lap for the win, come on","1 more lap for the win, come on"
\voice\race_time\last_lap_leading,2.wav,"1 more lap to go, stay focused","1 more lap to go, stay focused","1 more lap to go, stay focused"
\voice\race_time\last_lap_leading,3.wav,"1 more lap, you're P1","1 more lap, you're P1","1 more lap, you're P1"
\voice\race_time\last_lap_leading,4.wav,"1 more lap, keep it together, we'll win this","1 more lap, keep it together, we'll win this","1 more lap, keep it together, we'll win this"
\voice\race_time\last_lap_top_three,1.wav,"last lap, looking good for a podium","last lap, looking good for a podium","last lap, looking good for a podium"
\voice\race_time\last_lap_top_three,2.wav,"last lap, bring it on home","last lap, bring it on home","last lap, bring it on home"
\voice\race_time\last_lap_top_three,3.wav,"1 more to go, keep it together, we'll be on the podium","1 more to go, keep it together, we'll be on the podium","1 more to go, keep it together, we'll be on the podium"
\voice\race_time\less_than_one_minute,1.wav,less than a minute,less than a minute,less than a minute
\voice\race_time\less_than_one_minute,2.wav,less than 1 minute,less than 1 minute,less than 1 minute
\voice\race_time\less_than_one_minute,3.wav,less than a minute,less than a minute,less than a minute
\voice\race_time\one_minute_remaining,1.wav,1 minute remaining,1 minute remaining,1 minute remaining
\voice\race_time\one_minute_remaining,2.wav,"1 minute left, 1 minute","1 minute left, 1 minute","1 minute left, 1 minute"
\voice\race_time\one_minute_remaining,3.wav,1 minute left,1 minute left,1 minute left
\voice\race_time\one_more_lap_after_this_one,1.wav,1 more lap after this one,1 more lap after this one,1 more lap after this one
\voice\race_time\one_more_lap_after_this_one,2.wav,1 more to go after this,1 more to go after this,1 more to go after this
\voice\race_time\one_more_lap_after_this_one,3.wav,1 more remaining after this one,1 more remaining after this one,1 more remaining after this one
\voice\race_time\remaining,1.wav,remaining,remaining,remaining
\voice\race_time\remaining,2.wav,remaining,remaining,remaining
\voice\race_time\remaining,3.wav,to go,to go,to go
\voice\race_time\ten_minutes_left,1_op_prefix_ok.wav,"10 minutes to go, that's 10 minutes left","10 minutes to go, that's 10 minutes left","10 minutes to go, that's 10 minutes left"
\voice\race_time\ten_minutes_left,2.wav,"10 minutes remaining, 10 minutes","10 minutes remaining, 10 minutes","10 minutes remaining, 10 minutes"
\voice\race_time\ten_minutes_left,3.wav,"you got 10 minutes left, 10 minutes to go","you got 10 minutes left, 10 minutes to go","you got 10 minutes left, 10 minutes to go"
\voice\race_time\this_is_the_last_lap,1.wav,this is your last lap,this is your last lap,this is your last lap
\voice\race_time\this_is_the_last_lap,2.wav,this is the last lap,this is the last lap,this is the last lap
\voice\race_time\this_is_the_last_lap,3.wav,this is your last lap,this is your last lap,this is your last lap
\voice\race_time\twenty_minutes_left,1.wav,"that's 20 minutes to go, 20 minutes","that's 20 minutes to go, 20 minutes","that's 20 minutes to go, 20 minutes"
\voice\race_time\twenty_minutes_left,2.wav,"20 minutes remaining, you got 20 minutes left","20 minutes remaining, you got 20 minutes left","20 minutes remaining, you got 20 minutes left"
\voice\race_time\twenty_minutes_left,3.wav,that's 20 minutes to go,that's 20 minutes to go,that's 20 minutes to go
\voice\race_time\two_minutes_left,1.wav,"2 minutes to go, 2 minutes","2 minutes to go, 2 minutes","2 minutes to go, 2 minutes"
\voice\race_time\two_minutes_left,2.wav,"just 2 minutes left, 2 minutes to go","just 2 minutes left, 2 minutes to go","just 2 minutes left, 2 minutes to go"
\voice\race_time\two_minutes_left,3.wav,"that's 2 minutes left, 2 minutes","that's 2 minutes left, 2 minutes","that's 2 minutes left, 2 minutes"
\voice\race_time\zero_minutes_left,1.wav,checkered flag's out,checkered flag's out,checkered flag's out
\voice\race_time\zero_minutes_left,2.wav,checkered flag,checkered flag,checkered flag
\voice\race_time\zero_minutes_left,3.wav,checkered flag's out,checkered flag's out,checkered flag's out
\voice\tyre_monitor\all_tyres_dirty,1.wav,you have dirt pick on all your tyres,you have dirt pick on all your tyres,you have dirt pick on all your tyres
\voice\tyre_monitor\all_tyres_dirty,2.wav,you have dirt pick on all your tyres,you have dirt pick on all your tyres,you have dirt pick on all your tyres
\voice\tyre_monitor\all_tyres_dirty,3.wav,you have dirt pick on all your tyres,you have dirt pick on all your tyres,you have dirt pick on all your tyres
\voice\tyre_monitor\all_tyres_dirty,4.wav,you have dirt pick on all your tyres,you have dirt pick on all your tyres,you have dirt pick on all your tyres
\voice\tyre_monitor\all_tyres_dirty,5.wav,you have dirt pick on all your tyres,you have dirt pick on all your tyres,you have dirt pick on all your tyres
\voice\tyre_monitor\all_tyres_dirty,6.wav,you have dirt pick on all your tyres,you have dirt pick on all your tyres,you have dirt pick on all your tyres
\voice\tyre_monitor\alternates,1.wav,alternates,alternates,alternates
\voice\tyre_monitor\alternates,2.wav,alternates,alternates,alternates
\voice\tyre_monitor\alternates,3.wav,alternates,alternates,alternates
\voice\tyre_monitor\are_about,1.wav,are about,are about,are about
\voice\tyre_monitor\are_about,2.wav,are about,are about,are about
\voice\tyre_monitor\are_about,3.wav,are about,are about,are about
\voice\tyre_monitor\average_front_inner_and_outer_same,1.wav,your average front inner and outer temps are about the same,your average front inner and outer temps are about the same,your average front inner and outer temps are about the same
\voice\tyre_monitor\average_front_inner_and_outer_same,2.wav,your average front inner and outer temperatures are about the same,your average front inner and outer temperatures are about the same,your average front inner and outer temperatures are about the same
\voice\tyre_monitor\average_front_inner_and_outer_same,3.wav,your average front inner and outer temps are about the same,your average front inner and outer temps are about the same,your average front inner and outer temps are about the same
\voice\tyre_monitor\average_front_inner_and_outer_same,4.wav,your average front inner and outer temperatures are about the same,your average front inner and outer temperatures are about the same,your average front inner and outer temperatures are about the same
\voice\tyre_monitor\average_front_inner_and_outer_same,5.wav,your average front inner and outer temperatures are about the same,your average front inner and outer temperatures are about the same,your average front inner and outer temperatures are about the same
\voice\tyre_monitor\average_front_inner_temps_are,1.wav,your average front inner temperatures are,your average front inner temperatures are,your average front inner temperatures are
\voice\tyre_monitor\average_front_inner_temps_are,2.wav,your average front inner temps are,your average front inner temps are,your average front inner temps are
\voice\tyre_monitor\average_front_inner_temps_are,3.wav,your average front inner temps are,your average front inner temps are,your average front inner temps are
\voice\tyre_monitor\average_front_inner_temps_are,4.wav,your average front inner temps are,your average front inner temps are,your average front inner temps are
\voice\tyre_monitor\average_front_inner_temps_are,5.wav,your average front inner temps are,your average front inner temps are,your average front inner temps are
\voice\tyre_monitor\average_rear_inner_and_outer_same,1.wav,your average rear inner and outer temperatures are about the same,your average rear inner and outer temperatures are about the same,your average rear inner and outer temperatures are about the same
\voice\tyre_monitor\average_rear_inner_and_outer_same,2.wav,your average rear inner and outer temperatures are about the same,your average rear inner and outer temperatures are about the same,your average rear inner and outer temperatures are about the same
\voice\tyre_monitor\average_rear_inner_and_outer_same,3.wav,your average rear inner and outer temps are about the same,your average rear inner and outer temps are about the same,your average rear inner and outer temps are about the same
\voice\tyre_monitor\average_rear_inner_and_outer_same,4.wav,your average rear inner and outer temperatures are about the same,your average rear inner and outer temperatures are about the same,your average rear inner and outer temperatures are about the same
\voice\tyre_monitor\average_rear_inner_and_outer_same,5.wav,your average rear inner and outer temperatures are about the same,your average rear inner and outer temperatures are about the same,your average rear inner and outer temperatures are about the same
\voice\tyre_monitor\average_rear_inner_temps_are,1.wav,your average rear inner temperatures are,your average rear inner temperatures are,your average rear inner temperatures are
\voice\tyre_monitor\average_rear_inner_temps_are,2.wav,your average rear inner temps are,your average rear inner temps are,your average rear inner temps are
\voice\tyre_monitor\average_rear_inner_temps_are,3.wav,your average rear inner temperatures are,your average rear inner temperatures are,your average rear inner temperatures are
\voice\tyre_monitor\average_rear_inner_temps_are,4.wav,your average rear inner temps are,your average rear inner temps are,your average rear inner temps are
\voice\tyre_monitor\average_rear_inner_temps_are,5.wav,your average rear inner temperatures are,your average rear inner temperatures are,your average rear inner temperatures are
\voice\tyre_monitor\bar,4.wav,bar,bar,bar
\voice\tyre_monitor\bar,5.wav,bar,bar,bar
\voice\tyre_monitor\bar,6.wav,bar,bar,bar
\voice\tyre_monitor\camber_ok,1.wav,it's probably okay,it's probably okay,it's probably okay
\voice\tyre_monitor\camber_ok,2.wav,it looks about right,it looks about right,it looks about right
\voice\tyre_monitor\camber_ok,3.wav,it looks okay,it looks okay,it looks okay
\voice\tyre_monitor\camber_ok,4.wav,it looks okay to us,it looks okay to us,it looks okay to us
\voice\tyre_monitor\camber_ok,5.wav,it's probably fine,it's probably fine,it's probably fine
\voice\tyre_monitor\celsius_colder_than_outer,1.wav,celsius colder than the outer,celsius colder than the outer,celsius colder than the outer
\voice\tyre_monitor\celsius_colder_than_outer,2.wav,celsius colder than the outer,celsius colder than the outer,celsius colder than the outer
\voice\tyre_monitor\celsius_colder_than_outer,3.wav,celsius colder than the outer,celsius colder than the outer,celsius colder than the outer
\voice\tyre_monitor\celsius_colder_than_outer,4.wav,celsius colder than the outer,celsius colder than the outer,celsius colder than the outer
\voice\tyre_monitor\celsius_colder_than_outer,5.wav,celsius colder than the outer,celsius colder than the outer,celsius colder than the outer
\voice\tyre_monitor\celsius_colder_than_outers,1.wav,celsius colder than the outers,celsius colder than the outers,celsius colder than the outers
\voice\tyre_monitor\celsius_colder_than_outers,2.wav,celsius colder than the outers,celsius colder than the outers,celsius colder than the outers
\voice\tyre_monitor\celsius_colder_than_outers,3.wav,celsius colder than the outers,celsius colder than the outers,celsius colder than the outers
\voice\tyre_monitor\celsius_colder_than_outers,4.wav,celsius colder than your outers,celsius colder than your outers,celsius colder than your outers
\voice\tyre_monitor\celsius_colder_than_outers,5.wav,celsius colder than your outers,celsius colder than your outers,celsius colder than your outers
\voice\tyre_monitor\celsius_hotter_than_outer,1.wav,celsius hotter than the outer,celsius hotter than the outer,celsius hotter than the outer
\voice\tyre_monitor\celsius_hotter_than_outer,2.wav,celsius hotter than the outer,celsius hotter than the outer,celsius hotter than the outer
\voice\tyre_monitor\celsius_hotter_than_outer,3.wav,celsius hotter than the outer,celsius hotter than the outer,celsius hotter than the outer
\voice\tyre_monitor\celsius_hotter_than_outer,4.wav,celsius hotter than the outer,celsius hotter than the outer,celsius hotter than the outer
\voice\tyre_monitor\celsius_hotter_than_outer,5.wav,celsius hotter than the outer,celsius hotter than the outer,celsius hotter than the outer
\voice\tyre_monitor\celsius_hotter_than_outers,1.wav,celsius hotter than the outers,celsius hotter than the outers,celsius hotter than the outers
\voice\tyre_monitor\celsius_hotter_than_outers,2.wav,celsius hotter than the outers,celsius hotter than the outers,celsius hotter than the outers
\voice\tyre_monitor\celsius_hotter_than_outers,3.wav,celsius hotter than the outers,celsius hotter than the outers,celsius hotter than the outers
\voice\tyre_monitor\celsius_hotter_than_outers,4.wav,celsius hotter than your outers,celsius hotter than your outers,celsius hotter than your outers
\voice\tyre_monitor\celsius_hotter_than_outers,5.wav,celsius hotter than your outers,celsius hotter than your outers,celsius hotter than your outers
\voice\tyre_monitor\cold_brakes_all_round,1.wav,"your brakes are cold, take it easy","your brakes are cold, take it easy","your brakes are cold, take it easy"
\voice\tyre_monitor\cold_brakes_all_round,10.wav,"you got cold brakes all around, be careful","you got cold brakes all around, be careful","you got cold brakes all around, be careful"
\voice\tyre_monitor\cold_brakes_all_round,11.wav,"your brakes are cold, be careful","your brakes are cold, be careful","your brakes are cold, be careful"
\voice\tyre_monitor\cold_brakes_all_round,2.wav,"your brakes are cold, be careful","your brakes are cold, be careful","your brakes are cold, be careful"
\voice\tyre_monitor\cold_brakes_all_round,3.wav,"your brakes are cold, let's get some heat into them","your brakes are cold, let's get some heat into them","your brakes are cold, let's get some heat into them"
\voice\tyre_monitor\cold_brakes_all_round,4.wav,let's get some heat into these brakes,let's get some heat into these brakes,let's get some heat into these brakes
\voice\tyre_monitor\cold_brakes_all_round,5.wav,we need to get some heat into these brakes,we need to get some heat into these brakes,we need to get some heat into these brakes
\voice\tyre_monitor\cold_brakes_all_round,6.wav,you've got cold brakes all around,you've got cold brakes all around,you've got cold brakes all around
\voice\tyre_monitor\cold_brakes_all_round,7.wav,"your brake temperatures are low, we need to get some heat into them","your brake temperatures are low, we need to get some heat into them","your brake temperatures are low, we need to get some heat into them"
\voice\tyre_monitor\cold_brakes_all_round,8.wav,we need to get some head into these brakes,we need to get some head into these brakes,we need to get some head into these brakes
\voice\tyre_monitor\cold_brakes_all_round,9.wav,"your brakes are cold, we need to get some heat into them","your brakes are cold, we need to get some heat into them","your brakes are cold, we need to get some heat into them"
\voice\tyre_monitor\cold_front_brakes,1.wav,"your front brakes are cold, take care","your front brakes are cold, take care","your front brakes are cold, take care"
\voice\tyre_monitor\cold_front_brakes,2.wav,"be careful, mate, your front brakes are cold","be careful, mate, your front brakes are cold","be careful, mate, your front brakes are cold"
\voice\tyre_monitor\cold_front_brakes,3.wav,your front brakes are cold,your front brakes are cold,your front brakes are cold
\voice\tyre_monitor\cold_front_tyres,1.wav,your front tyres are cold,your front tyres are cold,your front tyres are cold
\voice\tyre_monitor\cold_front_tyres,2.wav,your front tyres are cold,your front tyres are cold,your front tyres are cold
\voice\tyre_monitor\cold_front_tyres,3.wav,you got cold front tyres,you got cold front tyres,you got cold front tyres
\voice\tyre_monitor\cold_left_tyres,1.wav,left side tyres are cold,left side tyres are cold,left side tyres are cold
\voice\tyre_monitor\cold_left_tyres,2.wav,your left side tyres are cold,your left side tyres are cold,your left side tyres are cold
\voice\tyre_monitor\cold_left_tyres,3.wav,left side tyres are cold,left side tyres are cold,left side tyres are cold
\voice\tyre_monitor\cold_rear_brakes,1.wav,"your rear brakes are cold, mate","your rear brakes are cold, mate","your rear brakes are cold, mate"
\voice\tyre_monitor\cold_rear_brakes,2.wav,"your rear brakes are cold, be careful","your rear brakes are cold, be careful","your rear brakes are cold, be careful"
\voice\tyre_monitor\cold_rear_brakes,3.wav,your rear brakes are cold,your rear brakes are cold,your rear brakes are cold
\voice\tyre_monitor\cold_rear_tyres,1.wav,your rear tyres are cold,your rear tyres are cold,your rear tyres are cold
\voice\tyre_monitor\cold_rear_tyres,2.wav,your rears are cold,your rears are cold,your rears are cold
\voice\tyre_monitor\cold_rear_tyres,3.wav,"watch your rear tyres, they're pretty cold","watch your rear tyres, they're pretty cold","watch your rear tyres, they're pretty cold"
\voice\tyre_monitor\cold_right_tyres,1.wav,your right tyres are cold,your right tyres are cold,your right tyres are cold
\voice\tyre_monitor\cold_right_tyres,2.wav,your right side tyres are cold,your right side tyres are cold,your right side tyres are cold
\voice\tyre_monitor\cold_right_tyres,3.wav,your right sides are cold,your right sides are cold,your right sides are cold
\voice\tyre_monitor\cold_tyres_all_round,1.wav,cold tyres all around,cold tyres all around,cold tyres all around
\voice\tyre_monitor\cold_tyres_all_round,2.wav,"your tyres are cold, watch out","your tyres are cold, watch out","your tyres are cold, watch out"
\voice\tyre_monitor\cold_tyres_all_round,3.wav,"take it easy, you got cold tyres","take it easy, you got cold tyres","take it easy, you got cold tyres"
\voice\tyre_monitor\compound_a,4.wav,A's,A's,A's
\voice\tyre_monitor\compound_a,5.wav,A's,A's,A's
\voice\tyre_monitor\compound_a,6.wav,A's,A's,A's
\voice\tyre_monitor\compound_b,7.wav,B's,B's,B's
\voice\tyre_monitor\compound_b,8.wav,B's,B's,B's
\voice\tyre_monitor\compound_b,9.wav,B's,B's,B's
\voice\tyre_monitor\compound_c,10.wav,C's,C's,C's
\voice\tyre_monitor\compound_c,11.wav,C's,C's,C's
\voice\tyre_monitor\compound_c,12.wav,C's,C's,C's
\voice\tyre_monitor\compound_d,13.wav,D's,D's,D's
\voice\tyre_monitor\compound_d,14.wav,D's,D's,D's
\voice\tyre_monitor\compound_d,15.wav,D's,D's,D's
\voice\tyre_monitor\cooking_brakes_all_round,1.wav,"your brake temperatures are all really high, we're gonna have to cool them","your brake temperatures are all really high, we're gonna have to cool them","your brake temperatures are all really high, we're gonna have to cool them"
\voice\tyre_monitor\cooking_brakes_all_round,2.wav,"your brake temperatures are really high, mate, they're cooking","your brake temperatures are really high, mate, they're cooking","your brake temperatures are really high, mate, they're cooking"
\voice\tyre_monitor\cooking_brakes_all_round,3.wav,your brake temperatures are far too high,your brake temperatures are far too high,your brake temperatures are far too high
\voice\tyre_monitor\cooking_front_brakes,1.wav,your front brakes are really hot,your front brakes are really hot,your front brakes are really hot
\voice\tyre_monitor\cooking_front_brakes,2.wav,"your front brakes are cooking, mate","your front brakes are cooking, mate","your front brakes are cooking, mate"
\voice\tyre_monitor\cooking_front_brakes,3.wav,your front brakes are far too hot,your front brakes are far too hot,your front brakes are far too hot
\voice\tyre_monitor\cooking_front_tyres,1.wav,"you're cooking your front tyres, mate","you're cooking your front tyres, mate","you're cooking your front tyres, mate"
\voice\tyre_monitor\cooking_front_tyres,2.wav,your front tyres are really hot,your front tyres are really hot,your front tyres are really hot
\voice\tyre_monitor\cooking_front_tyres,3.wav,your front tyres are far too hot,your front tyres are far too hot,your front tyres are far too hot
\voice\tyre_monitor\cooking_left_front_tyre,1.wav,you're cooking your left front tyre,you're cooking your left front tyre,you're cooking your left front tyre
\voice\tyre_monitor\cooking_left_front_tyre,2.wav,your left front tyre is really hot,your left front tyre is really hot,your left front tyre is really hot
\voice\tyre_monitor\cooking_left_front_tyre,3.wav,your left front's cooking,your left front's cooking,your left front's cooking
\voice\tyre_monitor\cooking_left_rear_tyre,1.wav,you're cooking your left rear tyre,you're cooking your left rear tyre,you're cooking your left rear tyre
\voice\tyre_monitor\cooking_left_rear_tyre,2.wav,your left rear is really hot,your left rear is really hot,your left rear is really hot
\voice\tyre_monitor\cooking_left_rear_tyre,3.wav,"your left rear's cooking, mate","your left rear's cooking, mate","your left rear's cooking, mate"
\voice\tyre_monitor\cooking_left_tyres,1.wav,you're cooking your left side tyres,you're cooking your left side tyres,you're cooking your left side tyres
\voice\tyre_monitor\cooking_left_tyres,2.wav,your left side tyres are far too hot,your left side tyres are far too hot,your left side tyres are far too hot
\voice\tyre_monitor\cooking_left_tyres,3.wav,your left side tyres are really hot,your left side tyres are really hot,your left side tyres are really hot
\voice\tyre_monitor\cooking_rear_brakes,1.wav,"your rear brakes have overheated, they're really hot","your rear brakes have overheated, they're really hot","your rear brakes have overheated, they're really hot"
\voice\tyre_monitor\cooking_rear_brakes,2.wav,"your rear brakes are too hot, mate","your rear brakes are too hot, mate","your rear brakes are too hot, mate"
\voice\tyre_monitor\cooking_rear_brakes,3.wav,your rear brakes are really hot,your rear brakes are really hot,your rear brakes are really hot
\voice\tyre_monitor\cooking_rear_tyres,1.wav,"you're cooking your rear tyres, mate","you're cooking your rear tyres, mate","you're cooking your rear tyres, mate"
\voice\tyre_monitor\cooking_rear_tyres,2.wav,your rear tyres are really hot,your rear tyres are really hot,your rear tyres are really hot
\voice\tyre_monitor\cooking_rear_tyres,3.wav,"your rear tyres are too hot, they're not gonna last","your rear tyres are too hot, they're not gonna last","your rear tyres are too hot, they're not gonna last"
\voice\tyre_monitor\cooking_right_front_tyre,1.wav,you're cooking your right front tyre,you're cooking your right front tyre,you're cooking your right front tyre
\voice\tyre_monitor\cooking_right_front_tyre,2.wav,your right front tyre is cooking,your right front tyre is cooking,your right front tyre is cooking
\voice\tyre_monitor\cooking_right_front_tyre,3.wav,your right front's really hot,your right front's really hot,your right front's really hot
\voice\tyre_monitor\cooking_right_rear_tyre,1.wav,"you're cooking your right rear tyre, mate","you're cooking your right rear tyre, mate","you're cooking your right rear tyre, mate"
\voice\tyre_monitor\cooking_right_rear_tyre,2.wav,"your right rear's really, really hot","your right rear's really, really hot","your right rear's really, really hot"
\voice\tyre_monitor\cooking_right_rear_tyre,3.wav,your right rear tyre is cooking,your right rear tyre is cooking,your right rear tyre is cooking
\voice\tyre_monitor\cooking_right_tyres,1.wav,"you're cooking your right side tyres, mate","you're cooking your right side tyres, mate","you're cooking your right side tyres, mate"
\voice\tyre_monitor\cooking_right_tyres,2.wav,your right side tyres are really hot,your right side tyres are really hot,your right side tyres are really hot
\voice\tyre_monitor\cooking_right_tyres,3.wav,your right side tyres are far too hot,your right side tyres are far too hot,your right side tyres are far too hot
\voice\tyre_monitor\cooking_tyres_all_round,1.wav,"we need to cool these tyres down, mate, they're really hot","we need to cool these tyres down, mate, they're really hot","we need to cool these tyres down, mate, they're really hot"
\voice\tyre_monitor\cooking_tyres_all_round,2.wav,"back off a bit, these tyres are not gonna last like this","back off a bit, these tyres are not gonna last like this","back off a bit, these tyres are not gonna last like this"
\voice\tyre_monitor\cooking_tyres_all_round,3.wav,"your tyres are cooking all around, they're really hot","your tyres are cooking all around, they're really hot","your tyres are cooking all around, they're really hot"
\voice\tyre_monitor\damage_to_front_tyres,1.wav,you've damaged both front tyres,you've damaged both front tyres,you've damaged both front tyres
\voice\tyre_monitor\damage_to_front_tyres,2.wav,you've damaged both front tyres,you've damaged both front tyres,you've damaged both front tyres
\voice\tyre_monitor\damage_to_front_tyres,3.wav,you've damaged both front tyres,you've damaged both front tyres,you've damaged both front tyres
\voice\tyre_monitor\damage_to_left_front_tyre,1.wav,you've damaged your left front tyre,you've damaged your left front tyre,you've damaged your left front tyre
\voice\tyre_monitor\damage_to_left_front_tyre,2.wav,you've damaged your left front tyre,you've damaged your left front tyre,you've damaged your left front tyre
\voice\tyre_monitor\damage_to_left_front_tyre,3.wav,you've damaged your left front tyre,you've damaged your left front tyre,you've damaged your left front tyre
\voice\tyre_monitor\damage_to_left_rear_tyre,1.wav,you've damaged your left rear tyre,you've damaged your left rear tyre,you've damaged your left rear tyre
\voice\tyre_monitor\damage_to_left_rear_tyre,2.wav,you've damaged your left rear tyre,you've damaged your left rear tyre,you've damaged your left rear tyre
\voice\tyre_monitor\damage_to_left_rear_tyre,3.wav,you've damaged your left rear tyre,you've damaged your left rear tyre,you've damaged your left rear tyre
\voice\tyre_monitor\damage_to_rear_tyres,1.wav,you've damaged both rear tyres,you've damaged both rear tyres,you've damaged both rear tyres
\voice\tyre_monitor\damage_to_rear_tyres,2.wav,you've damaged both rear tyres,you've damaged both rear tyres,you've damaged both rear tyres
\voice\tyre_monitor\damage_to_rear_tyres,3.wav,you've damaged both rear tyres,you've damaged both rear tyres,you've damaged both rear tyres
\voice\tyre_monitor\damage_to_right_front_tyre,1.wav,you've damaged your right front tyre,you've damaged your right front tyre,you've damaged your right front tyre
\voice\tyre_monitor\damage_to_right_front_tyre,2.wav,you've damaged your right front tyre,you've damaged your right front tyre,you've damaged your right front tyre
\voice\tyre_monitor\damage_to_right_front_tyre,3.wav,you've damaged your right front tyre,you've damaged your right front tyre,you've damaged your right front tyre
\voice\tyre_monitor\damage_to_right_rear_tyre,1.wav,you've damaged your right rear tyre,you've damaged your right rear tyre,you've damaged your right rear tyre
\voice\tyre_monitor\damage_to_right_rear_tyre,2.wav,you've damaged your right rear tyre,you've damaged your right rear tyre,you've damaged your right rear tyre
\voice\tyre_monitor\damage_to_right_rear_tyre,3.wav,you've damaged your right rear tyre,you've damaged your right rear tyre,you've damaged your right rear tyre
\voice\tyre_monitor\faster_than,4.wav,faster than,faster than,faster than
\voice\tyre_monitor\faster_than,5.wav,quicker than,quicker than,quicker than
\voice\tyre_monitor\faster_than,6.wav,faster than,faster than,faster than
\voice\tyre_monitor\front_pressures_high,2.wav,your front pressures look a bit high,your front pressures look a bit high,your front pressures look a bit high
\voice\tyre_monitor\front_pressures_low,4.wav,your front pressures are a bit low,your front pressures are a bit low,your front pressures are a bit low
\voice\tyre_monitor\front_pressures_ok,3.wav,your front pressures look okay,your front pressures look okay,your front pressures look okay
\voice\tyre_monitor\front_pressures_very_high,1.wav,your front pressures are very high,your front pressures are very high,your front pressures are very high
\voice\tyre_monitor\front_pressures_very_low,5.wav,your front pressures are very low,your front pressures are very low,your front pressures are very low
\voice\tyre_monitor\fronts_are_flat_spotted,1.wav,your front tyres are flat spotted,your front tyres are flat spotted,your front tyres are flat spotted
\voice\tyre_monitor\fronts_are_flat_spotted,2.wav,your front tyres are flat spotted,your front tyres are flat spotted,your front tyres are flat spotted
\voice\tyre_monitor\fronts_are_flat_spotted,3.wav,your front tyres are flat spotted,your front tyres are flat spotted,your front tyres are flat spotted
\voice\tyre_monitor\fronts_are_flat_spotted,4.wav,your front tyres are flat spotted,your front tyres are flat spotted,your front tyres are flat spotted
\voice\tyre_monitor\fronts_are_flat_spotted,5.wav,your front tyres are flat spotted,your front tyres are flat spotted,your front tyres are flat spotted
\voice\tyre_monitor\good_brake_temps,1.wav,your brake temperatures look good,your brake temperatures look good,your brake temperatures look good
\voice\tyre_monitor\good_brake_temps,10.wav,your brake temperatures are fine,your brake temperatures are fine,your brake temperatures are fine
\voice\tyre_monitor\good_brake_temps,2.wav,"your brake temperatures are fine, mate","your brake temperatures are fine, mate","your brake temperatures are fine, mate"
\voice\tyre_monitor\good_brake_temps,3.wav,your brake temperatures are looking good,your brake temperatures are looking good,your brake temperatures are looking good
\voice\tyre_monitor\good_brake_temps,4.wav,your brake temps look good,your brake temps look good,your brake temps look good
\voice\tyre_monitor\good_brake_temps,5.wav,your brake temperatures look good,your brake temperatures look good,your brake temperatures look good
\voice\tyre_monitor\good_brake_temps,6.wav,your brake temperatures look good,your brake temperatures look good,your brake temperatures look good
\voice\tyre_monitor\good_brake_temps,7.wav,your brake temperatures are okay,your brake temperatures are okay,your brake temperatures are okay
\voice\tyre_monitor\good_brake_temps,8.wav,your brake temperatures are okay,your brake temperatures are okay,your brake temperatures are okay
\voice\tyre_monitor\good_brake_temps,9.wav,your brake temps are good,your brake temps are good,your brake temps are good
\voice\tyre_monitor\good_tyre_temps,1.wav,your tyre temperatures look good,your tyre temperatures look good,your tyre temperatures look good
\voice\tyre_monitor\good_tyre_temps,10.wav,tyre temps are good,tyre temps are good,tyre temps are good
\voice\tyre_monitor\good_tyre_temps,11.wav,your tyre temperatures are good,your tyre temperatures are good,your tyre temperatures are good
\voice\tyre_monitor\good_tyre_temps,12.wav,your tyre temps are all good,your tyre temps are all good,your tyre temps are all good
\voice\tyre_monitor\good_tyre_temps,13.wav,your tyre temperatures look good,your tyre temperatures look good,your tyre temperatures look good
\voice\tyre_monitor\good_tyre_temps,2.wav,your tyre temperatures are okay,your tyre temperatures are okay,your tyre temperatures are okay
\voice\tyre_monitor\good_tyre_temps,3.wav,your tyre temps are looking good,your tyre temps are looking good,your tyre temps are looking good
\voice\tyre_monitor\good_tyre_temps,4.wav,your tyre temperatures are fine,your tyre temperatures are fine,your tyre temperatures are fine
\voice\tyre_monitor\good_tyre_temps,5.wav,your tyre temps are good,your tyre temps are good,your tyre temps are good
\voice\tyre_monitor\good_tyre_temps,6.wav,your tyre temps are all fine,your tyre temps are all fine,your tyre temps are all fine
\voice\tyre_monitor\good_tyre_temps,7.wav,tyre temps are good,tyre temps are good,tyre temps are good
\voice\tyre_monitor\good_tyre_temps,8.wav,tyre temperatures are good,tyre temperatures are good,tyre temperatures are good
\voice\tyre_monitor\good_tyre_temps,9.wav,your tyre temperatures look good,your tyre temperatures look good,your tyre temperatures look good
\voice\tyre_monitor\good_wear,1.wav,"your tyre wear looks fine, mate","your tyre wear looks fine, mate","your tyre wear looks fine, mate"
\voice\tyre_monitor\good_wear,2.wav,we're not seeing any significant tyre wear,we're not seeing any significant tyre wear,we're not seeing any significant tyre wear
\voice\tyre_monitor\good_wear,3.wav,"your tyres are fine, mate, just push","your tyres are fine, mate, just push","your tyres are fine, mate, just push"
\voice\tyre_monitor\good_wear_general,1.wav,"your tyre wear looks fine, mate","your tyre wear looks fine, mate","your tyre wear looks fine, mate"
\voice\tyre_monitor\good_wear_general,2.wav,we're not seeing any significant tyre wear,we're not seeing any significant tyre wear,we're not seeing any significant tyre wear
\voice\tyre_monitor\hards,16.wav,hards,hards,hards
\voice\tyre_monitor\hards,17.wav,hards,hards,hards
\voice\tyre_monitor\hards,18.wav,hards,hards,hards
\voice\tyre_monitor\hot_brakes_all_round,1.wav,your brakes are hot,your brakes are hot,your brakes are hot
\voice\tyre_monitor\hot_brakes_all_round,2.wav,your brakes are hot all around,your brakes are hot all around,your brakes are hot all around
\voice\tyre_monitor\hot_brakes_all_round,3.wav,your brake temperatures are pretty high,your brake temperatures are pretty high,your brake temperatures are pretty high
\voice\tyre_monitor\hot_front_brakes,1.wav,your front brakes are getting a bit hot,your front brakes are getting a bit hot,your front brakes are getting a bit hot
\voice\tyre_monitor\hot_front_brakes,2.wav,your front brakes are getting pretty hot,your front brakes are getting pretty hot,your front brakes are getting pretty hot
\voice\tyre_monitor\hot_front_brakes,3.wav,your front brakes are pretty hot now,your front brakes are pretty hot now,your front brakes are pretty hot now
\voice\tyre_monitor\hot_front_tyres,1.wav,your front tyres are looking a little hot,your front tyres are looking a little hot,your front tyres are looking a little hot
\voice\tyre_monitor\hot_front_tyres,2.wav,your front tyres are hot,your front tyres are hot,your front tyres are hot
\voice\tyre_monitor\hot_front_tyres,3.wav,"front tyres are hot, fronts are hot","front tyres are hot, fronts are hot","front tyres are hot, fronts are hot"
\voice\tyre_monitor\hot_left_front_tyre,1.wav,your left front tyre is running hot,your left front tyre is running hot,your left front tyre is running hot
\voice\tyre_monitor\hot_left_front_tyre,2.wav,your left front is hot,your left front is hot,your left front is hot
\voice\tyre_monitor\hot_left_front_tyre,3.wav,your left front's hot,your left front's hot,your left front's hot
\voice\tyre_monitor\hot_left_rear_tyre,1.wav,left rear tyre looks a little hot,left rear tyre looks a little hot,left rear tyre looks a little hot
\voice\tyre_monitor\hot_left_rear_tyre,2.wav,your left rear is hot,your left rear is hot,your left rear is hot
\voice\tyre_monitor\hot_left_rear_tyre,3.wav,your left rear is hot,your left rear is hot,your left rear is hot
\voice\tyre_monitor\hot_left_tyres,1.wav,your left side tyres are running hot,your left side tyres are running hot,your left side tyres are running hot
\voice\tyre_monitor\hot_left_tyres,2.wav,your left side tyres hot,your left side tyres hot,your left side tyres hot
\voice\tyre_monitor\hot_left_tyres,3.wav,your left sides are running hot,your left sides are running hot,your left sides are running hot
\voice\tyre_monitor\hot_left_tyres,4.wav,you need to watch your left side tyre temperatures,you need to watch your left side tyre temperatures,you need to watch your left side tyre temperatures
\voice\tyre_monitor\hot_rear_brakes,1.wav,your rear brakes are getting pretty hot,your rear brakes are getting pretty hot,your rear brakes are getting pretty hot
\voice\tyre_monitor\hot_rear_brakes,2.wav,your rear brakes are starting to overheat,your rear brakes are starting to overheat,your rear brakes are starting to overheat
\voice\tyre_monitor\hot_rear_brakes,3.wav,your rear brakes are hot,your rear brakes are hot,your rear brakes are hot
\voice\tyre_monitor\hot_rear_tyres,1.wav,your rear tyres are getting hot,your rear tyres are getting hot,your rear tyres are getting hot
\voice\tyre_monitor\hot_rear_tyres,2.wav,"watch your rear tyre temperatures, they're getting hot","watch your rear tyre temperatures, they're getting hot","watch your rear tyre temperatures, they're getting hot"
\voice\tyre_monitor\hot_rear_tyres,3.wav,"rear tyres are hot, your rear tyres are getting hot","rear tyres are hot, your rear tyres are getting hot","rear tyres are hot, your rear tyres are getting hot"
\voice\tyre_monitor\hot_right_front_tyre,1.wav,"your right front tyre is hot, right front is hot","your right front tyre is hot, right front is hot","your right front tyre is hot, right front is hot"
\voice\tyre_monitor\hot_right_front_tyre,2.wav,"watch your right front temperature, it's hot","watch your right front temperature, it's hot","watch your right front temperature, it's hot"
\voice\tyre_monitor\hot_right_front_tyre,3.wav,your right front tyre's getting hot,your right front tyre's getting hot,your right front tyre's getting hot
\voice\tyre_monitor\hot_right_rear_tyre,1.wav,"right rear is hot, your right rear is hot","right rear is hot, your right rear is hot","right rear is hot, your right rear is hot"
\voice\tyre_monitor\hot_right_rear_tyre,2.wav,"watch your right rear temperature, it's getting hot","watch your right rear temperature, it's getting hot","watch your right rear temperature, it's getting hot"
\voice\tyre_monitor\hot_right_rear_tyre,3.wav,your right rear tyre is hot,your right rear tyre is hot,your right rear tyre is hot
\voice\tyre_monitor\hot_right_tyres,1.wav,right side tyres are hot,right side tyres are hot,right side tyres are hot
\voice\tyre_monitor\hot_right_tyres,2.wav,you need to watch your right side tyre temperatures,you need to watch your right side tyre temperatures,you need to watch your right side tyre temperatures
\voice\tyre_monitor\hot_right_tyres,3.wav,your right side tyres are getting hot,your right side tyres are getting hot,your right side tyres are getting hot
\voice\tyre_monitor\hot_tyres_all_round,1.wav,your tyre temperatures are hot all around,your tyre temperatures are hot all around,your tyre temperatures are hot all around
\voice\tyre_monitor\hot_tyres_all_round,2.wav,all your tyres are looking hot,all your tyres are looking hot,all your tyres are looking hot
\voice\tyre_monitor\hot_tyres_all_round,3.wav,your tyres are looking pretty hot now,your tyres are looking pretty hot now,your tyres are looking pretty hot now
\voice\tyre_monitor\hyper_softs,1.wav,hyper softs,hyper softs,hyper softs
\voice\tyre_monitor\hyper_softs,2.wav,hyper softs,hyper softs,hyper softs
\voice\tyre_monitor\hyper_softs,3.wav,hyper softs,hyper softs,hyper softs
\voice\tyre_monitor\intermediates,19.wav,inters,inters,inters
\voice\tyre_monitor\intermediates,20.wav,inters,inters,inters
\voice\tyre_monitor\intermediates,21.wav,intermediates,intermediates,intermediates
\voice\tyre_monitor\knackered_all_round,1.wav,you're gonna need new tyres all around,you're gonna need new tyres all around,you're gonna need new tyres all around
\voice\tyre_monitor\knackered_all_round,2.wav,"your tyres all look pretty bad, mate","your tyres all look pretty bad, mate","your tyres all look pretty bad, mate"
\voice\tyre_monitor\knackered_all_round,3.wav,your tyres are all worn out,your tyres are all worn out,your tyres are all worn out
\voice\tyre_monitor\knackered_fronts,1.wav,your front tyres are pretty knackered,your front tyres are pretty knackered,your front tyres are pretty knackered
\voice\tyre_monitor\knackered_fronts,2.wav,"your front tyres are worn out, mate","your front tyres are worn out, mate","your front tyres are worn out, mate"
\voice\tyre_monitor\knackered_fronts,3.wav,your front tyres have gone,your front tyres have gone,your front tyres have gone
\voice\tyre_monitor\knackered_left_front,1.wav,that left front's looking heavily worn,that left front's looking heavily worn,that left front's looking heavily worn
\voice\tyre_monitor\knackered_left_front,2.wav,"your left front tyre looks knackered, mate","your left front tyre looks knackered, mate","your left front tyre looks knackered, mate"
\voice\tyre_monitor\knackered_left_front,3.wav,I think your left front's gone,I think your left front's gone,I think your left front's gone
\voice\tyre_monitor\knackered_left_rear,1.wav,that left rear tyre's shot,that left rear tyre's shot,that left rear tyre's shot
\voice\tyre_monitor\knackered_left_rear,2.wav,"your left rear's had it, mate","your left rear's had it, mate","your left rear's had it, mate"
\voice\tyre_monitor\knackered_left_rear,3.wav,your left rear looks worn out to us,your left rear looks worn out to us,your left rear looks worn out to us
\voice\tyre_monitor\knackered_lefts,1.wav,we think your left side tyres have had it,we think your left side tyres have had it,we think your left side tyres have had it
\voice\tyre_monitor\knackered_lefts,2.wav,"it looks like your left side tyres are knackered, mate","it looks like your left side tyres are knackered, mate","it looks like your left side tyres are knackered, mate"
\voice\tyre_monitor\knackered_lefts,3.wav,I think your left side tyres will be wearing out now,I think your left side tyres will be wearing out now,I think your left side tyres will be wearing out now
\voice\tyre_monitor\knackered_rears,1.wav,your rear tyres look pretty shot,your rear tyres look pretty shot,your rear tyres look pretty shot
\voice\tyre_monitor\knackered_rears,2.wav,"your rear tyres are knackered, mate","your rear tyres are knackered, mate","your rear tyres are knackered, mate"
\voice\tyre_monitor\knackered_rears,3.wav,your rear tyres are worn out,your rear tyres are worn out,your rear tyres are worn out
\voice\tyre_monitor\knackered_right_front,1.wav,that right front tyre looks knackered,that right front tyre looks knackered,that right front tyre looks knackered
\voice\tyre_monitor\knackered_right_front,2.wav,"that right front's gone, mate","that right front's gone, mate","that right front's gone, mate"
\voice\tyre_monitor\knackered_right_front,3.wav,your right front looks pretty worn out,your right front looks pretty worn out,your right front looks pretty worn out
\voice\tyre_monitor\knackered_right_rear,1.wav,that right rear's had it,that right rear's had it,that right rear's had it
\voice\tyre_monitor\knackered_right_rear,2.wav,we think that right rear is probably gone,we think that right rear is probably gone,we think that right rear is probably gone
\voice\tyre_monitor\knackered_right_rear,3.wav,"your right rear's completely worn out, mate","your right rear's completely worn out, mate","your right rear's completely worn out, mate"
\voice\tyre_monitor\knackered_rights,1.wav,your right side tyres are worn out,your right side tyres are worn out,your right side tyres are worn out
\voice\tyre_monitor\knackered_rights,2.wav,your right side tyres have had it,your right side tyres have had it,your right side tyres have had it
\voice\tyre_monitor\knackered_rights,3.wav,"your right sides are knackered, mate","your right sides are knackered, mate","your right sides are knackered, mate"
\voice\tyre_monitor\laps_on_current_tyres_intro,1.wav,we estimate about,we estimate about,we estimate about
\voice\tyre_monitor\laps_on_current_tyres_intro,2.wav,we think you'll get about,we think you'll get about,we think you'll get about
\voice\tyre_monitor\laps_on_current_tyres_intro,3.wav,we think you should get about,we think you should get about,we think you should get about
\voice\tyre_monitor\laps_on_current_tyres_outro,1.wav,more laps on this set of tyres,more laps on this set of tyres,more laps on this set of tyres
\voice\tyre_monitor\laps_on_current_tyres_outro,2.wav,more laps out of this set of tyres,more laps out of this set of tyres,more laps out of this set of tyres
\voice\tyre_monitor\laps_on_current_tyres_outro,3.wav,more laps from this set of tyres,more laps from this set of tyres,more laps from this set of tyres
\voice\tyre_monitor\left_front,1.wav,front left,front left,front left
\voice\tyre_monitor\left_front,2.wav,front left,front left,front left
\voice\tyre_monitor\left_front,3.wav,left front,left front,left front
\voice\tyre_monitor\left_front_is_flat_spotted,1.wav,your front left tyre is flat spotted,your front left tyre is flat spotted,your front left tyre is flat spotted
\voice\tyre_monitor\left_front_is_flat_spotted,2.wav,your front left tyre is flat spotted,your front left tyre is flat spotted,your front left tyre is flat spotted
\voice\tyre_monitor\left_front_is_flat_spotted,3.wav,your front left tyre is flat spotted,your front left tyre is flat spotted,your front left tyre is flat spotted
\voice\tyre_monitor\left_front_is_flat_spotted,4.wav,your front left tyre is flat spotted,your front left tyre is flat spotted,your front left tyre is flat spotted
\voice\tyre_monitor\left_front_is_flat_spotted,5.wav,your front left tyre is flat spotted,your front left tyre is flat spotted,your front left tyre is flat spotted
\voice\tyre_monitor\left_front_pressure_high,2.wav,your left front pressure looks quite high,your left front pressure looks quite high,your left front pressure looks quite high
\voice\tyre_monitor\left_front_pressure_low,4.wav,your left front pressure looks quite low,your left front pressure looks quite low,your left front pressure looks quite low
\voice\tyre_monitor\left_front_pressure_ok,3.wav,your left front pressure looks okay,your left front pressure looks okay,your left front pressure looks okay
\voice\tyre_monitor\left_front_pressure_very_high,1.wav,your left front pressure looks very high,your left front pressure looks very high,your left front pressure looks very high
\voice\tyre_monitor\left_front_pressure_very_low,5.wav,your left front pressure looks very low,your left front pressure looks very low,your left front pressure looks very low
\voice\tyre_monitor\left_rear,1.wav,left rear,left rear,left rear
\voice\tyre_monitor\left_rear,2.wav,left rear,left rear,left rear
\voice\tyre_monitor\left_rear,3.wav,rear left,rear left,rear left
\voice\tyre_monitor\left_rear_is_flat_spotted,1.wav,your rear left tyre is flat spotted,your rear left tyre is flat spotted,your rear left tyre is flat spotted
\voice\tyre_monitor\left_rear_is_flat_spotted,2.wav,your rear left tyre is flat spotted,your rear left tyre is flat spotted,your rear left tyre is flat spotted
\voice\tyre_monitor\left_rear_is_flat_spotted,3.wav,your rear left tyre is flat spotted,your rear left tyre is flat spotted,your rear left tyre is flat spotted
\voice\tyre_monitor\left_rear_is_flat_spotted,4.wav,your rear left tyre is flat spotted,your rear left tyre is flat spotted,your rear left tyre is flat spotted
\voice\tyre_monitor\left_rear_is_flat_spotted,5.wav,your rear left tyre is flat spotted,your rear left tyre is flat spotted,your rear left tyre is flat spotted
\voice\tyre_monitor\left_rear_pressure_high,2.wav,your left rear pressure is a bit high,your left rear pressure is a bit high,your left rear pressure is a bit high
\voice\tyre_monitor\left_rear_pressure_low,4.wav,your left rear pressure looks a bit low,your left rear pressure looks a bit low,your left rear pressure looks a bit low
\voice\tyre_monitor\left_rear_pressure_ok,3.wav,your left rear pressure looks okay,your left rear pressure looks okay,your left rear pressure looks okay
\voice\tyre_monitor\left_rear_pressure_very_high,1.wav,your left rear pressure is very high,your left rear pressure is very high,your left rear pressure is very high
\voice\tyre_monitor\left_rear_pressure_very_low,5.wav,your left rear pressure is very low,your left rear pressure is very low,your left rear pressure is very low
\voice\tyre_monitor\left_tyres_dirty,1.wav,you have dirt pick on your left side tyres,you have dirt pick on your left side tyres,you have dirt pick on your left side tyres
\voice\tyre_monitor\left_tyres_dirty,2.wav,you have dirt pick on your left side tyres,you have dirt pick on your left side tyres,you have dirt pick on your left side tyres
\voice\tyre_monitor\left_tyres_dirty,3.wav,you have dirt pick on your left side tyres,you have dirt pick on your left side tyres,you have dirt pick on your left side tyres
\voice\tyre_monitor\left_tyres_dirty,4.wav,you have dirt pick on your left side tyres,you have dirt pick on your left side tyres,you have dirt pick on your left side tyres
\voice\tyre_monitor\left_tyres_dirty,5.wav,you have dirt pick on your left side tyres,you have dirt pick on your left side tyres,you have dirt pick on your left side tyres
\voice\tyre_monitor\left_tyres_dirty,6.wav,you have dirt pick on your left side tyres,you have dirt pick on your left side tyres,you have dirt pick on your left side tyres
\voice\tyre_monitor\lf_inner_and_outer_are_same,1.wav,your left front inner and outer temps are about the same,your left front inner and outer temps are about the same,your left front inner and outer temps are about the same
\voice\tyre_monitor\lf_inner_and_outer_are_same,2.wav,your left front inner and outer temperatures are about the same,your left front inner and outer temperatures are about the same,your left front inner and outer temperatures are about the same
\voice\tyre_monitor\lf_inner_and_outer_are_same,3.wav,the inner and outer temperatures on your left front are about the same,the inner and outer temperatures on your left front are about the same,the inner and outer temperatures on your left front are about the same
\voice\tyre_monitor\lf_inner_and_outer_are_same,4.wav,your left front inner and outer temps are about the same,your left front inner and outer temps are about the same,your left front inner and outer temps are about the same
\voice\tyre_monitor\lf_inner_and_outer_are_same,5.wav,your left front inner and outer temperatures are about the same,your left front inner and outer temperatures are about the same,your left front inner and outer temperatures are about the same
\voice\tyre_monitor\lf_inner_is_running,1.wav,your left front inner is running,your left front inner is running,your left front inner is running
\voice\tyre_monitor\lf_inner_is_running,2.wav,your left front inner is running,your left front inner is running,your left front inner is running
\voice\tyre_monitor\lf_inner_is_running,3.wav,your left front inner is,your left front inner is,your left front inner is
\voice\tyre_monitor\lf_inner_is_running,4.wav,your left front inner is,your left front inner is,your left front inner is
\voice\tyre_monitor\lf_inner_is_running,5.wav,your left front inner is running,your left front inner is running,your left front inner is running
\voice\tyre_monitor\locking_fronts_corner_warning,7.wav,you're locking your fronts into,you're locking your fronts into,you're locking your fronts into
\voice\tyre_monitor\locking_fronts_corner_warning,8.wav,you're locking your fronts going into,you're locking your fronts going into,you're locking your fronts going into
\voice\tyre_monitor\locking_fronts_corner_warning,9.wav,we're seeing front locking going into,we're seeing front locking going into,we're seeing front locking going into
\voice\tyre_monitor\locking_fronts_lap_warning,1_op_prefix_ok.wav,we're seeing lots of front locking,we're seeing lots of front locking,we're seeing lots of front locking
\voice\tyre_monitor\locking_fronts_lap_warning,2.wav,you're locking your front brakes,you're locking your front brakes,you're locking your front brakes
\voice\tyre_monitor\locking_fronts_lap_warning,3_op_prefix_ok.wav,you're locking up your fronts a lot,you're locking up your fronts a lot,you're locking up your fronts a lot
\voice\tyre_monitor\locking_left_front_corner_warning,1.wav,you're locking your left front going into,you're locking your left front going into,you're locking your left front going into
\voice\tyre_monitor\locking_left_front_corner_warning,2.wav,you're locking your left front braking for,you're locking your left front braking for,you're locking your left front braking for
\voice\tyre_monitor\locking_left_front_corner_warning,3.wav,you're locking your left front into,you're locking your left front into,you're locking your left front into
\voice\tyre_monitor\locking_left_front_lap_warning,1.wav,you're locking your front left tyre a lot,you're locking your front left tyre a lot,you're locking your front left tyre a lot
\voice\tyre_monitor\locking_left_front_lap_warning,2.wav,you're locking your front left,you're locking your front left,you're locking your front left
\voice\tyre_monitor\locking_left_front_lap_warning,3.wav,you're locking your front left wheel,you're locking your front left wheel,you're locking your front left wheel
\voice\tyre_monitor\locking_left_rear_lap_warning,1.wav,we're seeing lots of left rear locking,we're seeing lots of left rear locking,we're seeing lots of left rear locking
\voice\tyre_monitor\locking_left_rear_lap_warning,2.wav,you're locking your left rear,you're locking your left rear,you're locking your left rear
\voice\tyre_monitor\locking_left_rear_lap_warning,3.wav,we're seeing lots of left rear locking,we're seeing lots of left rear locking,we're seeing lots of left rear locking
\voice\tyre_monitor\locking_rears_corner_warning,10.wav,you're locking your rears going into,you're locking your rears going into,you're locking your rears going into
\voice\tyre_monitor\locking_rears_corner_warning,11.wav,you're locking your rears into,you're locking your rears into,you're locking your rears into
\voice\tyre_monitor\locking_rears_corner_warning,12.wav,we're seeing rear locking into,we're seeing rear locking into,we're seeing rear locking into
\voice\tyre_monitor\locking_rears_lap_warning,1_op_prefix_ok.wav,you're locking your rears a lot,you're locking your rears a lot,you're locking your rears a lot
\voice\tyre_monitor\locking_rears_lap_warning,2.wav,we're seeing lots of rear brake locking,we're seeing lots of rear brake locking,we're seeing lots of rear brake locking
\voice\tyre_monitor\locking_rears_lap_warning,3_op_prefix_ok.wav,we're seeing lots of rear locking,we're seeing lots of rear locking,we're seeing lots of rear locking
\voice\tyre_monitor\locking_right_front_corner_warning,4.wav,you're locking your right front going into,you're locking your right front going into,you're locking your right front going into
\voice\tyre_monitor\locking_right_front_corner_warning,5.wav,you're locking your right front into,you're locking your right front into,you're locking your right front into
\voice\tyre_monitor\locking_right_front_corner_warning,6.wav,we're seeing right front locking into,we're seeing right front locking into,we're seeing right front locking into
\voice\tyre_monitor\locking_right_front_lap_warning,1.wav,you're locking your front right,you're locking your front right,you're locking your front right
\voice\tyre_monitor\locking_right_front_lap_warning,2.wav,we're seeing lots of front right locking,we're seeing lots of front right locking,we're seeing lots of front right locking
\voice\tyre_monitor\locking_right_front_lap_warning,3.wav,you're locking your front right wheel,you're locking your front right wheel,you're locking your front right wheel
\voice\tyre_monitor\locking_right_rear_lap_warning,1.wav,you're locking your right rear,you're locking your right rear,you're locking your right rear
\voice\tyre_monitor\locking_right_rear_lap_warning,2.wav,we're seeing lots of right rear locking,we're seeing lots of right rear locking,we're seeing lots of right rear locking
\voice\tyre_monitor\locking_right_rear_lap_warning,3.wav,you're locking your right rear,you're locking your right rear,you're locking your right rear
\voice\tyre_monitor\lr_inner_and_outer_are_same,1.wav,your left rear inner and outer temps are about the same,your left rear inner and outer temps are about the same,your left rear inner and outer temps are about the same
\voice\tyre_monitor\lr_inner_and_outer_are_same,2.wav,your left rear inner and outer temperatures are about the same,your left rear inner and outer temperatures are about the same,your left rear inner and outer temperatures are about the same
\voice\tyre_monitor\lr_inner_and_outer_are_same,3.wav,your left rear inner and outer temps are about the same,your left rear inner and outer temps are about the same,your left rear inner and outer temps are about the same
\voice\tyre_monitor\lr_inner_and_outer_are_same,4.wav,your inner and outer temps are about the same for your left rear,your inner and outer temps are about the same for your left rear,your inner and outer temps are about the same for your left rear
\voice\tyre_monitor\lr_inner_and_outer_are_same,5.wav,your left rear inner and outer temperatures are about the same,your left rear inner and outer temperatures are about the same,your left rear inner and outer temperatures are about the same
\voice\tyre_monitor\lr_inner_is_running,1.wav,your left rear inner is running,your left rear inner is running,your left rear inner is running
\voice\tyre_monitor\lr_inner_is_running,2.wav,your left rear inner is running,your left rear inner is running,your left rear inner is running
\voice\tyre_monitor\lr_inner_is_running,3.wav,your left rear inner is running,your left rear inner is running,your left rear inner is running
\voice\tyre_monitor\lr_inner_is_running,4.wav,your left rear inner is,your left rear inner is,your left rear inner is
\voice\tyre_monitor\lr_inner_is_running,5.wav,your left rear inner is,your left rear inner is,your left rear inner is
\voice\tyre_monitor\mediums,22.wav,mediums,mediums,mediums
\voice\tyre_monitor\mediums,23.wav,mediums,mediums,mediums
\voice\tyre_monitor\mediums,24.wav,mediums,mediums,mediums
\voice\tyre_monitor\minor_wear_all_round,1.wav,we're seeing minor wear all around,we're seeing minor wear all around,we're seeing minor wear all around
\voice\tyre_monitor\minor_wear_all_round,2.wav,you've got a bit of tyre wear on all your tyres,you've got a bit of tyre wear on all your tyres,you've got a bit of tyre wear on all your tyres
\voice\tyre_monitor\minor_wear_all_round,3.wav,we're seeing a bit of wear all around,we're seeing a bit of wear all around,we're seeing a bit of wear all around
\voice\tyre_monitor\minor_wear_fronts,1.wav,we're seeing minor wear on the fronts,we're seeing minor wear on the fronts,we're seeing minor wear on the fronts
\voice\tyre_monitor\minor_wear_fronts,2.wav,we're seeing a bit of wear on your front tyres,we're seeing a bit of wear on your front tyres,we're seeing a bit of wear on your front tyres
\voice\tyre_monitor\minor_wear_fronts,3.wav,your front tyres have got minor wear,your front tyres have got minor wear,your front tyres have got minor wear
\voice\tyre_monitor\minor_wear_left_front,1.wav,we're seeing minor wear on your left front,we're seeing minor wear on your left front,we're seeing minor wear on your left front
\voice\tyre_monitor\minor_wear_left_front,2.wav,looks like a bit of wear on your left front,looks like a bit of wear on your left front,looks like a bit of wear on your left front
\voice\tyre_monitor\minor_wear_left_front,3.wav,your left front has a bit of wear,your left front has a bit of wear,your left front has a bit of wear
\voice\tyre_monitor\minor_wear_left_rear,1.wav,we're seeing minor wear on your left rear,we're seeing minor wear on your left rear,we're seeing minor wear on your left rear
\voice\tyre_monitor\minor_wear_left_rear,2.wav,we're seeing a bit of wear on your left rear,we're seeing a bit of wear on your left rear,we're seeing a bit of wear on your left rear
\voice\tyre_monitor\minor_wear_left_rear,3.wav,your left rear has minor wear,your left rear has minor wear,your left rear has minor wear
\voice\tyre_monitor\minor_wear_lefts,1.wav,we're seeing minor wear on your left side tyres,we're seeing minor wear on your left side tyres,we're seeing minor wear on your left side tyres
\voice\tyre_monitor\minor_wear_lefts,2.wav,your left side tyres are carrying minor wear,your left side tyres are carrying minor wear,your left side tyres are carrying minor wear
\voice\tyre_monitor\minor_wear_lefts,3.wav,there's a bit of wear on your left side tyres,there's a bit of wear on your left side tyres,there's a bit of wear on your left side tyres
\voice\tyre_monitor\minor_wear_rears,1.wav,we're seeing minor wear on your rear tyres,we're seeing minor wear on your rear tyres,we're seeing minor wear on your rear tyres
\voice\tyre_monitor\minor_wear_rears,2.wav,your rear tyres have got a bit of wear,your rear tyres have got a bit of wear,your rear tyres have got a bit of wear
\voice\tyre_monitor\minor_wear_rears,3.wav,we're seeing minor wear on your rear tyres,we're seeing minor wear on your rear tyres,we're seeing minor wear on your rear tyres
\voice\tyre_monitor\minor_wear_right_front,1.wav,we're seeing a bit of wear on your right front,we're seeing a bit of wear on your right front,we're seeing a bit of wear on your right front
\voice\tyre_monitor\minor_wear_right_front,2.wav,your right front's carrying a bit of wear,your right front's carrying a bit of wear,your right front's carrying a bit of wear
\voice\tyre_monitor\minor_wear_right_front,3.wav,your right front has got minor wear,your right front has got minor wear,your right front has got minor wear
\voice\tyre_monitor\minor_wear_right_rear,1.wav,your right rear has got minor wear,your right rear has got minor wear,your right rear has got minor wear
\voice\tyre_monitor\minor_wear_right_rear,2.wav,your right rear is carrying a bit of wear,your right rear is carrying a bit of wear,your right rear is carrying a bit of wear
\voice\tyre_monitor\minor_wear_right_rear,3.wav,we're seeing a bit of wear on your right rear,we're seeing a bit of wear on your right rear,we're seeing a bit of wear on your right rear
\voice\tyre_monitor\minor_wear_rights,1.wav,there's a bit of wear on your right side tyres,there's a bit of wear on your right side tyres,there's a bit of wear on your right side tyres
\voice\tyre_monitor\minor_wear_rights,2.wav,we're seeing a bit of wear on your right side tyres,we're seeing a bit of wear on your right side tyres,we're seeing a bit of wear on your right side tyres
\voice\tyre_monitor\minor_wear_rights,3.wav,you're carrying minor wear on your right side tyres,you're carrying minor wear on your right side tyres,you're carrying minor wear on your right side tyres
\voice\tyre_monitor\minutes_on_current_tyres_intro,1.wav,we estimate about,we estimate about,we estimate about
\voice\tyre_monitor\minutes_on_current_tyres_intro,2.wav,we think you'll get about,we think you'll get about,we think you'll get about
\voice\tyre_monitor\minutes_on_current_tyres_intro,3.wav,we think you should get about,we think you should get about,we think you should get about
\voice\tyre_monitor\minutes_on_current_tyres_outro,1.wav,more minutes for this set of tyres,more minutes for this set of tyres,more minutes for this set of tyres
\voice\tyre_monitor\minutes_on_current_tyres_outro,2.wav,more minutes for this set of tyres,more minutes for this set of tyres,more minutes for this set of tyres
\voice\tyre_monitor\minutes_on_current_tyres_outro,3.wav,more minutes on these tyres,more minutes on these tyres,more minutes on these tyres
\voice\tyre_monitor\options,1.wav,options,options,options
\voice\tyre_monitor\options,2.wav,option tyres,option tyres,option tyres
\voice\tyre_monitor\options,3.wav,options,options,options
\voice\tyre_monitor\primaries,25.wav,primaries,primaries,primaries
\voice\tyre_monitor\primaries,26.wav,primaries,primaries,primaries
\voice\tyre_monitor\primaries,27.wav,primaries,primaries,primaries
\voice\tyre_monitor\primes,1.wav,prime tyres,prime tyres,prime tyres
\voice\tyre_monitor\primes,2.wav,prime tyres,prime tyres,prime tyres
\voice\tyre_monitor\primes,3.wav,primes,primes,primes
\voice\tyre_monitor\psi,1.wav,psi,psi,psi
\voice\tyre_monitor\psi,2.wav,psi,psi,psi
\voice\tyre_monitor\psi,3.wav,psi,psi,psi
\voice\tyre_monitor\rear_pressures_high,2.wav,your rear pressures are a bit high,your rear pressures are a bit high,your rear pressures are a bit high
\voice\tyre_monitor\rear_pressures_low,4.wav,your rear pressures are a bit low,your rear pressures are a bit low,your rear pressures are a bit low
\voice\tyre_monitor\rear_pressures_ok,3.wav,your rear pressures look okay,your rear pressures look okay,your rear pressures look okay
\voice\tyre_monitor\rear_pressures_very_high,1.wav,your rear pressures are very high,your rear pressures are very high,your rear pressures are very high
\voice\tyre_monitor\rear_pressures_very_low,5.wav,your rear pressures are very low,your rear pressures are very low,your rear pressures are very low
\voice\tyre_monitor\rears_are_flat_spotted,1.wav,your rear tyres are flat spotted,your rear tyres are flat spotted,your rear tyres are flat spotted
\voice\tyre_monitor\rears_are_flat_spotted,2.wav,your rear tyres are flat spotted,your rear tyres are flat spotted,your rear tyres are flat spotted
\voice\tyre_monitor\rears_are_flat_spotted,3.wav,your rear tyres are flat spotted,your rear tyres are flat spotted,your rear tyres are flat spotted
\voice\tyre_monitor\rears_are_flat_spotted,4.wav,your rear tyres are flat spotted,your rear tyres are flat spotted,your rear tyres are flat spotted
\voice\tyre_monitor\rears_are_flat_spotted,5.wav,your rear tyres are flat spotted,your rear tyres are flat spotted,your rear tyres are flat spotted
\voice\tyre_monitor\rf_inner_and_outer_are_same,1.wav,your right front inner and outer temperatures are about the same,your right front inner and outer temperatures are about the same,your right front inner and outer temperatures are about the same
\voice\tyre_monitor\rf_inner_and_outer_are_same,2.wav,your right front inner and outer temps are about the same,your right front inner and outer temps are about the same,your right front inner and outer temps are about the same
\voice\tyre_monitor\rf_inner_and_outer_are_same,3.wav,the inner and outer temps of your right front are about the same,the inner and outer temps of your right front are about the same,the inner and outer temps of your right front are about the same
\voice\tyre_monitor\rf_inner_and_outer_are_same,4.wav,your right front inner and outer temps are about the same,your right front inner and outer temps are about the same,your right front inner and outer temps are about the same
\voice\tyre_monitor\rf_inner_and_outer_are_same,5.wav,your right front inner and outer temperatures are about the same,your right front inner and outer temperatures are about the same,your right front inner and outer temperatures are about the same
\voice\tyre_monitor\rf_inner_is_running,1.wav,your right front inner is running,your right front inner is running,your right front inner is running
\voice\tyre_monitor\rf_inner_is_running,2.wav,your right front inner is running,your right front inner is running,your right front inner is running
\voice\tyre_monitor\rf_inner_is_running,3.wav,your right front inner is,your right front inner is,your right front inner is
\voice\tyre_monitor\rf_inner_is_running,4.wav,your right front inner is running,your right front inner is running,your right front inner is running
\voice\tyre_monitor\rf_inner_is_running,5.wav,your right front inner is running,your right front inner is running,your right front inner is running
\voice\tyre_monitor\right_front,1.wav,front right,front right,front right
\voice\tyre_monitor\right_front,2.wav,right front,right front,right front
\voice\tyre_monitor\right_front,3.wav,front right,front right,front right
\voice\tyre_monitor\right_front_is_flat_spotted,1.wav,your right front tyre is flat spotted,your right front tyre is flat spotted,your right front tyre is flat spotted
\voice\tyre_monitor\right_front_is_flat_spotted,2.wav,your right front tyre is flat spotted,your right front tyre is flat spotted,your right front tyre is flat spotted
\voice\tyre_monitor\right_front_is_flat_spotted,3.wav,your right front tyre is flat spotted,your right front tyre is flat spotted,your right front tyre is flat spotted
\voice\tyre_monitor\right_front_is_flat_spotted,4.wav,your right front tyre is flat spotted,your right front tyre is flat spotted,your right front tyre is flat spotted
\voice\tyre_monitor\right_front_is_flat_spotted,5.wav,your right front tyre is flat spotted,your right front tyre is flat spotted,your right front tyre is flat spotted
\voice\tyre_monitor\right_front_pressure_high,2.wav,your right front pressure is quite high,your right front pressure is quite high,your right front pressure is quite high
\voice\tyre_monitor\right_front_pressure_low,4.wav,your right front pressure is quite low,your right front pressure is quite low,your right front pressure is quite low
\voice\tyre_monitor\right_front_pressure_ok,3.wav,your right front pressure looks okay,your right front pressure looks okay,your right front pressure looks okay
\voice\tyre_monitor\right_front_pressure_very_high,1.wav,your right front pressure is very high,your right front pressure is very high,your right front pressure is very high
\voice\tyre_monitor\right_front_pressure_very_low,5.wav,your right front pressure is very low,your right front pressure is very low,your right front pressure is very low
\voice\tyre_monitor\right_rear,1.wav,right rear,right rear,right rear
\voice\tyre_monitor\right_rear,2.wav,right rear,right rear,right rear
\voice\tyre_monitor\right_rear,3.wav,rear right,rear right,rear right
\voice\tyre_monitor\right_rear_is_flat_spotted,1.wav,your right rear tyre is flat spotted,your right rear tyre is flat spotted,your right rear tyre is flat spotted
\voice\tyre_monitor\right_rear_is_flat_spotted,2.wav,your right rear tyre is flat spotted,your right rear tyre is flat spotted,your right rear tyre is flat spotted
\voice\tyre_monitor\right_rear_is_flat_spotted,3.wav,your right rear tyre is flat spotted,your right rear tyre is flat spotted,your right rear tyre is flat spotted
\voice\tyre_monitor\right_rear_is_flat_spotted,4.wav,your right rear tyre is flat spotted,your right rear tyre is flat spotted,your right rear tyre is flat spotted
\voice\tyre_monitor\right_rear_is_flat_spotted,5.wav,your right rear tyre is flat spotted,your right rear tyre is flat spotted,your right rear tyre is flat spotted
\voice\tyre_monitor\right_rear_pressure_high,2.wav,your right rear pressure looks a bit high,your right rear pressure looks a bit high,your right rear pressure looks a bit high
\voice\tyre_monitor\right_rear_pressure_low,4.wav,your right rear pressure is a bit low,your right rear pressure is a bit low,your right rear pressure is a bit low
\voice\tyre_monitor\right_rear_pressure_ok,3.wav,your right rear pressure looks okay,your right rear pressure looks okay,your right rear pressure looks okay
\voice\tyre_monitor\right_rear_pressure_very_high,1.wav,your right rear pressure is very high,your right rear pressure is very high,your right rear pressure is very high
\voice\tyre_monitor\right_rear_pressure_very_low,5.wav,your right rear pressure is very low,your right rear pressure is very low,your right rear pressure is very low
\voice\tyre_monitor\right_tyres_dirty,1.wav,you have dirt pick on your right side tyres,you have dirt pick on your right side tyres,you have dirt pick on your right side tyres
\voice\tyre_monitor\right_tyres_dirty,2.wav,you have dirt pick on your right side tyres,you have dirt pick on your right side tyres,you have dirt pick on your right side tyres
\voice\tyre_monitor\right_tyres_dirty,3.wav,you have dirt pick on your right side tyres,you have dirt pick on your right side tyres,you have dirt pick on your right side tyres
\voice\tyre_monitor\right_tyres_dirty,4.wav,you have dirt pick on your right side tyres,you have dirt pick on your right side tyres,you have dirt pick on your right side tyres
\voice\tyre_monitor\right_tyres_dirty,5.wav,you have dirt pick on your right side tyres,you have dirt pick on your right side tyres,you have dirt pick on your right side tyres
\voice\tyre_monitor\right_tyres_dirty,6.wav,you have dirt pick on your right side tyres,you have dirt pick on your right side tyres,you have dirt pick on your right side tyres
\voice\tyre_monitor\rr_inner_and_outer_are_same,1.wav,your right rear inner and outer temps are about the same,your right rear inner and outer temps are about the same,your right rear inner and outer temps are about the same
\voice\tyre_monitor\rr_inner_and_outer_are_same,2.wav,your right rear inner and outer temperatures are about the same,your right rear inner and outer temperatures are about the same,your right rear inner and outer temperatures are about the same
\voice\tyre_monitor\rr_inner_and_outer_are_same,3.wav,your right rear inner and outer temps are about the same,your right rear inner and outer temps are about the same,your right rear inner and outer temps are about the same
\voice\tyre_monitor\rr_inner_and_outer_are_same,4.wav,your inner and outer temps are about the same for your right rear,your inner and outer temps are about the same for your right rear,your inner and outer temps are about the same for your right rear
\voice\tyre_monitor\rr_inner_and_outer_are_same,5.wav,your right rear inner and outer temps are about the same,your right rear inner and outer temps are about the same,your right rear inner and outer temps are about the same
\voice\tyre_monitor\rr_inner_is_running,1.wav,your right rear inner is running,your right rear inner is running,your right rear inner is running
\voice\tyre_monitor\rr_inner_is_running,2.wav,your right rear inner is running,your right rear inner is running,your right rear inner is running
\voice\tyre_monitor\rr_inner_is_running,3.wav,your right rear inner is,your right rear inner is,your right rear inner is
\voice\tyre_monitor\rr_inner_is_running,4.wav,your right rear inner is running,your right rear inner is running,your right rear inner is running
\voice\tyre_monitor\rr_inner_is_running,5.wav,your right rear inner is running,your right rear inner is running,your right rear inner is running
\voice\tyre_monitor\slicks,28.wav,slicks,slicks,slicks
\voice\tyre_monitor\slicks,29.wav,slicks,slicks,slicks
\voice\tyre_monitor\slicks,30.wav,slicks,slicks,slicks
\voice\tyre_monitor\softs,31.wav,softs,softs,softs
\voice\tyre_monitor\softs,32.wav,softs,softs,softs
\voice\tyre_monitor\softs,33.wav,softs,softs,softs
\voice\tyre_monitor\spinning_fronts_corner_warning,7.wav,you're spinning your fronts coming out of,you're spinning your fronts coming out of,you're spinning your fronts coming out of
\voice\tyre_monitor\spinning_fronts_corner_warning,8.wav,you're spinning your fronts on the exit of,you're spinning your fronts on the exit of,you're spinning your fronts on the exit of
\voice\tyre_monitor\spinning_fronts_corner_warning,9.wav,you're spinning your fronts in,you're spinning your fronts in,you're spinning your fronts in
\voice\tyre_monitor\spinning_fronts_lap_warning,1_op_prefix_ok.wav,you're getting lots of wheel spin,you're getting lots of wheel spin,you're getting lots of wheel spin
\voice\tyre_monitor\spinning_fronts_lap_warning,2.wav,we're seeing loads of wheel spin,we're seeing loads of wheel spin,we're seeing loads of wheel spin
\voice\tyre_monitor\spinning_fronts_lap_warning,3_op_prefix_ok.wav,you're spinning up your fronts,you're spinning up your fronts,you're spinning up your fronts
\voice\tyre_monitor\spinning_fronts_lap_warning,4.wav,you're getting a lot of front wheel spin,you're getting a lot of front wheel spin,you're getting a lot of front wheel spin
\voice\tyre_monitor\spinning_left_front_corner_warning,1.wav,you're spinning your left front coming out of,you're spinning your left front coming out of,you're spinning your left front coming out of
\voice\tyre_monitor\spinning_left_front_corner_warning,2.wav,we're seeing left front wheel spin on the exit of,we're seeing left front wheel spin on the exit of,we're seeing left front wheel spin on the exit of
\voice\tyre_monitor\spinning_left_front_corner_warning,3.wav,you're spinning your left front in,you're spinning your left front in,you're spinning your left front in
\voice\tyre_monitor\spinning_left_front_lap_warning,1.wav,you're spinning up your left front,you're spinning up your left front,you're spinning up your left front
\voice\tyre_monitor\spinning_left_front_lap_warning,2.wav,you're spinning your left front wheel,you're spinning your left front wheel,you're spinning your left front wheel
\voice\tyre_monitor\spinning_left_front_lap_warning,3.wav,you're spinning your left front,you're spinning your left front,you're spinning your left front
\voice\tyre_monitor\spinning_left_rear_corner_warning,1.wav,we're seeing left rear wheel spin on the exit of,we're seeing left rear wheel spin on the exit of,we're seeing left rear wheel spin on the exit of
\voice\tyre_monitor\spinning_left_rear_corner_warning,2.wav,you're spinning your left rear coming out of,you're spinning your left rear coming out of,you're spinning your left rear coming out of
\voice\tyre_monitor\spinning_left_rear_corner_warning,3.wav,we're seeing left rear wheel spin in,we're seeing left rear wheel spin in,we're seeing left rear wheel spin in
\voice\tyre_monitor\spinning_left_rear_lap_warning,1.wav,you're spinning your rear left,you're spinning your rear left,you're spinning your rear left
\voice\tyre_monitor\spinning_left_rear_lap_warning,2.wav,we're seeing lots of rear left wheel spin,we're seeing lots of rear left wheel spin,we're seeing lots of rear left wheel spin
\voice\tyre_monitor\spinning_left_rear_lap_warning,3.wav,we're seeing lots of rear left wheel spin,we're seeing lots of rear left wheel spin,we're seeing lots of rear left wheel spin
\voice\tyre_monitor\spinning_left_rear_lap_warning,4.wav,we're seeing loads of rear left wheel spin,we're seeing loads of rear left wheel spin,we're seeing loads of rear left wheel spin
\voice\tyre_monitor\spinning_rears_corner_warning,7.wav,you're spinning your rear tyres coming out of,you're spinning your rear tyres coming out of,you're spinning your rear tyres coming out of
\voice\tyre_monitor\spinning_rears_corner_warning,8.wav,you're spinning your rears on the exit of,you're spinning your rears on the exit of,you're spinning your rears on the exit of
\voice\tyre_monitor\spinning_rears_corner_warning,9.wav,we're seeing rear wheel spin on the exit of,we're seeing rear wheel spin on the exit of,we're seeing rear wheel spin on the exit of
\voice\tyre_monitor\spinning_rears_lap_warning,1_op_prefix_ok.wav,you're getting lots of wheel spin,you're getting lots of wheel spin,you're getting lots of wheel spin
\voice\tyre_monitor\spinning_rears_lap_warning,2.wav,we're seeing loads of wheelspin,we're seeing loads of wheelspin,we're seeing loads of wheelspin
\voice\tyre_monitor\spinning_rears_lap_warning,3_op_prefix_ok.wav,you're spinning up your rears,you're spinning up your rears,you're spinning up your rears
\voice\tyre_monitor\spinning_rears_lap_warning,4.wav,we're seeing lots of rear wheel spin,we're seeing lots of rear wheel spin,we're seeing lots of rear wheel spin
\voice\tyre_monitor\spinning_rears_lap_warning,5.wav,you're spinning your rears,you're spinning your rears,you're spinning your rears
\voice\tyre_monitor\spinning_right_front_corner_warning,4.wav,you're spinning your right front coming out of,you're spinning your right front coming out of,you're spinning your right front coming out of
\voice\tyre_monitor\spinning_right_front_corner_warning,5.wav,we're seeing right front wheel spin coming out of,we're seeing right front wheel spin coming out of,we're seeing right front wheel spin coming out of
\voice\tyre_monitor\spinning_right_front_corner_warning,6.wav,you're spinning your right front in,you're spinning your right front in,you're spinning your right front in
\voice\tyre_monitor\spinning_right_front_lap_warning,1.wav,you're spinning up your right front,you're spinning up your right front,you're spinning up your right front
\voice\tyre_monitor\spinning_right_front_lap_warning,2.wav,you're getting a lot of right front wheel spin,you're getting a lot of right front wheel spin,you're getting a lot of right front wheel spin
\voice\tyre_monitor\spinning_right_front_lap_warning,3.wav,your right front is spinning,your right front is spinning,your right front is spinning
\voice\tyre_monitor\spinning_right_front_lap_warning,4.wav,you're getting lots of right front wheel spin,you're getting lots of right front wheel spin,you're getting lots of right front wheel spin
\voice\tyre_monitor\spinning_right_rear_corner_warning,4.wav,you're spinning your right rear coming out of,you're spinning your right rear coming out of,you're spinning your right rear coming out of
\voice\tyre_monitor\spinning_right_rear_corner_warning,5.wav,we're seeing right rear wheel spin on the exit of,we're seeing right rear wheel spin on the exit of,we're seeing right rear wheel spin on the exit of
\voice\tyre_monitor\spinning_right_rear_corner_warning,6.wav,you're spinning your right rear in,you're spinning your right rear in,you're spinning your right rear in
\voice\tyre_monitor\spinning_right_rear_lap_warning,1.wav,you're spinning up your rear right,you're spinning up your rear right,you're spinning up your rear right
\voice\tyre_monitor\spinning_right_rear_lap_warning,2.wav,you're spinning your rear right tyre,you're spinning your rear right tyre,you're spinning your rear right tyre
\voice\tyre_monitor\spinning_right_rear_lap_warning,3.wav,we're seeing lots of rear right wheel spin,we're seeing lots of rear right wheel spin,we're seeing lots of rear right wheel spin
\voice\tyre_monitor\super_softs,34.wav,super softs,super softs,super softs
\voice\tyre_monitor\super_softs,35.wav,super softs,super softs,super softs
\voice\tyre_monitor\super_softs,36.wav,super softs,super softs,super softs
\voice\tyre_monitor\ultra_softs,1.wav,ultra softs,ultra softs,ultra softs
\voice\tyre_monitor\ultra_softs,2.wav,ultra softs,ultra softs,ultra softs
\voice\tyre_monitor\ultra_softs,3.wav,ultra softs,ultra softs,ultra softs
\voice\tyre_monitor\wets,37.wav,wets,wets,wets
\voice\tyre_monitor\wets,38.wav,wets,wets,wets
\voice\tyre_monitor\wets,39.wav,wets,wets,wets
\voice\tyre_monitor\worn_all_round,1.wav,your tyres are all looking a bit worn,your tyres are all looking a bit worn,your tyres are all looking a bit worn
\voice\tyre_monitor\worn_all_round,2.wav,you got significant tyre wear all around,you got significant tyre wear all around,you got significant tyre wear all around
\voice\tyre_monitor\worn_all_round,3.wav,we're seeing some wear on each corner,we're seeing some wear on each corner,we're seeing some wear on each corner
\voice\tyre_monitor\worn_fronts,1.wav,you got some wear on your front tyres,you got some wear on your front tyres,you got some wear on your front tyres
\voice\tyre_monitor\worn_fronts,2.wav,we're seeing significant wear on the fronts,we're seeing significant wear on the fronts,we're seeing significant wear on the fronts
\voice\tyre_monitor\worn_fronts,3.wav,"there's some wear on those front tyres, mate","there's some wear on those front tyres, mate","there's some wear on those front tyres, mate"
\voice\tyre_monitor\worn_left_front,1.wav,that left front will be past its best soon,that left front will be past its best soon,that left front will be past its best soon
\voice\tyre_monitor\worn_left_front,2.wav,we're seeing significant wear on your left front,we're seeing significant wear on your left front,we're seeing significant wear on your left front
\voice\tyre_monitor\worn_left_front,3.wav,"your left front's showing some wear, keep an eye on it","your left front's showing some wear, keep an eye on it","your left front's showing some wear, keep an eye on it"
\voice\tyre_monitor\worn_left_rear,1.wav,your left rear's showing some significant wear,your left rear's showing some significant wear,your left rear's showing some significant wear
\voice\tyre_monitor\worn_left_rear,2.wav,we're seeing significant wear on your left rear,we're seeing significant wear on your left rear,we're seeing significant wear on your left rear
\voice\tyre_monitor\worn_left_rear,3.wav,"your left rear has got some wear on it mate, keep an eye out","your left rear has got some wear on it mate, keep an eye out","your left rear has got some wear on it mate, keep an eye out"
\voice\tyre_monitor\worn_lefts,1.wav,your left side tyres are both past their best,your left side tyres are both past their best,your left side tyres are both past their best
\voice\tyre_monitor\worn_lefts,2.wav,we're seeing significant wear on both left side tyres,we're seeing significant wear on both left side tyres,we're seeing significant wear on both left side tyres
\voice\tyre_monitor\worn_lefts,3.wav,your left side tyres are looking pretty worn now,your left side tyres are looking pretty worn now,your left side tyres are looking pretty worn now
\voice\tyre_monitor\worn_rears,1.wav,we're looking at significant wear on those rear tyres,we're looking at significant wear on those rear tyres,we're looking at significant wear on those rear tyres
\voice\tyre_monitor\worn_rears,2.wav,your rear tyres will be past their best soon,your rear tyres will be past their best soon,your rear tyres will be past their best soon
\voice\tyre_monitor\worn_rears,3.wav,"we can see some wear on those rear tyres, keep and eye out","we can see some wear on those rear tyres, keep and eye out","we can see some wear on those rear tyres, keep and eye out"
\voice\tyre_monitor\worn_right_front,1.wav,we're seeing significant wear on your right front,we're seeing significant wear on your right front,we're seeing significant wear on your right front
\voice\tyre_monitor\worn_right_front,2.wav,your right front tyre looks like it's wearing out,your right front tyre looks like it's wearing out,your right front tyre looks like it's wearing out
\voice\tyre_monitor\worn_right_front,3.wav,your right front's carrying some wear now,your right front's carrying some wear now,your right front's carrying some wear now
\voice\tyre_monitor\worn_right_rear,1.wav,we're seeing some wear on your right rear,we're seeing some wear on your right rear,we're seeing some wear on your right rear
\voice\tyre_monitor\worn_right_rear,2.wav,your right rear tyre's got some wear now,your right rear tyre's got some wear now,your right rear tyre's got some wear now
\voice\tyre_monitor\worn_right_rear,3.wav,"lookout for your right rear tyre, mate, it's looking pretty worn","lookout for your right rear tyre, mate, it's looking pretty worn","lookout for your right rear tyre, mate, it's looking pretty worn"
\voice\tyre_monitor\worn_rights,1.wav,your right side tyres are looking quite worn now,your right side tyres are looking quite worn now,your right side tyres are looking quite worn now
\voice\tyre_monitor\worn_rights,2.wav,we're seeing significant wear on both tyres on the right side,we're seeing significant wear on both tyres on the right side,we're seeing significant wear on both tyres on the right side
\voice\tyre_monitor\worn_rights,3.wav,your right side tyres are getting old,your right side tyres are getting old,your right side tyres are getting old
\voice\tyre_monitor\you_need_more_negative_camber,1.wav,you might need more negative camber,you might need more negative camber,you might need more negative camber
\voice\tyre_monitor\you_need_more_negative_camber,2.wav,you might need more negative camber,you might need more negative camber,you might need more negative camber
\voice\tyre_monitor\you_need_more_negative_camber,3.wav,you might need more negative camber,you might need more negative camber,you might need more negative camber
\voice\tyre_monitor\you_need_more_negative_camber,4.wav,you might need more negative camber,you might need more negative camber,you might need more negative camber
\voice\tyre_monitor\you_need_more_negative_camber,5.wav,you might need more negative camber,you might need more negative camber,you might need more negative camber
\voice\tyre_monitor\you_need_more_negative_camber_on_fronts,1.wav,you might need more negative camber on the fronts,you might need more negative camber on the fronts,you might need more negative camber on the fronts
\voice\tyre_monitor\you_need_more_negative_camber_on_fronts,2.wav,you might need more negative camber on the fronts,you might need more negative camber on the fronts,you might need more negative camber on the fronts
\voice\tyre_monitor\you_need_more_negative_camber_on_fronts,3.wav,you might need more negative camber on the fronts,you might need more negative camber on the fronts,you might need more negative camber on the fronts
\voice\tyre_monitor\you_need_more_negative_camber_on_fronts,4.wav,you might need more negative camber on the fronts,you might need more negative camber on the fronts,you might need more negative camber on the fronts
\voice\tyre_monitor\you_need_more_negative_camber_on_fronts,5.wav,you might need more negative camber on the fronts,you might need more negative camber on the fronts,you might need more negative camber on the fronts
\voice\tyre_monitor\you_need_more_negative_camber_on_rears,1.wav,you might need more negative camber on the rears,you might need more negative camber on the rears,you might need more negative camber on the rears
\voice\tyre_monitor\you_need_more_negative_camber_on_rears,2.wav,you might need more negative camber on the rears,you might need more negative camber on the rears,you might need more negative camber on the rears
\voice\tyre_monitor\you_need_more_negative_camber_on_rears,3.wav,you might need more negative camber on the rears,you might need more negative camber on the rears,you might need more negative camber on the rears
\voice\tyre_monitor\you_need_more_negative_camber_on_rears,4.wav,you might need more negative camber on the rears,you might need more negative camber on the rears,you might need more negative camber on the rears
\voice\tyre_monitor\you_need_more_negative_camber_on_rears,5.wav,you might need more negative camber on the rears,you might need more negative camber on the rears,you might need more negative camber on the rears
\voice\tyre_monitor\you_need_more_positive_camber,1.wav,you might need more positive camber,you might need more positive camber,you might need more positive camber
\voice\tyre_monitor\you_need_more_positive_camber,2.wav,you might need more positive camber,you might need more positive camber,you might need more positive camber
\voice\tyre_monitor\you_need_more_positive_camber,3.wav,you might need more positive camber,you might need more positive camber,you might need more positive camber
\voice\tyre_monitor\you_need_more_positive_camber,4.wav,you might need more positive camber,you might need more positive camber,you might need more positive camber
\voice\tyre_monitor\you_need_more_positive_camber,5.wav,you might need more positive camber,you might need more positive camber,you might need more positive camber
\voice\tyre_monitor\you_need_more_positive_camber_on_fronts,1.wav,you might need more positive camber on the fronts,you might need more positive camber on the fronts,you might need more positive camber on the fronts
\voice\tyre_monitor\you_need_more_positive_camber_on_fronts,2.wav,you might need more positive camber on the fronts,you might need more positive camber on the fronts,you might need more positive camber on the fronts
\voice\tyre_monitor\you_need_more_positive_camber_on_fronts,3.wav,you might need more positive camber on the fronts,you might need more positive camber on the fronts,you might need more positive camber on the fronts
\voice\tyre_monitor\you_need_more_positive_camber_on_fronts,4.wav,you might need more positive camber on the fronts,you might need more positive camber on the fronts,you might need more positive camber on the fronts
\voice\tyre_monitor\you_need_more_positive_camber_on_fronts,5.wav,you might need more positive camber on the fronts,you might need more positive camber on the fronts,you might need more positive camber on the fronts
\voice\tyre_monitor\you_need_more_positive_camber_on_rears,1.wav,you might need more positive camber on the rears,you might need more positive camber on the rears,you might need more positive camber on the rears
\voice\tyre_monitor\you_need_more_positive_camber_on_rears,2.wav,you might need more positive camber on the rears,you might need more positive camber on the rears,you might need more positive camber on the rears
\voice\tyre_monitor\you_need_more_positive_camber_on_rears,3.wav,you might need more positive camber on the rears,you might need more positive camber on the rears,you might need more positive camber on the rears
\voice\tyre_monitor\you_need_more_positive_camber_on_rears,4.wav,you might need more positive camber on the rears,you might need more positive camber on the rears,you might need more positive camber on the rears
\voice\tyre_monitor\you_need_more_positive_camber_on_rears,5.wav,you might need more positive camber on the rears,you might need more positive camber on the rears,you might need more positive camber on the rears
