audio_path,audio_filename,subtitle,text_for_tts,original_english
\voice\battery\about_to_run_out,1.wav,"this battery is about to run out, mate","this battery is about to run out, mate","this battery is about to run out, mate"
\voice\battery\about_to_run_out,2.wav,"this battery is had it, it's about to run out","this battery is had it, it's about to run out","this battery is had it, it's about to run out"
\voice\battery\about_to_run_out,3.wav,this battery is pretty much done,this battery is pretty much done,this battery is pretty much done
\voice\battery\battery_use_increasing,1.wav,your battery use is increasing,your battery use is increasing,your battery use is increasing
\voice\battery\battery_use_increasing,2.wav,your energy use is increasing,your energy use is increasing,your energy use is increasing
\voice\battery\battery_use_increasing,3.wav,your battery use is increasing,your battery use is increasing,your battery use is increasing
\voice\battery\battery_use_reducing,1.wav,your battery use is dropping,your battery use is dropping,your battery use is dropping
\voice\battery\battery_use_reducing,2.wav,your battery use is reducing,your battery use is reducing,your battery use is reducing
\voice\battery\battery_use_reducing,3.wav,your energy use is reducing,your energy use is reducing,your energy use is reducing
\voice\battery\battery_use_stable,1.wav,your battery use is now stable,your battery use is now stable,your battery use is now stable
\voice\battery\battery_use_stable,2.wav,your battery use is stable,your battery use is stable,your battery use is stable
\voice\battery\battery_use_stable,3.wav,your battery use is stabilized,your battery use is stabilized,your battery use is stabilized
\voice\battery\critical_battery,1.wav,your battery is almost empty,your battery is almost empty,your battery is almost empty
\voice\battery\critical_battery,2.wav,the battery is really low,the battery is really low,the battery is really low
\voice\battery\critical_battery,3.wav,the battery level is really low,the battery level is really low,the battery level is really low
\voice\battery\critical_battery,4.wav,"critical battery level, we're really low on energy","critical battery level, we're really low on energy","critical battery level, we're really low on energy"
\voice\battery\current_charge_should_make_end,1.wav,you should be able to make it to the end on this charge,you should be able to make it to the end on this charge,you should be able to make it to the end on this charge
\voice\battery\current_charge_should_make_end,2.wav,your current charge level should last to the end of the race,your current charge level should last to the end of the race,your current charge level should last to the end of the race
\voice\battery\current_charge_should_make_end,3.wav,we think you'll make it to the end on your current charge,we think you'll make it to the end on your current charge,we think you'll make it to the end on your current charge
\voice\battery\current_charge_should_make_half_distance,1.wav,should be able to reach the middle of the race on the current charge,should be able to reach the middle of the race on the current charge,should be able to reach the middle of the race on the current charge
\voice\battery\current_charge_should_make_half_distance,2.wav,should be able to make the midpoint of the race on the current charge,should be able to make the midpoint of the race on the current charge,should be able to make the midpoint of the race on the current charge
\voice\battery\current_charge_should_make_half_distance,3.wav,the current charge should last you to the midpoint of the race,the current charge should last you to the midpoint of the race,the current charge should last you to the midpoint of the race
\voice\battery\five_minutes_battery,1.wav,there's about 5 minutes left in this battery,there's about 5 minutes left in this battery,there's about 5 minutes left in this battery
\voice\battery\five_minutes_battery,2.wav,we've got about 5 more minutes on this battery,we've got about 5 more minutes on this battery,we've got about 5 more minutes on this battery
\voice\battery\five_minutes_battery,3.wav,this battery will last about 5 more minutes,this battery will last about 5 more minutes,this battery will last about 5 more minutes
\voice\battery\four_laps_battery,1.wav,we got 4 laps of battery power left,we got 4 laps of battery power left,we got 4 laps of battery power left
\voice\battery\four_laps_battery,2.wav,there's about 4 laps left in the battery,there's about 4 laps left in the battery,there's about 4 laps left in the battery
\voice\battery\four_laps_battery,3.wav,the battery will last about 4 more laps,the battery will last about 4 more laps,the battery will last about 4 more laps
\voice\battery\half_charge_warning,1.wav,we got half our battery charge remaining,we got half our battery charge remaining,we got half our battery charge remaining
\voice\battery\half_charge_warning,2.wav,the battery is now at half power,the battery is now at half power,the battery is now at half power
\voice\battery\half_charge_warning,3.wav,"we got half the battery power left, now","we got half the battery power left, now","we got half the battery power left, now"
\voice\battery\half_distance_good_battery,1.wav,"half distance, the battery looks good, we'll make it to the end","half distance, the battery looks good, we'll make it to the end","half distance, the battery looks good, we'll make it to the end"
\voice\battery\half_distance_good_battery,2.wav,"half distance, the battery power looks okay","half distance, the battery power looks okay","half distance, the battery power looks okay"
\voice\battery\half_distance_good_battery,3.wav,"that's half distance, the battery looks good, we think we'll make it to the end","that's half distance, the battery looks good, we think we'll make it to the end","that's half distance, the battery looks good, we think we'll make it to the end"
\voice\battery\half_distance_good_battery,4.wav,"half distance, we should have enough power to get to the end","half distance, we should have enough power to get to the end","half distance, we should have enough power to get to the end"
\voice\battery\half_distance_low_battery,1.wav,"that's half distance, at this rate we won't make it to the end on this charge","that's half distance, at this rate we won't make it to the end on this charge","that's half distance, at this rate we won't make it to the end on this charge"
\voice\battery\half_distance_low_battery,2.wav,"that's half distance, we haven't got enough energy to get to the end","that's half distance, we haven't got enough energy to get to the end","that's half distance, we haven't got enough energy to get to the end"
\voice\battery\half_distance_low_battery,3.wav,"that's half distance, we don't have enough energy to get to the end","that's half distance, we don't have enough energy to get to the end","that's half distance, we don't have enough energy to get to the end"
\voice\battery\half_distance_low_battery,4.wav,"that's half distance, we'll be out of battery before the end","that's half distance, we'll be out of battery before the end","that's half distance, we'll be out of battery before the end"
\voice\battery\increase_battery_use_easily_make_end,1.wav,"you can increase your battery usage now, we've got plenty of energy to get us to the end","you can increase your battery usage now, we've got plenty of energy to get us to the end","you can increase your battery usage now, we've got plenty of energy to get us to the end"
\voice\battery\increase_battery_use_easily_make_end,2.wav,"we've got plenty of battery to make the end, you can increase your energy usage","we've got plenty of battery to make the end, you can increase your energy usage","we've got plenty of battery to make the end, you can increase your energy usage"
\voice\battery\increase_battery_use_easily_make_end,3.wav,"increase your energy usage, we've got plenty of energy to spare, we'll make it to the end","increase your energy usage, we've got plenty of energy to spare, we'll make it to the end","increase your energy usage, we've got plenty of energy to spare, we'll make it to the end"
\voice\battery\increase_battery_use_easily_make_half_distance,1.wav,"you can increase your energy usage, we have more than we need to make it to the midpoint","you can increase your energy usage, we have more than we need to make it to the midpoint","you can increase your energy usage, we have more than we need to make it to the midpoint"
\voice\battery\increase_battery_use_easily_make_half_distance,2.wav,"we have more than enough energy to make half distance, you can increase your battery usage","we have more than enough energy to make half distance, you can increase your battery usage","we have more than enough energy to make half distance, you can increase your battery usage"
\voice\battery\increase_battery_use_easily_make_half_distance,3.wav,"increase your battery usage, we've got more than enough energy to make half distance","increase your battery usage, we've got more than enough energy to make half distance","increase your battery usage, we've got more than enough energy to make half distance"
\voice\battery\laps,1.wav,laps,laps,laps
\voice\battery\laps,2.wav,laps,laps,laps
\voice\battery\laps,3.wav,laps,laps,laps
\voice\battery\laps,4.wav,laps,laps,laps
\voice\battery\laps_remaining,1.wav,laps of energy remaining,laps of energy remaining,laps of energy remaining
\voice\battery\laps_remaining,2.wav,laps of charge remaining,laps of charge remaining,laps of charge remaining
\voice\battery\laps_remaining,3.wav,laps remaining in the battery,laps remaining in the battery,laps remaining in the battery
\voice\battery\low_battery,1.wav,we're low on charge,we're low on charge,we're low on charge
\voice\battery\low_battery,2.wav,the battery level is low,the battery level is low,the battery level is low
\voice\battery\low_battery,3.wav,"the battery level is looking pretty low, now","the battery level is looking pretty low, now","the battery level is looking pretty low, now"
\voice\battery\minutes,1.wav,minutes,minutes,minutes
\voice\battery\minutes,2.wav,minutes,minutes,minutes
\voice\battery\minutes,3.wav,minutes,minutes,minutes
\voice\battery\minutes,4.wav,minutes,minutes,minutes
\voice\battery\minutes_remaining,1.wav,minutes of charge remaining,minutes of charge remaining,minutes of charge remaining
\voice\battery\minutes_remaining,2.wav,minutes of energy remaining,minutes of energy remaining,minutes of energy remaining
\voice\battery\minutes_remaining,3.wav,minutes left in the battery,minutes left in the battery,minutes left in the battery
\voice\battery\on_last_lap_you_used,1.wav,on last lap you used,on last lap you used,on last lap you used
\voice\battery\on_last_lap_you_used,2.wav,on your last lap you used,on your last lap you used,on your last lap you used
\voice\battery\on_last_lap_you_used,3.wav,on the last lap you used,on the last lap you used,on the last lap you used
\voice\battery\one_lap_battery,1.wav,one lap of battery power left,one lap of battery power left,one lap of battery power left
\voice\battery\one_lap_battery,2.wav,one lap left on our current charge,one lap left on our current charge,one lap left on our current charge
\voice\battery\one_lap_battery,3.wav,there's one lap left in this battery,there's one lap left in this battery,there's one lap left in this battery
\voice\battery\percent,1.wav,percent,percent,percent
\voice\battery\percent,2.wav,percent,percent,percent
\voice\battery\percent,3.wav,percent,percent,percent
\voice\battery\percent_of_your_battery,1.wav,percent of your battery,percent of your battery,percent of your battery
\voice\battery\percent_of_your_battery,2.wav,percent of your energy,percent of your energy,percent of your energy
\voice\battery\percent_of_your_battery,3.wav,percent of your remaining battery,percent of your remaining battery,percent of your remaining battery
\voice\battery\percent_of_your_battery,4.wav,percent of your battery,percent of your battery,percent of your battery
\voice\battery\percent_per_lap,1.wav,percent per lap,percent per lap,percent per lap
\voice\battery\percent_per_lap,2.wav,percent per lap,percent per lap,percent per lap
\voice\battery\percent_per_lap,3.wav,percent per lap,percent per lap,percent per lap
\voice\battery\percent_remaining,1.wav,percent of charge remaining,percent of charge remaining,percent of charge remaining
\voice\battery\percent_remaining,2.wav,percent remaining,percent remaining,percent remaining
\voice\battery\percent_remaining,3.wav,percent battery remaining,percent battery remaining,percent battery remaining
\voice\battery\percent_remaining,4.wav,percent battery remaining,percent battery remaining,percent battery remaining
\voice\battery\plenty_of_battery,1.wav,plenty of battery,plenty of battery,plenty of battery
\voice\battery\plenty_of_battery,2.wav,the battery's has got plenty of charge in it,the battery's has got plenty of charge in it,the battery's has got plenty of charge in it
\voice\battery\plenty_of_battery,3.wav,you got plenty of battery energy,you got plenty of battery energy,you got plenty of battery energy
\voice\battery\plenty_of_battery,4.wav,you got loads of energy,you got loads of energy,you got loads of energy
\voice\battery\plenty_of_battery,5.wav,plenty of battery,plenty of battery,plenty of battery
\voice\battery\reduce_battery_use_to_make_end,1.wav,you'll need to reduce your battery use if you're going to make it to the end,you'll need to reduce your battery use if you're going to make it to the end,you'll need to reduce your battery use if you're going to make it to the end
\voice\battery\reduce_battery_use_to_make_end,2.wav,you won't make it to the end unless you reduce your battery use,you won't make it to the end unless you reduce your battery use,you won't make it to the end unless you reduce your battery use
\voice\battery\reduce_battery_use_to_make_end,3.wav,you'll need to drop your battery use to make it to the end of the race,you'll need to drop your battery use to make it to the end of the race,you'll need to drop your battery use to make it to the end of the race
\voice\battery\reduce_battery_use_to_make_half_distance,1.wav,you'll need to reduce your battery use to reach half distance,you'll need to reduce your battery use to reach half distance,you'll need to reduce your battery use to reach half distance
\voice\battery\reduce_battery_use_to_make_half_distance,2.wav,you'll need to drop your battery use if you're going to make mid point of the race,you'll need to drop your battery use if you're going to make mid point of the race,you'll need to drop your battery use if you're going to make mid point of the race
\voice\battery\reduce_battery_use_to_make_half_distance,3.wav,you'll need to reduce your battery use to reach the halfway point,you'll need to reduce your battery use to reach the halfway point,you'll need to reduce your battery use to reach the halfway point
\voice\battery\ten_minutes_battery,1.wav,there's about 10 minutes left in this battery,there's about 10 minutes left in this battery,there's about 10 minutes left in this battery
\voice\battery\ten_minutes_battery,2.wav,we'll be out of battery in about 10 minutes,we'll be out of battery in about 10 minutes,we'll be out of battery in about 10 minutes
\voice\battery\ten_minutes_battery,3.wav,we got about 10 minutes of charge left,we got about 10 minutes of charge left,we got about 10 minutes of charge left
\voice\battery\three_laps_battery,1.wav,we got enough power for 3 more laps,we got enough power for 3 more laps,we got enough power for 3 more laps
\voice\battery\three_laps_battery,2.wav,we think we'll be out of battery in 3 laps,we think we'll be out of battery in 3 laps,we think we'll be out of battery in 3 laps
\voice\battery\three_laps_battery,3.wav,we got about 3 laps left in the battery,we got about 3 laps left in the battery,we got about 3 laps left in the battery
\voice\battery\two_laps_battery,1.wav,we think about 2 laps left in this battery,we think about 2 laps left in this battery,we think about 2 laps left in this battery
\voice\battery\two_laps_battery,2.wav,we got enough power for 2 laps now,we got enough power for 2 laps now,we got enough power for 2 laps now
\voice\battery\two_laps_battery,3.wav,2 laps remaining in the battery,2 laps remaining in the battery,2 laps remaining in the battery
\voice\battery\two_minutes_battery,1.wav,we got enough charge for 2 more minutes,we got enough charge for 2 more minutes,we got enough charge for 2 more minutes
\voice\battery\two_minutes_battery,2.wav,we'll be out of battery in 2 minutes,we'll be out of battery in 2 minutes,we'll be out of battery in 2 minutes
\voice\battery\two_minutes_battery,3.wav,we've got 2 minutes left in this battery,we've got 2 minutes left in this battery,we've got 2 minutes left in this battery
\voice\battery\we_estimate,1.wav,we estimate,we estimate,we estimate
\voice\battery\we_estimate,2.wav,we think about,we think about,we think about
\voice\battery\we_estimate,3.wav,we estimate,we estimate,we estimate
\voice\battery\we_estimate,4.wav,it looks like,it looks like,it looks like
\voice\battery\we_will_get_another,1.wav,we'll get about,we'll get about,we'll get about
\voice\battery\we_will_get_another,2.wav,we're good for another,we're good for another,we're good for another
\voice\battery\we_will_get_another,3.wav,we'll get about,we'll get about,we'll get about
\voice\battery\we_will_get_another,4.wav,we're good for another,we're good for another,we're good for another
\voice\battery\wont_make_end_without_pitstop,1.wav,"we don't have enough energy to get to the end, we'll need to stop","we don't have enough energy to get to the end, we'll need to stop","we don't have enough energy to get to the end, we'll need to stop"
\voice\battery\wont_make_end_without_pitstop,2.wav,"we don't have enough battery to make it to the end of the race, we'll need to stop","we don't have enough battery to make it to the end of the race, we'll need to stop","we don't have enough battery to make it to the end of the race, we'll need to stop"
\voice\battery\wont_make_end_without_pitstop,3.wav,"we'll need to stop before the end of the race, we don't have enough energy","we'll need to stop before the end of the race, we don't have enough energy","we'll need to stop before the end of the race, we don't have enough energy"
\voice\battery\wont_make_half_distance_without_pitstop,1.wav,we're not going to make it to half distance without a pit stop,we're not going to make it to half distance without a pit stop,we're not going to make it to half distance without a pit stop
\voice\battery\wont_make_half_distance_without_pitstop,2.wav,"we don't have enough energy to get us to half distance, we'll need to stop","we don't have enough energy to get us to half distance, we'll need to stop","we don't have enough energy to get us to half distance, we'll need to stop"
\voice\battery\wont_make_half_distance_without_pitstop,3.wav,"you don't have enough energy to make it to half way, we'll need to stop","you don't have enough energy to make it to half way, we'll need to stop","you don't have enough energy to make it to half way, we'll need to stop"
\voice\driver_swaps\10_minutes_left_in_stint,1.wav,10 minutes left in this driver stint,10 minutes left in this driver stint,10 minutes left in this driver stint
\voice\driver_swaps\10_minutes_left_in_stint,2.wav,you've got 10 minutes left before we need to change drivers,you've got 10 minutes left before we need to change drivers,you've got 10 minutes left before we need to change drivers
\voice\driver_swaps\10_minutes_left_in_stint,3.wav,you got 10 minutes before we need to change drivers,you got 10 minutes before we need to change drivers,you got 10 minutes before we need to change drivers
\voice\driver_swaps\10_minutes_left_in_stint,4.wav,10 minutes left in this stint before we need a driver swap,10 minutes left in this stint before we need a driver swap,10 minutes left in this stint before we need a driver swap
\voice\driver_swaps\10_minutes_left_in_stint,5.wav,"10 minutes left in this stint, we'll need a driver swap","10 minutes left in this stint, we'll need a driver swap","10 minutes left in this stint, we'll need a driver swap"
\voice\driver_swaps\15_minutes_left_in_stint,1.wav,15 minutes of this driver stint remaining,15 minutes of this driver stint remaining,15 minutes of this driver stint remaining
\voice\driver_swaps\15_minutes_left_in_stint,2.wav,you got 15 minutes before we need a driver swap,you got 15 minutes before we need a driver swap,you got 15 minutes before we need a driver swap
\voice\driver_swaps\15_minutes_left_in_stint,3.wav,15 minutes of this stint left,15 minutes of this stint left,15 minutes of this stint left
\voice\driver_swaps\15_minutes_left_in_stint,4.wav,15 minutes before we need to change drivers,15 minutes before we need to change drivers,15 minutes before we need to change drivers
\voice\driver_swaps\15_minutes_left_in_stint,5.wav,15 minutes before we need a driver swap,15 minutes before we need a driver swap,15 minutes before we need a driver swap
\voice\driver_swaps\2_minutes_left_in_stint,1.wav,2 minutes remaining on this driver stint,2 minutes remaining on this driver stint,2 minutes remaining on this driver stint
\voice\driver_swaps\2_minutes_left_in_stint,2.wav,2 minutes before we gotta swap drivers,2 minutes before we gotta swap drivers,2 minutes before we gotta swap drivers
\voice\driver_swaps\2_minutes_left_in_stint,3.wav,we got 2 minutes left of this driver stint,we got 2 minutes left of this driver stint,we got 2 minutes left of this driver stint
\voice\driver_swaps\2_minutes_left_in_stint,4.wav,we'll need to swap in 2 minutes,we'll need to swap in 2 minutes,we'll need to swap in 2 minutes
\voice\driver_swaps\2_minutes_left_in_stint,5.wav,need to change drivers in 2 minutes,need to change drivers in 2 minutes,need to change drivers in 2 minutes
\voice\driver_swaps\5_minutes_left_in_stint,1.wav,5 minutes left before we gotta swap,5 minutes left before we gotta swap,5 minutes left before we gotta swap
\voice\driver_swaps\5_minutes_left_in_stint,2.wav,5 minutes left in this stint,5 minutes left in this stint,5 minutes left in this stint
\voice\driver_swaps\5_minutes_left_in_stint,3.wav,5 minutes left in this driver stint,5 minutes left in this driver stint,5 minutes left in this driver stint
\voice\driver_swaps\5_minutes_left_in_stint,4.wav,we'll need to swap drivers in 5 minutes,we'll need to swap drivers in 5 minutes,we'll need to swap drivers in 5 minutes
\voice\driver_swaps\5_minutes_left_in_stint,5.wav,we need a driver change in 5 minutes,we need a driver change in 5 minutes,we need a driver change in 5 minutes
\voice\driver_swaps\pit_now_for_driver_change,1.wav,"driver change, box, box, box","driver change, box, box, box","driver change, box, box, box"
\voice\driver_swaps\pit_now_for_driver_change,2.wav,"driver change, pit now","driver change, pit now","driver change, pit now"
\voice\driver_swaps\pit_now_for_driver_change,3.wav,we're pitting now for a driver change,we're pitting now for a driver change,we're pitting now for a driver change
\voice\driver_swaps\pit_now_for_driver_change,4.wav,we need to pit now for a driver change,we need to pit now for a driver change,we need to pit now for a driver change
\voice\driver_swaps\pit_now_for_driver_change,5.wav,"box, box, box, we're doing a driver change this time","box, box, box, we're doing a driver change this time","box, box, box, we're doing a driver change this time"
\voice\driver_swaps\pit_this_lap_driver_change_no_more_stints,1.wav,"box this lap for a driver change, this is your last time in the car","box this lap for a driver change, this is your last time in the car","box this lap for a driver change, this is your last time in the car"
\voice\driver_swaps\pit_this_lap_driver_change_no_more_stints,2.wav,"our time in the car is up, pit this lap for a driver change","our time in the car is up, pit this lap for a driver change","our time in the car is up, pit this lap for a driver change"
\voice\driver_swaps\pit_this_lap_driver_change_no_more_stints,3.wav,"box this lap for a driver change, we've got no more stints left","box this lap for a driver change, we've got no more stints left","box this lap for a driver change, we've got no more stints left"
\voice\driver_swaps\pit_this_lap_driver_change_no_more_stints,4.wav,"pit this lap for a driver change, our time in the car is up","pit this lap for a driver change, our time in the car is up","pit this lap for a driver change, our time in the car is up"
\voice\driver_swaps\pit_this_lap_driver_change_no_more_stints,5.wav,"box this lap for a driver change, we've got no more time left in the car","box this lap for a driver change, we've got no more time left in the car","box this lap for a driver change, we've got no more time left in the car"
\voice\driver_swaps\pit_this_lap_for_driver_change,1.wav,pit this lap for your driver change,pit this lap for your driver change,pit this lap for your driver change
\voice\driver_swaps\pit_this_lap_for_driver_change,2.wav,pit this lap for a driver swap,pit this lap for a driver swap,pit this lap for a driver swap
\voice\driver_swaps\pit_this_lap_for_driver_change,3.wav,box this lap for a driver swap,box this lap for a driver swap,box this lap for a driver swap
\voice\driver_swaps\pit_this_lap_for_driver_change,4.wav,pit this lap for a driver swap,pit this lap for a driver swap,pit this lap for a driver swap
\voice\driver_swaps\pit_this_lap_for_driver_change,5.wav,pit this lap for a driver change,pit this lap for a driver change,pit this lap for a driver change
\voice\engine_monitor\all_clear,1_op_prefix_ok.wav,your engine temperatures are looking better now,your engine temperatures are looking better now,your engine temperatures are looking better now
\voice\engine_monitor\all_clear,2_op_prefix_ok.wav,"your engine temperatures are okay, all clear on engine temperatures","your engine temperatures are okay, all clear on engine temperatures","your engine temperatures are okay, all clear on engine temperatures"
\voice\engine_monitor\all_clear,3_op_prefix_ok.wav,your engine temperatures are now back to normal,your engine temperatures are now back to normal,your engine temperatures are now back to normal
\voice\engine_monitor\hot_oil,1_op_prefix_ok.wav,"keep an eye on your oil temperature, it's creeping up","keep an eye on your oil temperature, it's creeping up","keep an eye on your oil temperature, it's creeping up"
\voice\engine_monitor\hot_oil,2_op_prefix_ok.wav,your oil temperature's getting a bit high,your oil temperature's getting a bit high,your oil temperature's getting a bit high
\voice\engine_monitor\hot_oil,3_op_prefix_ok.wav,"watch your oil temperature, it's pretty high","watch your oil temperature, it's pretty high","watch your oil temperature, it's pretty high"
\voice\engine_monitor\hot_oil_and_water,1.wav,"your oil and water temperatures are high, you need to back off a little","your oil and water temperatures are high, you need to back off a little","your oil and water temperatures are high, you need to back off a little"
\voice\engine_monitor\hot_oil_and_water,2.wav,"your oil and water temperatures are both high, you might need to take it easy for a bit","your oil and water temperatures are both high, you might need to take it easy for a bit","your oil and water temperatures are both high, you might need to take it easy for a bit"
\voice\engine_monitor\hot_oil_and_water,3_op_prefix_ok.wav,"your water and your oil are both looking pretty hot right now, try and take it easy","your water and your oil are both looking pretty hot right now, try and take it easy","your water and your oil are both looking pretty hot right now, try and take it easy"
\voice\engine_monitor\hot_oil_and_water,sweary_4_op_prefix_ok.wav,if you don't cool this engine you're really gonna fuck it up,if you don't cool this engine you're really gonna fuck it up,if you don't cool this engine you're really gonna fuck it up
\voice\engine_monitor\hot_water,1_op_prefix_ok.wav,your water temperature's creeping up,your water temperature's creeping up,your water temperature's creeping up
\voice\engine_monitor\hot_water,2_op_prefix_ok.wav,your water temperature looks quite high,your water temperature looks quite high,your water temperature looks quite high
\voice\engine_monitor\hot_water,3_op_prefix_ok.wav,"you want to watch your water temperature, it's looking a little high","you want to watch your water temperature, it's looking a little high","you want to watch your water temperature, it's looking a little high"
\voice\engine_monitor\low_fuel_pressure,1.wav,"your fuel pressure's dropping, it doesn't look good","your fuel pressure's dropping, it doesn't look good","your fuel pressure's dropping, it doesn't look good"
\voice\engine_monitor\low_fuel_pressure,2.wav,"okay, mate, your fuel pressure's dropping","okay, mate, your fuel pressure's dropping","okay, mate, your fuel pressure's dropping"
\voice\engine_monitor\low_fuel_pressure,3_rq_prefix_ok.wav,you have low fuel pressure,you have low fuel pressure,you have low fuel pressure
\voice\engine_monitor\low_fuel_pressure,4.wav,we got a fuel pressure warning here,we got a fuel pressure warning here,we got a fuel pressure warning here
\voice\engine_monitor\low_fuel_pressure,5_op_prefix_ok.wav,your fuel pressure's dropping,your fuel pressure's dropping,your fuel pressure's dropping
\voice\engine_monitor\low_fuel_pressure,6.wav,low fuel pressure,low fuel pressure,low fuel pressure
\voice\engine_monitor\low_oil_pressure,1_op_prefix_ok.wav,"we're seeing low oil pressure, better keep an eye on it","we're seeing low oil pressure, better keep an eye on it","we're seeing low oil pressure, better keep an eye on it"
\voice\engine_monitor\low_oil_pressure,2.wav,looks like we got oil pressure issues,looks like we got oil pressure issues,looks like we got oil pressure issues
\voice\engine_monitor\low_oil_pressure,3_op_prefix_ok.wav,we're seeing a low oil pressure warning here,we're seeing a low oil pressure warning here,we're seeing a low oil pressure warning here
\voice\engine_monitor\low_oil_pressure,4.wav,we're seeing a low oil pressure warning,we're seeing a low oil pressure warning,we're seeing a low oil pressure warning
\voice\engine_monitor\low_oil_pressure,5.wav,looks like you got oil pressure issues here,looks like you got oil pressure issues here,looks like you got oil pressure issues here
\voice\engine_monitor\oil_temp_intro,1.wav,your oil temp is,your oil temp is,your oil temp is
\voice\engine_monitor\oil_temp_intro,2.wav,your oil temp is,your oil temp is,your oil temp is
\voice\engine_monitor\oil_temp_intro,3.wav,your oil temp is,your oil temp is,your oil temp is
\voice\engine_monitor\oil_temp_intro,4.wav,your oil temp is,your oil temp is,your oil temp is
\voice\engine_monitor\oil_temp_intro,5.wav,your oil temp is,your oil temp is,your oil temp is
\voice\engine_monitor\oil_temp_intro,6.wav,your oil temp is,your oil temp is,your oil temp is
\voice\engine_monitor\stalled,1.wav,"okay, mate, take a breath, fire it back up, get back on it","okay, mate, take a breath, fire it back up, get back on it","okay, mate, take a breath, fire it back up, get back on it"
\voice\engine_monitor\stalled,2_op_prefix_oh_dear.wav,restart it and get on it,restart it and get on it,restart it and get on it
\voice\engine_monitor\stalled,3_op_prefix_bad_luck.wav,"take your time, start it back up and get back in the race","take your time, start it back up and get back in the race","take your time, start it back up and get back in the race"
\voice\engine_monitor\stalled,4_op_prefix_ok.wav,"fire it back up, get back into the fray","fire it back up, get back into the fray","fire it back up, get back into the fray"
\voice\engine_monitor\stalled,5.wav,"okay, take your time, just get it started","okay, take your time, just get it started","okay, take your time, just get it started"
\voice\engine_monitor\stalled,6_op_prefix_oh_dear.wav,"restart it, get the clutch it next time","restart it, get the clutch it next time","restart it, get the clutch it next time"
\voice\engine_monitor\stalled,7_op_prefix_bad_luck.wav,"don't rush, get it running, back it back in the race","don't rush, get it running, back it back in the race","don't rush, get it running, back it back in the race"
\voice\engine_monitor\water_temp_intro,1.wav,your water temp is,your water temp is,your water temp is
\voice\engine_monitor\water_temp_intro,2.wav,your water temp is,your water temp is,your water temp is
\voice\engine_monitor\water_temp_intro,3.wav,your water temp is,your water temp is,your water temp is
\voice\engine_monitor\water_temp_intro,4.wav,your water temp is,your water temp is,your water temp is
\voice\engine_monitor\water_temp_intro,5.wav,your water temp is,your water temp is,your water temp is
\voice\engine_monitor\water_temp_intro,6.wav,your water temp is,your water temp is,your water temp is
\voice\frozen_order\allow,1.wav,allow,allow,allow
\voice\frozen_order\allow,2.wav,allow,allow,allow
\voice\frozen_order\allow,3.wav,allow,allow,allow
\voice\frozen_order\allow_car_number,1.wav,we need to allow car number,we need to allow car number,we need to allow car number
\voice\frozen_order\allow_car_number,2.wav,allow car number,allow car number,allow car number
\voice\frozen_order\allow_car_number,3.wav,allow car number,allow car number,allow car number
\voice\frozen_order\allow_car_number,4.wav,we need to allow car number,we need to allow car number,we need to allow car number
\voice\frozen_order\allow_car_number,5.wav,we need to let car number,we need to let car number,we need to let car number
\voice\frozen_order\allow_guy_behind_to_pass,4_op_suffix_please.wav,allow the car behind to pass,allow the car behind to pass,allow the car behind to pass
\voice\frozen_order\allow_guy_behind_to_pass,5.wav,allow this guy to pass,allow this guy to pass,allow this guy to pass
\voice\frozen_order\allow_guy_behind_to_pass,6.wav,let this guy through,let this guy through,let this guy through
\voice\frozen_order\catch_up_to,1.wav,catch up to,catch up to,catch up to
\voice\frozen_order\catch_up_to,10.wav,you need to catch up to,you need to catch up to,you need to catch up to
\voice\frozen_order\catch_up_to,11.wav,get closer to,get closer to,get closer to
\voice\frozen_order\catch_up_to,12.wav,you should catch up to,you should catch up to,you should catch up to
\voice\frozen_order\catch_up_to,13.wav,please catch up to,please catch up to,please catch up to
\voice\frozen_order\catch_up_to,14.wav,catch up to,catch up to,catch up to
\voice\frozen_order\catch_up_to,15.wav,you need to catch up to,you need to catch up to,you need to catch up to
\voice\frozen_order\catch_up_to,16.wav,you need to catch up to,you need to catch up to,you need to catch up to
\voice\frozen_order\catch_up_to,17.wav,catch up to,catch up to,catch up to
\voice\frozen_order\catch_up_to,18.wav,you need to get closer to,you need to get closer to,you need to get closer to
\voice\frozen_order\catch_up_to,2.wav,catch up to,catch up to,catch up to
\voice\frozen_order\catch_up_to,3.wav,catch up to,catch up to,catch up to
\voice\frozen_order\catch_up_to,7.wav,catch up to,catch up to,catch up to
\voice\frozen_order\catch_up_to,8.wav,catch up to,catch up to,catch up to
\voice\frozen_order\catch_up_to,9.wav,catch up to,catch up to,catch up to
\voice\frozen_order\catch_up_to_car_number,1.wav,catch up to car number,catch up to car number,catch up to car number
\voice\frozen_order\catch_up_to_car_number,2.wav,we need to catch car number,we need to catch car number,we need to catch car number
\voice\frozen_order\catch_up_to_car_number,3.wav,catch up to car number,catch up to car number,catch up to car number
\voice\frozen_order\catch_up_to_car_number,4.wav,catch up to car number,catch up to car number,catch up to car number
\voice\frozen_order\catch_up_to_car_number,5.wav,we need to catch up to car number,we need to catch up to car number,we need to catch up to car number
\voice\frozen_order\fcy_lineup_single_file,1_op_prefix_ok.wav,line up single file,line up single file,line up single file
\voice\frozen_order\fcy_lineup_single_file,2_op_suffix_please.wav,line up single file,line up single file,line up single file
\voice\frozen_order\fcy_lineup_single_file,3.wav,line up single file,line up single file,line up single file
\voice\frozen_order\fcy_lineup_single_file,4.wav,line up single file,line up single file,line up single file
\voice\frozen_order\fcy_lineup_single_file,5_op_prefix_ok.wav,we need to line up single file,we need to line up single file,we need to line up single file
\voice\frozen_order\follow,1.wav,stay behind,stay behind,stay behind
\voice\frozen_order\follow,10.wav,follow,follow,follow
\voice\frozen_order\follow,11.wav,follow,follow,follow
\voice\frozen_order\follow,12.wav,follow,follow,follow
\voice\frozen_order\follow,13.wav,stay behind,stay behind,stay behind
\voice\frozen_order\follow,2.wav,stay behind,stay behind,stay behind
\voice\frozen_order\follow,3.wav,you need to follow,you need to follow,you need to follow
\voice\frozen_order\follow,4.wav,stay behind,stay behind,stay behind
\voice\frozen_order\follow,5.wav,follow,follow,follow
\voice\frozen_order\follow,6.wav,stay behind,stay behind,stay behind
\voice\frozen_order\follow,7.wav,stay behind,stay behind,stay behind
\voice\frozen_order\follow,8.wav,follow,follow,follow
\voice\frozen_order\follow,9.wav,hold position behind,hold position behind,hold position behind
\voice\frozen_order\follow_car_number,1.wav,follow car number,follow car number,follow car number
\voice\frozen_order\follow_car_number,2.wav,we need to follow car number,we need to follow car number,we need to follow car number
\voice\frozen_order\follow_car_number,3.wav,follow car number,follow car number,follow car number
\voice\frozen_order\follow_car_number,4.wav,follow car number,follow car number,follow car number
\voice\frozen_order\follow_car_number,5.wav,follow car number,follow car number,follow car number
\voice\frozen_order\in_the_inside_column,13.wav,in the inside column,in the inside column,in the inside column
\voice\frozen_order\in_the_inside_column,14.wav,in the inside lane,in the inside lane,in the inside lane
\voice\frozen_order\in_the_inside_column,15.wav,in the inside column,in the inside column,in the inside column
\voice\frozen_order\in_the_left_column,16.wav,in the left column,in the left column,in the left column
\voice\frozen_order\in_the_left_column,17.wav,in the left lane,in the left lane,in the left lane
\voice\frozen_order\in_the_left_column,18.wav,in the left column,in the left column,in the left column
\voice\frozen_order\in_the_outside_column,19.wav,in the outside column,in the outside column,in the outside column
\voice\frozen_order\in_the_outside_column,20.wav,in the outside lane,in the outside lane,in the outside lane
\voice\frozen_order\in_the_outside_column,21.wav,in the outside column,in the outside column,in the outside column
\voice\frozen_order\in_the_right_column,22.wav,in the right column,in the right column,in the right column
\voice\frozen_order\in_the_right_column,23.wav,in the right column,in the right column,in the right column
\voice\frozen_order\in_the_right_column,24.wav,in the right lane,in the right lane,in the right lane
\voice\frozen_order\kilometres_per_hour,25.wav,kilometres per hour,kilometres per hour,kilometres per hour
\voice\frozen_order\kilometres_per_hour,26.wav,kilometres per hour,kilometres per hour,kilometres per hour
\voice\frozen_order\kilometres_per_hour,27.wav,kilometres per hour,kilometres per hour,kilometres per hour
\voice\frozen_order\line_up_in_the_inside_column,1.wav,line up in the inside column,line up in the inside column,line up in the inside column
\voice\frozen_order\line_up_in_the_inside_column,2.wav,form up in the inside column,form up in the inside column,form up in the inside column
\voice\frozen_order\line_up_in_the_inside_column,3.wav,line up on the inside,line up on the inside,line up on the inside
\voice\frozen_order\line_up_in_the_inside_column,4.wav,form up in the inside column,form up in the inside column,form up in the inside column
\voice\frozen_order\line_up_in_the_inside_column,5.wav,line up on the inside,line up on the inside,line up on the inside
\voice\frozen_order\line_up_in_the_inside_column,6.wav,line up in the inside column,line up in the inside column,line up in the inside column
\voice\frozen_order\line_up_in_the_left_column,1.wav,line up in the left column,line up in the left column,line up in the left column
\voice\frozen_order\line_up_in_the_left_column,2.wav,line up in the left column,line up in the left column,line up in the left column
\voice\frozen_order\line_up_in_the_left_column,3.wav,form up in the left column,form up in the left column,form up in the left column
\voice\frozen_order\line_up_in_the_left_column,4.wav,line up in the left column,line up in the left column,line up in the left column
\voice\frozen_order\line_up_in_the_left_column,5.wav,form up on the left-hand side,form up on the left-hand side,form up on the left-hand side
\voice\frozen_order\line_up_in_the_left_column,6.wav,line up on the left,line up on the left,line up on the left
\voice\frozen_order\line_up_in_the_outside_column,1.wav,form up in the outside column,form up in the outside column,form up in the outside column
\voice\frozen_order\line_up_in_the_outside_column,2.wav,line up on the outside,line up on the outside,line up on the outside
\voice\frozen_order\line_up_in_the_outside_column,3.wav,form up in the outside line,form up in the outside line,form up in the outside line
\voice\frozen_order\line_up_in_the_outside_column,4.wav,line up on the outside line,line up on the outside line,line up on the outside line
\voice\frozen_order\line_up_in_the_outside_column,5.wav,form up in the outside column,form up in the outside column,form up in the outside column
\voice\frozen_order\line_up_in_the_outside_column,6.wav,line up in the outside column,line up in the outside column,line up in the outside column
\voice\frozen_order\line_up_in_the_outside_column,7.wav,form up on the outside,form up on the outside,form up on the outside
\voice\frozen_order\line_up_in_the_outside_column,8.wav,line up on the outside,line up on the outside,line up on the outside
\voice\frozen_order\line_up_in_the_right_column,1.wav,form up in the right column,form up in the right column,form up in the right column
\voice\frozen_order\line_up_in_the_right_column,2.wav,line up on the right-hand side,line up on the right-hand side,line up on the right-hand side
\voice\frozen_order\line_up_in_the_right_column,3.wav,line up in the right column,line up in the right column,line up in the right column
\voice\frozen_order\line_up_in_the_right_column,4.wav,form up in the right column,form up in the right column,form up in the right column
\voice\frozen_order\line_up_in_the_right_column,5.wav,line up on the right-hand side,line up on the right-hand side,line up on the right-hand side
\voice\frozen_order\line_up_in_the_right_column,6.wav,form up in the right column,form up in the right column,form up in the right column
\voice\frozen_order\line_up_in_the_right_column,7.wav,line up in the right column,line up in the right column,line up in the right column
\voice\frozen_order\line_up_single_file_behind,1.wav,line up single-file behind,line up single-file behind,line up single-file behind
\voice\frozen_order\line_up_single_file_behind,2.wav,line up single-file behind,line up single-file behind,line up single-file behind
\voice\frozen_order\line_up_single_file_behind,3.wav,line up single-file behind,line up single-file behind,line up single-file behind
\voice\frozen_order\line_up_single_file_behind,4.wav,line up single-file behind,line up single-file behind,line up single-file behind
\voice\frozen_order\line_up_single_file_behind,5.wav,line up single-file behind,line up single-file behind,line up single-file behind
\voice\frozen_order\line_up_single_file_behind_car_number,1.wav,line up single-file behind car number,line up single-file behind car number,line up single-file behind car number
\voice\frozen_order\line_up_single_file_behind_car_number,2.wav,line up single-file behind car number,line up single-file behind car number,line up single-file behind car number
\voice\frozen_order\line_up_single_file_behind_car_number,3.wav,line up single-file behind car number,line up single-file behind car number,line up single-file behind car number
\voice\frozen_order\line_up_single_file_behind_car_number,4.wav,line up single-file behind car,line up single-file behind car,line up single-file behind car
\voice\frozen_order\line_up_single_file_behind_car_number,5.wav,line up single-file behind car number,line up single-file behind car number,line up single-file behind car number
\voice\frozen_order\line_up_single_file_behind_safety_car_eu,1.wav,line up single-file behind the safety car,line up single-file behind the safety car,line up single-file behind the safety car
\voice\frozen_order\line_up_single_file_behind_safety_car_eu,2.wav,line up single-file behind the safety car,line up single-file behind the safety car,line up single-file behind the safety car
\voice\frozen_order\line_up_single_file_behind_safety_car_eu,3.wav,line up single-file behind the safety car,line up single-file behind the safety car,line up single-file behind the safety car
\voice\frozen_order\line_up_single_file_behind_safety_car_eu,4.wav,line up single-file behind the safety car,line up single-file behind the safety car,line up single-file behind the safety car
\voice\frozen_order\line_up_single_file_behind_safety_car_eu,5.wav,line up single-file behind the safety car,line up single-file behind the safety car,line up single-file behind the safety car
\voice\frozen_order\line_up_single_file_behind_safety_car_usa,1.wav,line up single-file behind the pace car,line up single-file behind the pace car,line up single-file behind the pace car
\voice\frozen_order\line_up_single_file_behind_safety_car_usa,2.wav,line up single-file behind the pace car,line up single-file behind the pace car,line up single-file behind the pace car
\voice\frozen_order\line_up_single_file_behind_safety_car_usa,3.wav,line up single-file behind the pace car,line up single-file behind the pace car,line up single-file behind the pace car
\voice\frozen_order\line_up_single_file_behind_safety_car_usa,4.wav,line up single-file behind the pace car,line up single-file behind the pace car,line up single-file behind the pace car
\voice\frozen_order\line_up_single_file_behind_safety_car_usa,5.wav,line up single-file behind the pace car,line up single-file behind the pace car,line up single-file behind the pace car
\voice\frozen_order\miles_per_hour,28.wav,miles per hour,miles per hour,miles per hour
\voice\frozen_order\miles_per_hour,29.wav,miles per hour,miles per hour,miles per hour
\voice\frozen_order\miles_per_hour,30.wav,miles per hour,miles per hour,miles per hour
\voice\frozen_order\move_to_pole,1.wav,move back to the pole,move back to the pole,move back to the pole
\voice\frozen_order\move_to_pole,2.wav,you need to move back to the pole,you need to move back to the pole,you need to move back to the pole
\voice\frozen_order\move_to_pole,3.wav,move back to the pole,move back to the pole,move back to the pole
\voice\frozen_order\move_to_pole,4.wav,you need to move back to the pole,you need to move back to the pole,you need to move back to the pole
\voice\frozen_order\move_to_pole,5.wav,move back to the pole position,move back to the pole position,move back to the pole position
\voice\frozen_order\move_to_pole,6.wav,you need to move back to the pole position,you need to move back to the pole position,you need to move back to the pole position
\voice\frozen_order\move_to_pole_row,1.wav,you need to move back to the pole row,you need to move back to the pole row,you need to move back to the pole row
\voice\frozen_order\move_to_pole_row,2.wav,move back to the pole row,move back to the pole row,move back to the pole row
\voice\frozen_order\move_to_pole_row,3.wav,you need to move back to the pole row,you need to move back to the pole row,you need to move back to the pole row
\voice\frozen_order\move_to_pole_row,4.wav,you need to move back to the pole row,you need to move back to the pole row,you need to move back to the pole row
\voice\frozen_order\move_to_pole_row,5.wav,move back to the pole row,move back to the pole row,move back to the pole row
\voice\frozen_order\move_to_pole_row,6.wav,you need to move back to the pole row,you need to move back to the pole row,you need to move back to the pole row
\voice\frozen_order\pass_car_number,1.wav,we need to pass car number,we need to pass car number,we need to pass car number
\voice\frozen_order\pass_car_number,2.wav,pass car number,pass car number,pass car number
\voice\frozen_order\pass_car_number,3.wav,we need to pass car number,we need to pass car number,we need to pass car number
\voice\frozen_order\pass_car_number,4.wav,we need to pass car number,we need to pass car number,we need to pass car number
\voice\frozen_order\pass_car_number,5.wav,pass car number,pass car number,pass car number
\voice\frozen_order\pass_the_safety_car,1.wav,pass the safety car,pass the safety car,pass the safety car
\voice\frozen_order\pass_the_safety_car,2.wav,pass the safety car,pass the safety car,pass the safety car
\voice\frozen_order\pass_the_safety_car,3.wav,pass the safety car,pass the safety car,pass the safety car
\voice\frozen_order\pass_the_safety_car,4.wav,pass the safety car,pass the safety car,pass the safety car
\voice\frozen_order\pass_the_safety_car,5.wav,pass the safety car,pass the safety car,pass the safety car
\voice\frozen_order\row,1.wav,row,row,row
\voice\frozen_order\row,2.wav,row,row,row
\voice\frozen_order\row,3.wav,row,row,row
\voice\frozen_order\safety_car_just_left,37.wav,the safety car has just left,the safety car has just left,the safety car has just left
\voice\frozen_order\safety_car_just_left,38_op_prefix_ok.wav,the safety car's just left,the safety car's just left,the safety car's just left
\voice\frozen_order\safety_car_just_left,39.wav,the safety car has just left,the safety car has just left,the safety car has just left
\voice\frozen_order\safety_car_speed_is,40.wav,the safety car speed is,the safety car speed is,the safety car speed is
\voice\frozen_order\safety_car_speed_is,41.wav,the safety car speed is,the safety car speed is,the safety car speed is
\voice\frozen_order\safety_car_speed_is,42.wav,the safety car speed is,the safety car speed is,the safety car speed is
\voice\frozen_order\safetycar_out_eu,1.wav,the safety car is out,the safety car is out,the safety car is out
\voice\frozen_order\safetycar_out_eu,2.wav,the safety car's out,the safety car's out,the safety car's out
\voice\frozen_order\safetycar_out_eu,3.wav,safety car is out,safety car is out,safety car is out
\voice\frozen_order\safetycar_out_eu,4.wav,the safety car's out,the safety car's out,the safety car's out
\voice\frozen_order\safetycar_out_eu,5.wav,the safety car is out,the safety car is out,the safety car is out
\voice\frozen_order\safetycar_out_usa,1.wav,the pace car is out,the pace car is out,the pace car is out
\voice\frozen_order\safetycar_out_usa,2.wav,pace car is out,pace car is out,pace car is out
\voice\frozen_order\safetycar_out_usa,3.wav,the pace car's out,the pace car's out,the pace car's out
\voice\frozen_order\safetycar_out_usa,4.wav,pace car is out,pace car is out,pace car is out
\voice\frozen_order\safetycar_out_usa,5.wav,the pace car's out,the pace car's out,the pace car's out
\voice\frozen_order\stay_in_pole,1.wav,stay in the pole,stay in the pole,stay in the pole
\voice\frozen_order\stay_in_pole,2.wav,stay in pole,stay in pole,stay in pole
\voice\frozen_order\stay_in_pole,3.wav,stay in the pole,stay in the pole,stay in the pole
\voice\frozen_order\stay_in_pole,4.wav,stay in the pole,stay in the pole,stay in the pole
\voice\frozen_order\stay_in_pole_in_inside_column,1.wav,stay in the pole row in the inside column,stay in the pole row in the inside column,stay in the pole row in the inside column
\voice\frozen_order\stay_in_pole_in_inside_column,2.wav,stay in the pole row in the inside column,stay in the pole row in the inside column,stay in the pole row in the inside column
\voice\frozen_order\stay_in_pole_in_inside_column,3.wav,stay in the pole row in the inside column,stay in the pole row in the inside column,stay in the pole row in the inside column
\voice\frozen_order\stay_in_pole_in_inside_column,4.wav,stay in the pole row in the inside column,stay in the pole row in the inside column,stay in the pole row in the inside column
\voice\frozen_order\stay_in_pole_in_left_column,1.wav,stay in the pole row in the left column,stay in the pole row in the left column,stay in the pole row in the left column
\voice\frozen_order\stay_in_pole_in_left_column,2.wav,stay in the pole row in the left column,stay in the pole row in the left column,stay in the pole row in the left column
\voice\frozen_order\stay_in_pole_in_left_column,3.wav,stay in the pole row in the left column,stay in the pole row in the left column,stay in the pole row in the left column
\voice\frozen_order\stay_in_pole_in_left_column,4.wav,stay in the pole row in the left column,stay in the pole row in the left column,stay in the pole row in the left column
\voice\frozen_order\stay_in_pole_in_outside_column,1.wav,stay in the pole row in the outside column,stay in the pole row in the outside column,stay in the pole row in the outside column
\voice\frozen_order\stay_in_pole_in_outside_column,2.wav,stay in the pole row in the outside column,stay in the pole row in the outside column,stay in the pole row in the outside column
\voice\frozen_order\stay_in_pole_in_outside_column,3.wav,stay in the pole row in the outside column,stay in the pole row in the outside column,stay in the pole row in the outside column
\voice\frozen_order\stay_in_pole_in_outside_column,4.wav,stay in the pole row in the outside column,stay in the pole row in the outside column,stay in the pole row in the outside column
\voice\frozen_order\stay_in_pole_in_right_column,1.wav,stay in the pole row in the right column,stay in the pole row in the right column,stay in the pole row in the right column
\voice\frozen_order\stay_in_pole_in_right_column,2.wav,stay in the pole row in the right column,stay in the pole row in the right column,stay in the pole row in the right column
\voice\frozen_order\stay_in_pole_in_right_column,3.wav,stay in the pole row in the right column,stay in the pole row in the right column,stay in the pole row in the right column
\voice\frozen_order\stay_in_pole_in_right_column,4.wav,stay in the pole row in the right column,stay in the pole row in the right column,stay in the pole row in the right column
\voice\frozen_order\thats_a_rolling_start,1.wav,"okay, rolling start","okay, rolling start","okay, rolling start"
\voice\frozen_order\thats_a_rolling_start,2.wav,"rolling start, get ready","rolling start, get ready","rolling start, get ready"
\voice\frozen_order\thats_a_rolling_start,3.wav,this is a rolling start,this is a rolling start,this is a rolling start
\voice\frozen_order\thats_a_standing_start,4.wav,standing start now,standing start now,standing start now
\voice\frozen_order\thats_a_standing_start,5.wav,"okay, standing start","okay, standing start","okay, standing start"
\voice\frozen_order\thats_a_standing_start,6.wav,this'll be a standing start,this'll be a standing start,this'll be a standing start
\voice\frozen_order\the_safety_car,52.wav,the safety car,the safety car,the safety car
\voice\frozen_order\the_safety_car,53.wav,the safety car,the safety car,the safety car
\voice\frozen_order\the_safety_car,54.wav,the safety car,the safety car,the safety car
\voice\frozen_order\to_pass,55.wav,to pass,to pass,to pass
\voice\frozen_order\to_pass,56.wav,to pass,to pass,to pass
\voice\frozen_order\to_pass,57.wav,to pass,to pass,to pass
\voice\frozen_order\were_starting_from_pole,58.wav,we're starting from pole,we're starting from pole,we're starting from pole
\voice\frozen_order\were_starting_from_pole,59.wav,we're starting from pole,we're starting from pole,we're starting from pole
\voice\frozen_order\were_starting_from_pole,60.wav,we're starting from pole,we're starting from pole,we're starting from pole
\voice\frozen_order\were_starting_from_position,61.wav,we're starting from position,we're starting from position,we're starting from position
\voice\frozen_order\were_starting_from_position,62.wav,we're starting in position,we're starting in position,we're starting in position
\voice\frozen_order\were_starting_from_position,63.wav,we're starting from position,we're starting from position,we're starting from position
\voice\frozen_order\you_need_to_catch_up_to_the_guy_ahead,64.wav,you need to catch up to the guy ahead,you need to catch up to the guy ahead,you need to catch up to the guy ahead
\voice\frozen_order\you_need_to_catch_up_to_the_guy_ahead,65.wav,you need to catch up to the guy ahead,you need to catch up to the guy ahead,you need to catch up to the guy ahead
\voice\frozen_order\you_need_to_catch_up_to_the_guy_ahead,66_op_suffix_please.wav,you need to close the gap to the guy ahead,you need to close the gap to the guy ahead,you need to close the gap to the guy ahead
\voice\frozen_order\youre_ahead_of_guy_you_should_follow,67.wav,you're ahead of a guy you should be behind,you're ahead of a guy you should be behind,you're ahead of a guy you should be behind
\voice\frozen_order\youre_ahead_of_guy_you_should_follow,68.wav,you're ahead of a guy you should be following,you're ahead of a guy you should be following,you're ahead of a guy you should be following
\voice\frozen_order\youre_ahead_of_guy_you_should_follow,69_op_prefix_ok.wav,"you're ahead of this guy, you should be behind him","you're ahead of this guy, you should be behind him","you're ahead of this guy, you should be behind him"
\voice\mandatory_pit_stops\box_in,1.wav,box in,box in,box in
\voice\mandatory_pit_stops\box_in,2.wav,box in,box in,box in
\voice\mandatory_pit_stops\box_in,3.wav,box in,box in,box in
\voice\mandatory_pit_stops\box_in,4.wav,box in,box in,box in
\voice\mandatory_pit_stops\box_now,1.wav,box now,box now,box now
\voice\mandatory_pit_stops\box_now,2.wav,box now,box now,box now
\voice\mandatory_pit_stops\box_now,3.wav,box now,box now,box now
\voice\mandatory_pit_stops\box_now,4.wav,box now,box now,box now
\voice\mandatory_pit_stops\box_now,5.wav,box now,box now,box now
\voice\mandatory_pit_stops\box_now,6.wav,box now,box now,box now
\voice\mandatory_pit_stops\box_now,7.wav,box now,box now,box now
\voice\mandatory_pit_stops\box_to_fit_options_now,1_op_prefix_ok.wav,in this lap for options,in this lap for options,in this lap for options
\voice\mandatory_pit_stops\box_to_fit_options_now,1_rq_suffix_please.wav,in this lap for option tyres,in this lap for option tyres,in this lap for option tyres
\voice\mandatory_pit_stops\box_to_fit_options_now,2_op_prefix_ok.wav,in this lap for option tyres,in this lap for option tyres,in this lap for option tyres
\voice\mandatory_pit_stops\box_to_fit_options_now,2_rq_suffix_please.wav,box this lap for options,box this lap for options,box this lap for options
\voice\mandatory_pit_stops\box_to_fit_options_now,3_op_prefix_ok.wav,pit this lap for options,pit this lap for options,pit this lap for options
\voice\mandatory_pit_stops\box_to_fit_options_now,3_rq_suffix_please.wav,in this lap for option tyres,in this lap for option tyres,in this lap for option tyres
\voice\mandatory_pit_stops\box_to_fit_primes_now,1_op_prefix_ok.wav,box this lap for prime tyres,box this lap for prime tyres,box this lap for prime tyres
\voice\mandatory_pit_stops\box_to_fit_primes_now,1_rq_suffix_please.wav,box this lap for primes,box this lap for primes,box this lap for primes
\voice\mandatory_pit_stops\box_to_fit_primes_now,2_op_prefix_ok.wav,pit this lap for prime tyres,pit this lap for prime tyres,pit this lap for prime tyres
\voice\mandatory_pit_stops\box_to_fit_primes_now,2_rq_suffix_please.wav,in this lap for primes,in this lap for primes,in this lap for primes
\voice\mandatory_pit_stops\box_to_fit_primes_now,3_op_prefix_ok.wav,in this lap for primes tyres,in this lap for primes tyres,in this lap for primes tyres
\voice\mandatory_pit_stops\box_to_fit_primes_now,3_rq_suffix_please.wav,box this lap for prime tyres,box this lap for prime tyres,box this lap for prime tyres
\voice\mandatory_pit_stops\can_now_fit_options,1.wav,we can now fit options,we can now fit options,we can now fit options
\voice\mandatory_pit_stops\can_now_fit_options,2.wav,you can now fit option tyres,you can now fit option tyres,you can now fit option tyres
\voice\mandatory_pit_stops\can_now_fit_options,3.wav,you can put options on,you can put options on,you can put options on
\voice\mandatory_pit_stops\can_now_fit_options,4.wav,you can now switch to options,you can now switch to options,you can now switch to options
\voice\mandatory_pit_stops\can_now_fit_primes,1.wav,you can now switch to primes,you can now switch to primes,you can now switch to primes
\voice\mandatory_pit_stops\can_now_fit_primes,2.wav,you can now put primes on,you can now put primes on,you can now put primes on
\voice\mandatory_pit_stops\can_now_fit_primes,3.wav,you can now fit prime tyres,you can now fit prime tyres,you can now fit prime tyres
\voice\mandatory_pit_stops\can_now_fit_primes,4.wav,we can now switch to primes,we can now switch to primes,we can now switch to primes
\voice\mandatory_pit_stops\cant_change_those,1.wav,we can't change those,we can't change those,we can't change those
\voice\mandatory_pit_stops\cant_change_those,2.wav,we can't change those,we can't change those,we can't change those
\voice\mandatory_pit_stops\cant_change_those,3.wav,"we can't do that, they're not available","we can't do that, they're not available","we can't do that, they're not available"
\voice\mandatory_pit_stops\cant_change_those,4.wav,we can't change those,we can't change those,we can't change those
\voice\mandatory_pit_stops\cant_do_that,1.wav,we can't do that,we can't do that,we can't do that
\voice\mandatory_pit_stops\cant_do_that,2.wav,we can't do that,we can't do that,we can't do that
\voice\mandatory_pit_stops\cant_do_that,3.wav,we can't do that,we can't do that,we can't do that
\voice\mandatory_pit_stops\cant_do_that,4.wav,we can't do that,we can't do that,we can't do that
\voice\mandatory_pit_stops\car_has_too_much_damage,1.wav,"the car has too much damage, we can't fix this","the car has too much damage, we can't fix this","the car has too much damage, we can't fix this"
\voice\mandatory_pit_stops\car_has_too_much_damage,2.wav,"there's too much damage here, there's nothing we can do","there's too much damage here, there's nothing we can do","there's too much damage here, there's nothing we can do"
\voice\mandatory_pit_stops\car_has_too_much_damage,3.wav,"the car's got too much damage, mate, we're done","the car's got too much damage, mate, we're done","the car's got too much damage, mate, we're done"
\voice\mandatory_pit_stops\confirm_alternate_tyres,1.wav,"copy that, alternate tyres","copy that, alternate tyres","copy that, alternate tyres"
\voice\mandatory_pit_stops\confirm_alternate_tyres,2.wav,"understood, we're putting alternate tyres on","understood, we're putting alternate tyres on","understood, we're putting alternate tyres on"
\voice\mandatory_pit_stops\confirm_alternate_tyres,3.wav,"okay, alternate tyres","okay, alternate tyres","okay, alternate tyres"
\voice\mandatory_pit_stops\confirm_alternate_tyres,4.wav,"acknowledged, alternate tyres this time","acknowledged, alternate tyres this time","acknowledged, alternate tyres this time"
\voice\mandatory_pit_stops\confirm_alternate_tyres,5.wav,"okay, we're putting alternate tyres on","okay, we're putting alternate tyres on","okay, we're putting alternate tyres on"
\voice\mandatory_pit_stops\confirm_change_all_tyres,1.wav,"copy that, we'll change all 4 tyres","copy that, we'll change all 4 tyres","copy that, we'll change all 4 tyres"
\voice\mandatory_pit_stops\confirm_change_all_tyres,2.wav,"understood, we're changing all 4 tyres","understood, we're changing all 4 tyres","understood, we're changing all 4 tyres"
\voice\mandatory_pit_stops\confirm_change_all_tyres,3.wav,"acknowledged, we'll change all 4 tyres","acknowledged, we'll change all 4 tyres","acknowledged, we'll change all 4 tyres"
\voice\mandatory_pit_stops\confirm_change_all_tyres,4.wav,"understood, we'll change all your tyres","understood, we'll change all your tyres","understood, we'll change all your tyres"
\voice\mandatory_pit_stops\confirm_change_all_tyres,5.wav,"copy that, we'll change all your tyres","copy that, we'll change all your tyres","copy that, we'll change all your tyres"
\voice\mandatory_pit_stops\confirm_change_all_tyres,6.wav,"understood, we're changing all 4 tyres","understood, we're changing all 4 tyres","understood, we're changing all 4 tyres"
\voice\mandatory_pit_stops\confirm_change_all_tyres,7.wav,"acknowledged, we're changing all 4 tyres","acknowledged, we're changing all 4 tyres","acknowledged, we're changing all 4 tyres"
\voice\mandatory_pit_stops\confirm_change_front_left_only,1.wav,"acknowledged, we'll change front left only","acknowledged, we'll change front left only","acknowledged, we'll change front left only"
\voice\mandatory_pit_stops\confirm_change_front_left_only,2.wav,"acknowledged, we'll change front left only","acknowledged, we'll change front left only","acknowledged, we'll change front left only"
\voice\mandatory_pit_stops\confirm_change_front_left_only,3.wav,"acknowledged, we'll change front left only","acknowledged, we'll change front left only","acknowledged, we'll change front left only"
\voice\mandatory_pit_stops\confirm_change_front_left_only,4.wav,"acknowledged, we'll change front left only","acknowledged, we'll change front left only","acknowledged, we'll change front left only"
\voice\mandatory_pit_stops\confirm_change_front_right_only,1.wav,"acknowledged, we'll change front right only","acknowledged, we'll change front right only","acknowledged, we'll change front right only"
\voice\mandatory_pit_stops\confirm_change_front_right_only,2.wav,"acknowledged, we'll change front right only","acknowledged, we'll change front right only","acknowledged, we'll change front right only"
\voice\mandatory_pit_stops\confirm_change_front_right_only,3.wav,"acknowledged, we'll change front right only","acknowledged, we'll change front right only","acknowledged, we'll change front right only"
\voice\mandatory_pit_stops\confirm_change_front_right_only,4.wav,"acknowledged, we'll change front right only","acknowledged, we'll change front right only","acknowledged, we'll change front right only"
\voice\mandatory_pit_stops\confirm_change_front_tyres,1.wav,"understood, we're changing front tyres only this time","understood, we're changing front tyres only this time","understood, we're changing front tyres only this time"
\voice\mandatory_pit_stops\confirm_change_front_tyres,2.wav,"copy that, front tyres only","copy that, front tyres only","copy that, front tyres only"
\voice\mandatory_pit_stops\confirm_change_front_tyres,3.wav,"acknowledged, we'll change front tyres this time","acknowledged, we'll change front tyres this time","acknowledged, we'll change front tyres this time"
\voice\mandatory_pit_stops\confirm_change_front_tyres,4.wav,"acknowledged, we're changing front tyres only this time","acknowledged, we're changing front tyres only this time","acknowledged, we're changing front tyres only this time"
\voice\mandatory_pit_stops\confirm_change_front_tyres,5.wav,"understood, change front tyres only","understood, change front tyres only","understood, change front tyres only"
\voice\mandatory_pit_stops\confirm_change_front_tyres,6.wav,"acknowledged, we're changing your front tyres only","acknowledged, we're changing your front tyres only","acknowledged, we're changing your front tyres only"
\voice\mandatory_pit_stops\confirm_change_left_side_tyres,1.wav,"acknowledged, we'll change left side tyres only","acknowledged, we'll change left side tyres only","acknowledged, we'll change left side tyres only"
\voice\mandatory_pit_stops\confirm_change_left_side_tyres,2.wav,"acknowledged, we'll change left side tyres only","acknowledged, we'll change left side tyres only","acknowledged, we'll change left side tyres only"
\voice\mandatory_pit_stops\confirm_change_left_side_tyres,3.wav,"acknowledged, we'll change left side tyres only","acknowledged, we'll change left side tyres only","acknowledged, we'll change left side tyres only"
\voice\mandatory_pit_stops\confirm_change_left_side_tyres,4.wav,"acknowledged, we'll change left side tyres only","acknowledged, we'll change left side tyres only","acknowledged, we'll change left side tyres only"
\voice\mandatory_pit_stops\confirm_change_no_tyres,1.wav,"copy that, no tyres at the next stop","copy that, no tyres at the next stop","copy that, no tyres at the next stop"
\voice\mandatory_pit_stops\confirm_change_no_tyres,2.wav,"understood, we're not gonna change the tyres this time around","understood, we're not gonna change the tyres this time around","understood, we're not gonna change the tyres this time around"
\voice\mandatory_pit_stops\confirm_change_no_tyres,3.wav,"acknowledged, no tyres at the next pit stop","acknowledged, no tyres at the next pit stop","acknowledged, no tyres at the next pit stop"
\voice\mandatory_pit_stops\confirm_change_no_tyres,4.wav,"copy that, no tyre change at the next stop","copy that, no tyre change at the next stop","copy that, no tyre change at the next stop"
\voice\mandatory_pit_stops\confirm_change_no_tyres,5.wav,"understood, no tyres for the next pit stop","understood, no tyres for the next pit stop","understood, no tyres for the next pit stop"
\voice\mandatory_pit_stops\confirm_change_rear_left_only,1.wav,"acknowledged, we'll change rear left only","acknowledged, we'll change rear left only","acknowledged, we'll change rear left only"
\voice\mandatory_pit_stops\confirm_change_rear_left_only,2.wav,"acknowledged, we'll change rear left only","acknowledged, we'll change rear left only","acknowledged, we'll change rear left only"
\voice\mandatory_pit_stops\confirm_change_rear_left_only,3.wav,"acknowledged, we'll change rear left only","acknowledged, we'll change rear left only","acknowledged, we'll change rear left only"
\voice\mandatory_pit_stops\confirm_change_rear_left_only,4.wav,"acknowledged, we'll change rear left only","acknowledged, we'll change rear left only","acknowledged, we'll change rear left only"
\voice\mandatory_pit_stops\confirm_change_rear_right_only,1.wav,"acknowledged, we'll change rear right only","acknowledged, we'll change rear right only","acknowledged, we'll change rear right only"
\voice\mandatory_pit_stops\confirm_change_rear_right_only,2.wav,"acknowledged, we'll change rear right only","acknowledged, we'll change rear right only","acknowledged, we'll change rear right only"
\voice\mandatory_pit_stops\confirm_change_rear_right_only,3.wav,"acknowledged, we'll change rear right only","acknowledged, we'll change rear right only","acknowledged, we'll change rear right only"
\voice\mandatory_pit_stops\confirm_change_rear_right_only,4.wav,"acknowledged, we'll change rear right only","acknowledged, we'll change rear right only","acknowledged, we'll change rear right only"
\voice\mandatory_pit_stops\confirm_change_rear_tyres,1.wav,"copy that, we'll change rear tyres only","copy that, we'll change rear tyres only","copy that, we'll change rear tyres only"
\voice\mandatory_pit_stops\confirm_change_rear_tyres,2.wav,"understood, we're changing your rear tyres only","understood, we're changing your rear tyres only","understood, we're changing your rear tyres only"
\voice\mandatory_pit_stops\confirm_change_rear_tyres,3.wav,"okay, we'll change your rear tyres only","okay, we'll change your rear tyres only","okay, we'll change your rear tyres only"
\voice\mandatory_pit_stops\confirm_change_rear_tyres,4.wav,"acknowledged, we'll change the rear tyres only","acknowledged, we'll change the rear tyres only","acknowledged, we'll change the rear tyres only"
\voice\mandatory_pit_stops\confirm_change_rear_tyres,5.wav,"copy that, we're changing rear tyres only","copy that, we're changing rear tyres only","copy that, we're changing rear tyres only"
\voice\mandatory_pit_stops\confirm_change_rear_tyres,6.wav,"understood, rear tyres only","understood, rear tyres only","understood, rear tyres only"
\voice\mandatory_pit_stops\confirm_change_right_side_tyres,1.wav,"acknowledged, we'll change right side tyres only","acknowledged, we'll change right side tyres only","acknowledged, we'll change right side tyres only"
\voice\mandatory_pit_stops\confirm_change_right_side_tyres,2.wav,"acknowledged, we'll change right side tyres only","acknowledged, we'll change right side tyres only","acknowledged, we'll change right side tyres only"
\voice\mandatory_pit_stops\confirm_change_right_side_tyres,3.wav,"acknowledged, we'll change right side tyres only","acknowledged, we'll change right side tyres only","acknowledged, we'll change right side tyres only"
\voice\mandatory_pit_stops\confirm_change_right_side_tyres,4.wav,"acknowledged, we'll change right side tyres only","acknowledged, we'll change right side tyres only","acknowledged, we'll change right side tyres only"
\voice\mandatory_pit_stops\confirm_change_tyres,1.wav,"acknowledged, we'll change tyres","acknowledged, we'll change tyres","acknowledged, we'll change tyres"
\voice\mandatory_pit_stops\confirm_change_tyres,2.wav,"acknowledged, we'll change tyres","acknowledged, we'll change tyres","acknowledged, we'll change tyres"
\voice\mandatory_pit_stops\confirm_change_tyres,3.wav,"acknowledged, we'll change tyres","acknowledged, we'll change tyres","acknowledged, we'll change tyres"
\voice\mandatory_pit_stops\confirm_change_tyres,4.wav,"acknowledged, we'll change tyres","acknowledged, we'll change tyres","acknowledged, we'll change tyres"
\voice\mandatory_pit_stops\confirm_change_tyres,5.wav,"acknowledged, we'll change tyres","acknowledged, we'll change tyres","acknowledged, we'll change tyres"
\voice\mandatory_pit_stops\confirm_dont_fix_aero,1.wav,"understood, we're not gonna fix the aero","understood, we're not gonna fix the aero","understood, we're not gonna fix the aero"
\voice\mandatory_pit_stops\confirm_dont_fix_aero,2.wav,"copy that, no aero fixes this time","copy that, no aero fixes this time","copy that, no aero fixes this time"
\voice\mandatory_pit_stops\confirm_dont_fix_aero,3.wav,"acknowledged, no aero fix at the next pit stop","acknowledged, no aero fix at the next pit stop","acknowledged, no aero fix at the next pit stop"
\voice\mandatory_pit_stops\confirm_dont_fix_aero,4.wav,"understood, we're not gonna fix the aero","understood, we're not gonna fix the aero","understood, we're not gonna fix the aero"
\voice\mandatory_pit_stops\confirm_dont_fix_aero,5.wav,"acknowledged, we're not gonna fix the aero","acknowledged, we're not gonna fix the aero","acknowledged, we're not gonna fix the aero"
\voice\mandatory_pit_stops\confirm_dont_fix_aero,6.wav,"copy that, no aero fixes","copy that, no aero fixes","copy that, no aero fixes"
\voice\mandatory_pit_stops\confirm_dont_fix_suspension,1.wav,"understood, we won't fix the suspension","understood, we won't fix the suspension","understood, we won't fix the suspension"
\voice\mandatory_pit_stops\confirm_dont_fix_suspension,2.wav,"copy that, we're not gonna fix the suspension","copy that, we're not gonna fix the suspension","copy that, we're not gonna fix the suspension"
\voice\mandatory_pit_stops\confirm_dont_fix_suspension,3.wav,"acknowledged, we won't fix the suspension","acknowledged, we won't fix the suspension","acknowledged, we won't fix the suspension"
\voice\mandatory_pit_stops\confirm_dont_fix_suspension,4.wav,"okay, we're not gonna fix the suspension","okay, we're not gonna fix the suspension","okay, we're not gonna fix the suspension"
\voice\mandatory_pit_stops\confirm_dont_fix_suspension,5.wav,"understood, we won't fix the suspension","understood, we won't fix the suspension","understood, we won't fix the suspension"
\voice\mandatory_pit_stops\confirm_dont_fix_suspension,6.wav,"copy that, we're not gonna fix the suspension","copy that, we're not gonna fix the suspension","copy that, we're not gonna fix the suspension"
\voice\mandatory_pit_stops\confirm_dry_tyres,1.wav,"acknowledged, dry tyres","acknowledged, dry tyres","acknowledged, dry tyres"
\voice\mandatory_pit_stops\confirm_dry_tyres,2.wav,"acknowledged, dry tyres","acknowledged, dry tyres","acknowledged, dry tyres"
\voice\mandatory_pit_stops\confirm_dry_tyres,3.wav,"acknowledged, dry tyres","acknowledged, dry tyres","acknowledged, dry tyres"
\voice\mandatory_pit_stops\confirm_dry_tyres,4.wav,"acknowledged, dry tyres","acknowledged, dry tyres","acknowledged, dry tyres"
\voice\mandatory_pit_stops\confirm_dry_tyres,5.wav,"acknowledged, dry tyres","acknowledged, dry tyres","acknowledged, dry tyres"
\voice\mandatory_pit_stops\confirm_fit_tyre_set_intro,1.wav,"acknowledged, we'll fit tyre set","acknowledged, we'll fit tyre set","acknowledged, we'll fit tyre set"
\voice\mandatory_pit_stops\confirm_fit_tyre_set_intro,2.wav,"acknowledged, we'll fit tyre set","acknowledged, we'll fit tyre set","acknowledged, we'll fit tyre set"
\voice\mandatory_pit_stops\confirm_fit_tyre_set_intro,3.wav,"acknowledged, we'll fit tyre set","acknowledged, we'll fit tyre set","acknowledged, we'll fit tyre set"
\voice\mandatory_pit_stops\confirm_fit_tyre_set_intro,4.wav,"acknowledged, we'll fit tyre set","acknowledged, we'll fit tyre set","acknowledged, we'll fit tyre set"
\voice\mandatory_pit_stops\confirm_fit_tyre_set_intro,5.wav,"acknowledged, we'll fit tyre set","acknowledged, we'll fit tyre set","acknowledged, we'll fit tyre set"
\voice\mandatory_pit_stops\confirm_fix_all,1.wav,"acknowledged, we'll fix everything we can","acknowledged, we'll fix everything we can","acknowledged, we'll fix everything we can"
\voice\mandatory_pit_stops\confirm_fix_all,2.wav,"acknowledged, we'll fix everything we can","acknowledged, we'll fix everything we can","acknowledged, we'll fix everything we can"
\voice\mandatory_pit_stops\confirm_fix_all,3.wav,"acknowledged, we'll fix everything we can","acknowledged, we'll fix everything we can","acknowledged, we'll fix everything we can"
\voice\mandatory_pit_stops\confirm_fix_all,4.wav,"acknowledged, we'll fix everything we can","acknowledged, we'll fix everything we can","acknowledged, we'll fix everything we can"
\voice\mandatory_pit_stops\confirm_fix_all_aero,1.wav,"understood, we'll fix front and rear aero","understood, we'll fix front and rear aero","understood, we'll fix front and rear aero"
\voice\mandatory_pit_stops\confirm_fix_all_aero,2.wav,"copy that, we'll fix your front and your rear aero","copy that, we'll fix your front and your rear aero","copy that, we'll fix your front and your rear aero"
\voice\mandatory_pit_stops\confirm_fix_all_aero,3.wav,"acknowledged, we'll fix front and rear aero","acknowledged, we'll fix front and rear aero","acknowledged, we'll fix front and rear aero"
\voice\mandatory_pit_stops\confirm_fix_all_aero,4.wav,"okay, we'll fix your front and your rear aero","okay, we'll fix your front and your rear aero","okay, we'll fix your front and your rear aero"
\voice\mandatory_pit_stops\confirm_fix_all_aero,5.wav,"understood, we'll fix the front and rear aero","understood, we'll fix the front and rear aero","understood, we'll fix the front and rear aero"
\voice\mandatory_pit_stops\confirm_fix_body,1.wav,"acknowledged, we'll fix the bodywork","acknowledged, we'll fix the bodywork","acknowledged, we'll fix the bodywork"
\voice\mandatory_pit_stops\confirm_fix_body,2.wav,"acknowledged, we'll fix the bodywork","acknowledged, we'll fix the bodywork","acknowledged, we'll fix the bodywork"
\voice\mandatory_pit_stops\confirm_fix_body,3.wav,"acknowledged, we'll fix the bodywork","acknowledged, we'll fix the bodywork","acknowledged, we'll fix the bodywork"
\voice\mandatory_pit_stops\confirm_fix_body,4.wav,"acknowledged, we'll fix the bodywork","acknowledged, we'll fix the bodywork","acknowledged, we'll fix the bodywork"
\voice\mandatory_pit_stops\confirm_fix_body,5.wav,"acknowledged, we'll fix the bodywork","acknowledged, we'll fix the bodywork","acknowledged, we'll fix the bodywork"
\voice\mandatory_pit_stops\confirm_fix_front_aero,1.wav,"copy that, we'll fix the front aero","copy that, we'll fix the front aero","copy that, we'll fix the front aero"
\voice\mandatory_pit_stops\confirm_fix_front_aero,2.wav,"understood, we're fixing the front aero","understood, we're fixing the front aero","understood, we're fixing the front aero"
\voice\mandatory_pit_stops\confirm_fix_front_aero,3.wav,"okay, we're gonna fix the front aero","okay, we're gonna fix the front aero","okay, we're gonna fix the front aero"
\voice\mandatory_pit_stops\confirm_fix_front_aero,4.wav,"acknowledged, we'll fix the front aero only","acknowledged, we'll fix the front aero only","acknowledged, we'll fix the front aero only"
\voice\mandatory_pit_stops\confirm_fix_front_aero,5.wav,"copy that, we'll fix the front aero only","copy that, we'll fix the front aero only","copy that, we'll fix the front aero only"
\voice\mandatory_pit_stops\confirm_fix_nothing,1.wav,"acknowledged, no repairs","acknowledged, no repairs","acknowledged, no repairs"
\voice\mandatory_pit_stops\confirm_fix_nothing,2.wav,"acknowledged, no repairs","acknowledged, no repairs","acknowledged, no repairs"
\voice\mandatory_pit_stops\confirm_fix_nothing,3.wav,"acknowledged, no repairs","acknowledged, no repairs","acknowledged, no repairs"
\voice\mandatory_pit_stops\confirm_fix_nothing,4.wav,"acknowledged, no repairs","acknowledged, no repairs","acknowledged, no repairs"
\voice\mandatory_pit_stops\confirm_fix_rear_aero,1.wav,"understood, we're fixing rear aero only","understood, we're fixing rear aero only","understood, we're fixing rear aero only"
\voice\mandatory_pit_stops\confirm_fix_rear_aero,2.wav,"copy that, rear aero only","copy that, rear aero only","copy that, rear aero only"
\voice\mandatory_pit_stops\confirm_fix_rear_aero,3.wav,"acknowledged, we'll fix the rear aero only","acknowledged, we'll fix the rear aero only","acknowledged, we'll fix the rear aero only"
\voice\mandatory_pit_stops\confirm_fix_rear_aero,4.wav,"okay, we'll fix rear aero only at the next stop","okay, we'll fix rear aero only at the next stop","okay, we'll fix rear aero only at the next stop"
\voice\mandatory_pit_stops\confirm_fix_rear_aero,5.wav,"understood, we're fixing the rear aero only","understood, we're fixing the rear aero only","understood, we're fixing the rear aero only"
\voice\mandatory_pit_stops\confirm_fix_suspension,1.wav,"understood, we'll fix the suspension at the next stop","understood, we'll fix the suspension at the next stop","understood, we'll fix the suspension at the next stop"
\voice\mandatory_pit_stops\confirm_fix_suspension,2.wav,"copy that, we'll fix the suspension","copy that, we'll fix the suspension","copy that, we'll fix the suspension"
\voice\mandatory_pit_stops\confirm_fix_suspension,3.wav,"okay, we're gonna fix the suspension at the next stop","okay, we're gonna fix the suspension at the next stop","okay, we're gonna fix the suspension at the next stop"
\voice\mandatory_pit_stops\confirm_fix_suspension,4.wav,"acknowledged, we'll fix the suspension","acknowledged, we'll fix the suspension","acknowledged, we'll fix the suspension"
\voice\mandatory_pit_stops\confirm_fix_suspension,5.wav,"okay, we're gonna fix the suspension","okay, we're gonna fix the suspension","okay, we're gonna fix the suspension"
\voice\mandatory_pit_stops\confirm_fix_suspension,6.wav,"copy that, we're gonna fix the suspension at the next stop","copy that, we're gonna fix the suspension at the next stop","copy that, we're gonna fix the suspension at the next stop"
\voice\mandatory_pit_stops\confirm_hard_tyres,1.wav,"understood, hard tyres","understood, hard tyres","understood, hard tyres"
\voice\mandatory_pit_stops\confirm_hard_tyres,2.wav,"copy that, we're going for hard tyres","copy that, we're going for hard tyres","copy that, we're going for hard tyres"
\voice\mandatory_pit_stops\confirm_hard_tyres,3.wav,"okay, we'll put hard tyres on","okay, we'll put hard tyres on","okay, we'll put hard tyres on"
\voice\mandatory_pit_stops\confirm_hard_tyres,4.wav,"acknowledged, hard tyres","acknowledged, hard tyres","acknowledged, hard tyres"
\voice\mandatory_pit_stops\confirm_hard_tyres,5.wav,"okay, we're going for hard tyres","okay, we're going for hard tyres","okay, we're going for hard tyres"
\voice\mandatory_pit_stops\confirm_hypersoft_tyres,1.wav,"acknowledged, hyper-soft tyres","acknowledged, hyper-soft tyres","acknowledged, hyper-soft tyres"
\voice\mandatory_pit_stops\confirm_hypersoft_tyres,2.wav,"acknowledged, hyper-soft tyres","acknowledged, hyper-soft tyres","acknowledged, hyper-soft tyres"
\voice\mandatory_pit_stops\confirm_hypersoft_tyres,3.wav,"acknowledged, hyper-soft tyres","acknowledged, hyper-soft tyres","acknowledged, hyper-soft tyres"
\voice\mandatory_pit_stops\confirm_hypersoft_tyres,4.wav,"acknowledged, hyper-soft tyres","acknowledged, hyper-soft tyres","acknowledged, hyper-soft tyres"
\voice\mandatory_pit_stops\confirm_intermediate_tyres,1.wav,"acknowledged, intermediate tyres","acknowledged, intermediate tyres","acknowledged, intermediate tyres"
\voice\mandatory_pit_stops\confirm_intermediate_tyres,2.wav,"acknowledged, intermediate tyres","acknowledged, intermediate tyres","acknowledged, intermediate tyres"
\voice\mandatory_pit_stops\confirm_intermediate_tyres,3.wav,"acknowledged, intermediate tyres","acknowledged, intermediate tyres","acknowledged, intermediate tyres"
\voice\mandatory_pit_stops\confirm_intermediate_tyres,4.wav,"acknowledged, intermediate tyres","acknowledged, intermediate tyres","acknowledged, intermediate tyres"
\voice\mandatory_pit_stops\confirm_intermediate_tyres,5.wav,"acknowledged, intermediate tyres","acknowledged, intermediate tyres","acknowledged, intermediate tyres"
\voice\mandatory_pit_stops\confirm_medium_tyres,1.wav,"copy that, medium tyres","copy that, medium tyres","copy that, medium tyres"
\voice\mandatory_pit_stops\confirm_medium_tyres,2.wav,"acknowledged, medium tyres","acknowledged, medium tyres","acknowledged, medium tyres"
\voice\mandatory_pit_stops\confirm_medium_tyres,3.wav,okay we'll put medium tyres on,okay we'll put medium tyres on,okay we'll put medium tyres on
\voice\mandatory_pit_stops\confirm_medium_tyres,4.wav,"copy that, we're going for medium tyres","copy that, we're going for medium tyres","copy that, we're going for medium tyres"
\voice\mandatory_pit_stops\confirm_medium_tyres,5.wav,"understood, medium tyres","understood, medium tyres","understood, medium tyres"
\voice\mandatory_pit_stops\confirm_monsoon_tyres,1.wav,"acknowledged, monsoon tyres","acknowledged, monsoon tyres","acknowledged, monsoon tyres"
\voice\mandatory_pit_stops\confirm_monsoon_tyres,2.wav,"acknowledged, monsoon tyres","acknowledged, monsoon tyres","acknowledged, monsoon tyres"
\voice\mandatory_pit_stops\confirm_monsoon_tyres,3.wav,"acknowledged, monsoon tyres","acknowledged, monsoon tyres","acknowledged, monsoon tyres"
\voice\mandatory_pit_stops\confirm_monsoon_tyres,4.wav,"acknowledged, monsoon tyres","acknowledged, monsoon tyres","acknowledged, monsoon tyres"
\voice\mandatory_pit_stops\confirm_monsoon_tyres,5.wav,"acknowledged, monsoon tyres","acknowledged, monsoon tyres","acknowledged, monsoon tyres"
\voice\mandatory_pit_stops\confirm_next_tyre_compound,1.wav,"acknowledged, next tyre compound","acknowledged, next tyre compound","acknowledged, next tyre compound"
\voice\mandatory_pit_stops\confirm_next_tyre_compound,2.wav,"acknowledged, next tyre compound","acknowledged, next tyre compound","acknowledged, next tyre compound"
\voice\mandatory_pit_stops\confirm_next_tyre_compound,3.wav,"acknowledged, next tyre compound","acknowledged, next tyre compound","acknowledged, next tyre compound"
\voice\mandatory_pit_stops\confirm_next_tyre_compound,4.wav,"acknowledged, next tyre compound","acknowledged, next tyre compound","acknowledged, next tyre compound"
\voice\mandatory_pit_stops\confirm_no_refuelling,1.wav,"copy that, no fuel this time","copy that, no fuel this time","copy that, no fuel this time"
\voice\mandatory_pit_stops\confirm_no_refuelling,2.wav,"understood, we won't add fuel","understood, we won't add fuel","understood, we won't add fuel"
\voice\mandatory_pit_stops\confirm_no_refuelling,3.wav,"acknowledged, we won't refuel you","acknowledged, we won't refuel you","acknowledged, we won't refuel you"
\voice\mandatory_pit_stops\confirm_no_refuelling,4.wav,"okay, no refueling this time","okay, no refueling this time","okay, no refueling this time"
\voice\mandatory_pit_stops\confirm_no_refuelling,5.wav,"copy that, no refueling","copy that, no refueling","copy that, no refueling"
\voice\mandatory_pit_stops\confirm_no_refuelling,6.wav,"understood, we won't add any fuel","understood, we won't add any fuel","understood, we won't add any fuel"
\voice\mandatory_pit_stops\confirm_option_tyres,1.wav,"understood, we'll go for option tyres","understood, we'll go for option tyres","understood, we'll go for option tyres"
\voice\mandatory_pit_stops\confirm_option_tyres,2.wav,"acknowledged, we'll put option tyres on","acknowledged, we'll put option tyres on","acknowledged, we'll put option tyres on"
\voice\mandatory_pit_stops\confirm_option_tyres,3.wav,"okay, option tyres","okay, option tyres","okay, option tyres"
\voice\mandatory_pit_stops\confirm_option_tyres,4.wav,"copy that, we're going for option tyres","copy that, we're going for option tyres","copy that, we're going for option tyres"
\voice\mandatory_pit_stops\confirm_option_tyres,5.wav,"okay, that's option tyres","okay, that's option tyres","okay, that's option tyres"
\voice\mandatory_pit_stops\confirm_prime_tyres,1.wav,"copy that, we're going for prime tyres","copy that, we're going for prime tyres","copy that, we're going for prime tyres"
\voice\mandatory_pit_stops\confirm_prime_tyres,2.wav,"understood, we'll put prime tyres on","understood, we'll put prime tyres on","understood, we'll put prime tyres on"
\voice\mandatory_pit_stops\confirm_prime_tyres,3.wav,"okay, we're putting prime tyres on","okay, we're putting prime tyres on","okay, we're putting prime tyres on"
\voice\mandatory_pit_stops\confirm_prime_tyres,4.wav,"acknowledged, prime tyres","acknowledged, prime tyres","acknowledged, prime tyres"
\voice\mandatory_pit_stops\confirm_prime_tyres,5.wav,"okay, we're going for prime tyres","okay, we're going for prime tyres","okay, we're going for prime tyres"
\voice\mandatory_pit_stops\confirm_refuelling,1.wav,"understood, we'll add fuel","understood, we'll add fuel","understood, we'll add fuel"
\voice\mandatory_pit_stops\confirm_refuelling,2.wav,"copy that, we'll refuel you","copy that, we'll refuel you","copy that, we'll refuel you"
\voice\mandatory_pit_stops\confirm_refuelling,3.wav,"understood, we're gonna add fuel","understood, we're gonna add fuel","understood, we're gonna add fuel"
\voice\mandatory_pit_stops\confirm_refuelling,4.wav,"okay, we'll add the fuel","okay, we'll add the fuel","okay, we'll add the fuel"
\voice\mandatory_pit_stops\confirm_refuelling,5.wav,"acknowledged, we're gonna refuel you","acknowledged, we're gonna refuel you","acknowledged, we're gonna refuel you"
\voice\mandatory_pit_stops\confirm_requested_tyre_not_available,1.wav,"sorry, they're not available","sorry, they're not available","sorry, they're not available"
\voice\mandatory_pit_stops\confirm_requested_tyre_not_available,2.wav,those tyres aren't available,those tyres aren't available,those tyres aren't available
\voice\mandatory_pit_stops\confirm_requested_tyre_not_available,3.wav,"we can't do that, they're not available","we can't do that, they're not available","we can't do that, they're not available"
\voice\mandatory_pit_stops\confirm_requested_tyre_not_available,4.wav,those tyres aren't available,those tyres aren't available,those tyres aren't available
\voice\mandatory_pit_stops\confirm_requested_tyre_not_available,5.wav,"sorry, are not available","sorry, are not available","sorry, are not available"
\voice\mandatory_pit_stops\confirm_requested_tyre_not_available,6.wav,those tyres aren't available,those tyres aren't available,those tyres aren't available
\voice\mandatory_pit_stops\confirm_soft_tyres,1.wav,"acknowledged, we're going for soft tyres","acknowledged, we're going for soft tyres","acknowledged, we're going for soft tyres"
\voice\mandatory_pit_stops\confirm_soft_tyres,2.wav,"understood, we'll put soft tyres on","understood, we'll put soft tyres on","understood, we'll put soft tyres on"
\voice\mandatory_pit_stops\confirm_soft_tyres,3.wav,"copy that, we're going for soft tyres","copy that, we're going for soft tyres","copy that, we're going for soft tyres"
\voice\mandatory_pit_stops\confirm_soft_tyres,4.wav,"okay, we'll put soft tyres on","okay, we'll put soft tyres on","okay, we'll put soft tyres on"
\voice\mandatory_pit_stops\confirm_soft_tyres,5.wav,"understood, soft tyres this time","understood, soft tyres this time","understood, soft tyres this time"
\voice\mandatory_pit_stops\confirm_supersoft_tyres,1.wav,"acknowledged, super-soft tyres","acknowledged, super-soft tyres","acknowledged, super-soft tyres"
\voice\mandatory_pit_stops\confirm_supersoft_tyres,2.wav,"acknowledged, super-soft tyres","acknowledged, super-soft tyres","acknowledged, super-soft tyres"
\voice\mandatory_pit_stops\confirm_supersoft_tyres,3.wav,"acknowledged, super-soft tyres","acknowledged, super-soft tyres","acknowledged, super-soft tyres"
\voice\mandatory_pit_stops\confirm_supersoft_tyres,4.wav,"acknowledged, super-soft tyres","acknowledged, super-soft tyres","acknowledged, super-soft tyres"
\voice\mandatory_pit_stops\confirm_ultrasoft_tyres,1.wav,"acknowledged, ultra-soft tyres","acknowledged, ultra-soft tyres","acknowledged, ultra-soft tyres"
\voice\mandatory_pit_stops\confirm_ultrasoft_tyres,2.wav,"acknowledged, ultra-soft tyres","acknowledged, ultra-soft tyres","acknowledged, ultra-soft tyres"
\voice\mandatory_pit_stops\confirm_ultrasoft_tyres,3.wav,"acknowledged, ultra-soft tyres","acknowledged, ultra-soft tyres","acknowledged, ultra-soft tyres"
\voice\mandatory_pit_stops\confirm_ultrasoft_tyres,4.wav,"acknowledged, ultra-soft tyres","acknowledged, ultra-soft tyres","acknowledged, ultra-soft tyres"
\voice\mandatory_pit_stops\confirm_wet_tyres,1.wav,"acknowledged, wet tyres","acknowledged, wet tyres","acknowledged, wet tyres"
\voice\mandatory_pit_stops\confirm_wet_tyres,2.wav,"acknowledged, wet tyres","acknowledged, wet tyres","acknowledged, wet tyres"
\voice\mandatory_pit_stops\confirm_wet_tyres,3.wav,"acknowledged, wet tyres","acknowledged, wet tyres","acknowledged, wet tyres"
\voice\mandatory_pit_stops\confirm_wet_tyres,4.wav,"acknowledged, wet tyres","acknowledged, wet tyres","acknowledged, wet tyres"
\voice\mandatory_pit_stops\confirm_wet_tyres,5.wav,"acknowledged, wet tyres","acknowledged, wet tyres","acknowledged, wet tyres"
\voice\mandatory_pit_stops\disengage_limiter,1_op_suffix_please.wav,disengage limiter,disengage limiter,disengage limiter
\voice\mandatory_pit_stops\disengage_limiter,5.wav,disengage limiter,disengage limiter,disengage limiter
\voice\mandatory_pit_stops\disengage_limiter,6.wav,"limiter's still on, disengage it","limiter's still on, disengage it","limiter's still on, disengage it"
\voice\mandatory_pit_stops\engage_limiter,1_op_suffix_please.wav,engage limiter,engage limiter,engage limiter
\voice\mandatory_pit_stops\engage_limiter,2_op_suffix_please.wav,engage the limiter,engage the limiter,engage the limiter
\voice\mandatory_pit_stops\engage_limiter,3_op_suffix_please.wav,activate limiter,activate limiter,activate limiter
\voice\mandatory_pit_stops\feet,1.wav,feet,feet,feet
\voice\mandatory_pit_stops\feet,2.wav,feet,feet,feet
\voice\mandatory_pit_stops\feet,3.wav,feet,feet,feet
\voice\mandatory_pit_stops\feet,4.wav,feet,feet,feet
\voice\mandatory_pit_stops\feet,5.wav,feet,feet,feet
\voice\mandatory_pit_stops\fifty_metres,4.wav,50 metres,50 metres,50 metres
\voice\mandatory_pit_stops\fifty_metres,5.wav,50 metres,50 metres,50 metres
\voice\mandatory_pit_stops\fifty_metres,6.wav,50 metres,50 metres,50 metres
\voice\mandatory_pit_stops\laps_so_far,1.wav,laps in total,laps in total,laps in total
\voice\mandatory_pit_stops\laps_so_far,2.wav,laps in total,laps in total,laps in total
\voice\mandatory_pit_stops\laps_so_far,3.wav,laps in total,laps in total,laps in total
\voice\mandatory_pit_stops\laps_so_far,4.wav,laps in total,laps in total,laps in total
\voice\mandatory_pit_stops\laps_so_far,5.wav,laps in total,laps in total,laps in total
\voice\mandatory_pit_stops\left_pit_too_soon,1.wav,"this stop won't count, you've left the pit too soon","this stop won't count, you've left the pit too soon","this stop won't count, you've left the pit too soon"
\voice\mandatory_pit_stops\left_pit_too_soon,2.wav,"you needed to wait, this won't count as your mandatory stop","you needed to wait, this won't count as your mandatory stop","you needed to wait, this won't count as your mandatory stop"
\voice\mandatory_pit_stops\left_pit_too_soon,3.wav,"you needed to wait longer, this won't count as your stop","you needed to wait longer, this won't count as your stop","you needed to wait longer, this won't count as your stop"
\voice\mandatory_pit_stops\left_pit_too_soon,4.wav,"you've left the box too soon, you'll need to come back and do it again","you've left the box too soon, you'll need to come back and do it again","you've left the box too soon, you'll need to come back and do it again"
\voice\mandatory_pit_stops\left_pit_too_soon,5.wav,"you've exited too soon, this one won't count","you've exited too soon, this one won't count","you've exited too soon, this one won't count"
\voice\mandatory_pit_stops\metres,1.wav,metres,metres,metres
\voice\mandatory_pit_stops\metres,2.wav,metres,metres,metres
\voice\mandatory_pit_stops\metres,3.wav,metres,metres,metres
\voice\mandatory_pit_stops\min_pitstop_time_intro,1.wav,we need to be stationary for a total of,we need to be stationary for a total of,we need to be stationary for a total of
\voice\mandatory_pit_stops\min_pitstop_time_intro,2.wav,we'll need to be stationary for,we'll need to be stationary for,we'll need to be stationary for
\voice\mandatory_pit_stops\min_pitstop_time_intro,3.wav,we need to be stopped for,we need to be stopped for,we need to be stopped for
\voice\mandatory_pit_stops\min_pitstop_time_intro,4.wav,we need to be stopped for at least,we need to be stopped for at least,we need to be stopped for at least
\voice\mandatory_pit_stops\min_pitstop_time_intro,5.wav,we need to be stationary for at least,we need to be stationary for at least,we need to be stationary for at least
\voice\mandatory_pit_stops\min_pitstop_time_intro,6.wav,we need to be stopped for at least,we need to be stopped for at least,we need to be stopped for at least
\voice\mandatory_pit_stops\minutes,1.wav,minutes,minutes,minutes
\voice\mandatory_pit_stops\minutes,2.wav,minutes,minutes,minutes
\voice\mandatory_pit_stops\minutes,3.wav,minutes,minutes,minutes
\voice\mandatory_pit_stops\missed_stop,1.wav,you missed the pit window,you missed the pit window,you missed the pit window
\voice\mandatory_pit_stops\missed_stop,2.wav,"you missed your chance, mate","you missed your chance, mate","you missed your chance, mate"
\voice\mandatory_pit_stops\missed_stop,3.wav,"yeah, but the pit window's closed now","yeah, but the pit window's closed now","yeah, but the pit window's closed now"
\voice\mandatory_pit_stops\missed_stop,4.wav,"yep, pit window's closed now, you missed your chance","yep, pit window's closed now, you missed your chance","yep, pit window's closed now, you missed your chance"
\voice\mandatory_pit_stops\no_fuel_this_time,1.wav,we're not refueling,we're not refueling,we're not refueling
\voice\mandatory_pit_stops\no_fuel_this_time,2.wav,no fuel this time,no fuel this time,no fuel this time
\voice\mandatory_pit_stops\no_fuel_this_time,3.wav,we're not gonna refuel,we're not gonna refuel,we're not gonna refuel
\voice\mandatory_pit_stops\no_fuel_this_time,4.wav,we're not refueling,we're not refueling,we're not refueling
\voice\mandatory_pit_stops\no_fuel_this_time,5.wav,we're not putting fuel in,we're not putting fuel in,we're not putting fuel in
\voice\mandatory_pit_stops\no_pit_speed_limit,1.wav,there's no pit speed limit,there's no pit speed limit,there's no pit speed limit
\voice\mandatory_pit_stops\no_pit_speed_limit,2.wav,there's no pit speed limit,there's no pit speed limit,there's no pit speed limit
\voice\mandatory_pit_stops\no_pit_speed_limit,3.wav,there's no pit lane speed limit,there's no pit lane speed limit,there's no pit lane speed limit
\voice\mandatory_pit_stops\no_pit_speed_limit,4.wav,there's no pit lane speed limit,there's no pit lane speed limit,there's no pit lane speed limit
\voice\mandatory_pit_stops\no_pit_speed_limit,5.wav,there's no pit speed limit,there's no pit speed limit,there's no pit speed limit
\voice\mandatory_pit_stops\no_tyres_or_fuel,1.wav,no tyres or fuel this time,no tyres or fuel this time,no tyres or fuel this time
\voice\mandatory_pit_stops\no_tyres_or_fuel,2.wav,no refueling and no tyres,no refueling and no tyres,no refueling and no tyres
\voice\mandatory_pit_stops\no_tyres_or_fuel,3.wav,we're not changing tyres or refueling this time,we're not changing tyres or refueling this time,we're not changing tyres or refueling this time
\voice\mandatory_pit_stops\no_tyres_or_fuel,4.wav,no fuel or tyres,no fuel or tyres,no fuel or tyres
\voice\mandatory_pit_stops\no_tyres_or_fuel,5.wav,we're not refueling and we're not changing tyres,we're not refueling and we're not changing tyres,we're not refueling and we're not changing tyres
\voice\mandatory_pit_stops\no_tyres_or_fuel,6.wav,no tyres or fuel this time,no tyres or fuel this time,no tyres or fuel this time
\voice\mandatory_pit_stops\no_tyres_this_time,1.wav,we're not changing tyres,we're not changing tyres,we're not changing tyres
\voice\mandatory_pit_stops\no_tyres_this_time,2.wav,no tyres this time,no tyres this time,no tyres this time
\voice\mandatory_pit_stops\no_tyres_this_time,3.wav,we're not changing any tyres,we're not changing any tyres,we're not changing any tyres
\voice\mandatory_pit_stops\no_tyres_this_time,4.wav,we're not changing our tyres,we're not changing our tyres,we're not changing our tyres
\voice\mandatory_pit_stops\no_tyres_this_time,5.wav,no tyres this time,no tyres this time,no tyres this time
\voice\mandatory_pit_stops\one_hundred_feet,1.wav,100 feet,100 feet,100 feet
\voice\mandatory_pit_stops\one_hundred_feet,2.wav,100 feet,100 feet,100 feet
\voice\mandatory_pit_stops\one_hundred_feet,3.wav,100 feet,100 feet,100 feet
\voice\mandatory_pit_stops\one_hundred_feet,4.wav,100 feet,100 feet,100 feet
\voice\mandatory_pit_stops\one_hundred_feet,5.wav,100 feet,100 feet,100 feet
\voice\mandatory_pit_stops\one_hundred_feet,6.wav,100 feet,100 feet,100 feet
\voice\mandatory_pit_stops\one_hundred_metres,1.wav,100 metres,100 metres,100 metres
\voice\mandatory_pit_stops\one_hundred_metres,2.wav,100 metres,100 metres,100 metres
\voice\mandatory_pit_stops\one_hundred_metres,3.wav,100 metres,100 metres,100 metres
\voice\mandatory_pit_stops\option_tyres,1.wav,options,options,options
\voice\mandatory_pit_stops\option_tyres,2.wav,option tyres,option tyres,option tyres
\voice\mandatory_pit_stops\option_tyres,3.wav,options,options,options
\voice\mandatory_pit_stops\pit_crew_ready,1.wav,pit crew is ready,pit crew is ready,pit crew is ready
\voice\mandatory_pit_stops\pit_crew_ready,2.wav,the pit crew is ready,the pit crew is ready,the pit crew is ready
\voice\mandatory_pit_stops\pit_crew_ready,3.wav,the pit crew's ready,the pit crew's ready,the pit crew's ready
\voice\mandatory_pit_stops\pit_now,1.wav,"box, box, box, pit now","box, box, box, pit now","box, box, box, pit now"
\voice\mandatory_pit_stops\pit_now,2.wav,"pit now, box, box, box","pit now, box, box, box","pit now, box, box, box"
\voice\mandatory_pit_stops\pit_now,3.wav,"box now, please, box, box, box","box now, please, box, box, box","box now, please, box, box, box"
\voice\mandatory_pit_stops\pit_request_cancelled,1.wav,"acknowledged, pit request cancelled","acknowledged, pit request cancelled","acknowledged, pit request cancelled"
\voice\mandatory_pit_stops\pit_request_cancelled,2.wav,pit stop cancelled,pit stop cancelled,pit stop cancelled
\voice\mandatory_pit_stops\pit_request_cancelled,3.wav,"okay, pit request cancelled","okay, pit request cancelled","okay, pit request cancelled"
\voice\mandatory_pit_stops\pit_speed_limit,1.wav,the pit lane speed limit is,the pit lane speed limit is,the pit lane speed limit is
\voice\mandatory_pit_stops\pit_speed_limit,2.wav,pit lane speed limit is,pit lane speed limit is,pit lane speed limit is
\voice\mandatory_pit_stops\pit_speed_limit,3.wav,the pit lane speed limit is,the pit lane speed limit is,the pit lane speed limit is
\voice\mandatory_pit_stops\pit_speed_limit,4.wav,pit lane speed limit is,pit lane speed limit is,pit lane speed limit is
\voice\mandatory_pit_stops\pit_speed_limit,5.wav,pit lane speed limit is,pit lane speed limit is,pit lane speed limit is
\voice\mandatory_pit_stops\pit_stall_available,1.wav,your pit stall is now available,your pit stall is now available,your pit stall is now available
\voice\mandatory_pit_stops\pit_stall_available,2.wav,your pit stall's now free,your pit stall's now free,your pit stall's now free
\voice\mandatory_pit_stops\pit_stall_available,3.wav,our pit stall's available now,our pit stall's available now,our pit stall's available now
\voice\mandatory_pit_stops\pit_stall_available,4.wav,the pit stall is now available,the pit stall is now available,the pit stall is now available
\voice\mandatory_pit_stops\pit_stall_available,5.wav,the pit stall is available,the pit stall is available,the pit stall is available
\voice\mandatory_pit_stops\pit_stall_occupied,1.wav,your pit stall is unavailable,your pit stall is unavailable,your pit stall is unavailable
\voice\mandatory_pit_stops\pit_stall_occupied,2.wav,your pit stall is occupied,your pit stall is occupied,your pit stall is occupied
\voice\mandatory_pit_stops\pit_stall_occupied,3.wav,your pit box is currently occupied,your pit box is currently occupied,your pit box is currently occupied
\voice\mandatory_pit_stops\pit_stop_already_requested,1.wav,"we know, pit stop's already been requested","we know, pit stop's already been requested","we know, pit stop's already been requested"
\voice\mandatory_pit_stops\pit_stop_already_requested,2.wav,"pit stop already requested, we know","pit stop already requested, we know","pit stop already requested, we know"
\voice\mandatory_pit_stops\pit_stop_already_requested,3.wav,"pit stop's already been requested, we are ready","pit stop's already been requested, we are ready","pit stop's already been requested, we are ready"
\voice\mandatory_pit_stops\pit_stop_already_requested,4.wav,"understood, we're already expecting you","understood, we're already expecting you","understood, we're already expecting you"
\voice\mandatory_pit_stops\pit_stop_already_requested,5.wav,"understood, we're already expecting you","understood, we're already expecting you","understood, we're already expecting you"
\voice\mandatory_pit_stops\pit_stop_already_requested,6.wav,"acknowledged, we're already expecting you in","acknowledged, we're already expecting you in","acknowledged, we're already expecting you in"
\voice\mandatory_pit_stops\pit_stop_already_requested,7.wav,"okay, we are already expecting you","okay, we are already expecting you","okay, we are already expecting you"
\voice\mandatory_pit_stops\pit_stop_not_requested,1.wav,"okay, we weren't expecting you, anyway","okay, we weren't expecting you, anyway","okay, we weren't expecting you, anyway"
\voice\mandatory_pit_stops\pit_stop_not_requested,2.wav,"uh, we weren't expecting you, mate","uh, we weren't expecting you, mate","uh, we weren't expecting you, mate"
\voice\mandatory_pit_stops\pit_stop_not_requested,3.wav,"nah, we weren't expecting you, anyway","nah, we weren't expecting you, anyway","nah, we weren't expecting you, anyway"
\voice\mandatory_pit_stops\pit_stop_not_requested,4.wav,"we weren't expecting you, anyway","we weren't expecting you, anyway","we weren't expecting you, anyway"
\voice\mandatory_pit_stops\pit_stop_not_requested,5.wav,"okay, we weren't expecting you, anyway","okay, we weren't expecting you, anyway","okay, we weren't expecting you, anyway"
\voice\mandatory_pit_stops\pit_stop_requested,1.wav,"okay, pit stop requested","okay, pit stop requested","okay, pit stop requested"
\voice\mandatory_pit_stops\pit_stop_requested,2.wav,"acknowledged, pit stop requested","acknowledged, pit stop requested","acknowledged, pit stop requested"
\voice\mandatory_pit_stops\pit_stop_requested,3.wav,"okay, pit stop requested","okay, pit stop requested","okay, pit stop requested"
\voice\mandatory_pit_stops\pit_this_lap,1_op_prefix_ok.wav,"in this lap, box this lap","in this lap, box this lap","in this lap, box this lap"
\voice\mandatory_pit_stops\pit_this_lap,1_rq_suffix_please.wav,"in this lap, box this lap","in this lap, box this lap","in this lap, box this lap"
\voice\mandatory_pit_stops\pit_this_lap,2_op_prefix_ok.wav,"come in to the pits at the end of this lap, box this lap","come in to the pits at the end of this lap, box this lap","come in to the pits at the end of this lap, box this lap"
\voice\mandatory_pit_stops\pit_this_lap,2_rq_suffix_please.wav,box this lap,box this lap,box this lap
\voice\mandatory_pit_stops\pit_this_lap,3_op_prefix_ok.wav,"pit this lap, in this lap","pit this lap, in this lap","pit this lap, in this lap"
\voice\mandatory_pit_stops\pit_this_lap,3_rq_suffix_please.wav,box this lap,box this lap,box this lap
\voice\mandatory_pit_stops\pit_this_lap_too_late,1.wav,"box this lap, push, we're short of time","box this lap, push, we're short of time","box this lap, push, we're short of time"
\voice\mandatory_pit_stops\pit_this_lap_too_late,2.wav,"box this lap, we might miss the pit window","box this lap, we might miss the pit window","box this lap, we might miss the pit window"
\voice\mandatory_pit_stops\pit_this_lap_too_late,3.wav,"in this lap, this is gonna be tight to make the pit window","in this lap, this is gonna be tight to make the pit window","in this lap, this is gonna be tight to make the pit window"
\voice\mandatory_pit_stops\pit_this_lap_too_late,sweary_4.wav,"box this lap, haul ass or you'll miss the window","box this lap, haul ass or you'll miss the window","box this lap, haul ass or you'll miss the window"
\voice\mandatory_pit_stops\pit_window_closed,1_op_prefix_ok.wav,pit window is now closed,pit window is now closed,pit window is now closed
\voice\mandatory_pit_stops\pit_window_closed,2_op_prefix_ok.wav,pit window is closed,pit window is closed,pit window is closed
\voice\mandatory_pit_stops\pit_window_closed,3_op_prefix_ok.wav,pit window is closed,pit window is closed,pit window is closed
\voice\mandatory_pit_stops\pit_window_closed,4.wav,pit window is now closed,pit window is now closed,pit window is now closed
\voice\mandatory_pit_stops\pit_window_closes_1_min,1.wav,pit window closing in 1 minute,pit window closing in 1 minute,pit window closing in 1 minute
\voice\mandatory_pit_stops\pit_window_closes_1_min,2.wav,pit window closes in 1 minute,pit window closes in 1 minute,pit window closes in 1 minute
\voice\mandatory_pit_stops\pit_window_closes_1_min,3.wav,pit window closes in 1 minute,pit window closes in 1 minute,pit window closes in 1 minute
\voice\mandatory_pit_stops\pit_window_closes_2_min,1.wav,the pit window closes in 2 minutes,the pit window closes in 2 minutes,the pit window closes in 2 minutes
\voice\mandatory_pit_stops\pit_window_closes_2_min,2.wav,pit window closing in 2 minutes,pit window closing in 2 minutes,pit window closing in 2 minutes
\voice\mandatory_pit_stops\pit_window_closes_2_min,3.wav,pit window closes in 2 minutes,pit window closes in 2 minutes,pit window closes in 2 minutes
\voice\mandatory_pit_stops\pit_window_closing,1.wav,the pit window is closing,the pit window is closing,the pit window is closing
\voice\mandatory_pit_stops\pit_window_closing,2.wav,pit window closes at the end of this lap,pit window closes at the end of this lap,pit window closes at the end of this lap
\voice\mandatory_pit_stops\pit_window_closing,3.wav,the pit window closes at the end of this lap,the pit window closes at the end of this lap,the pit window closes at the end of this lap
\voice\mandatory_pit_stops\pit_window_open,1_op_prefix_ok.wav,pit window is open,pit window is open,pit window is open
\voice\mandatory_pit_stops\pit_window_open,2_op_prefix_ok.wav,pit window open,pit window open,pit window open
\voice\mandatory_pit_stops\pit_window_open,3_op_prefix_ok.wav,the pit window is now open,the pit window is now open,the pit window is now open
\voice\mandatory_pit_stops\pit_window_opening,1.wav,the pit window opens at the end of this lap,the pit window opens at the end of this lap,the pit window opens at the end of this lap
\voice\mandatory_pit_stops\pit_window_opening,2.wav,the pit window opens at the end of this lap,the pit window opens at the end of this lap,the pit window opens at the end of this lap
\voice\mandatory_pit_stops\pit_window_opening,3.wav,the pit window opens next lap,the pit window opens next lap,the pit window opens next lap
\voice\mandatory_pit_stops\pit_window_opens_1_min,1.wav,pit window opens in 1 minute,pit window opens in 1 minute,pit window opens in 1 minute
\voice\mandatory_pit_stops\pit_window_opens_1_min,2.wav,pit window open in 1 minute,pit window open in 1 minute,pit window open in 1 minute
\voice\mandatory_pit_stops\pit_window_opens_1_min,3.wav,the pit window opens in 1 minute,the pit window opens in 1 minute,the pit window opens in 1 minute
\voice\mandatory_pit_stops\pit_window_opens_2_min,1.wav,pit window opens in 2 minutes,pit window opens in 2 minutes,pit window opens in 2 minutes
\voice\mandatory_pit_stops\pit_window_opens_2_min,2.wav,the pit window opens in 2 minutes,the pit window opens in 2 minutes,the pit window opens in 2 minutes
\voice\mandatory_pit_stops\pit_window_opens_2_min,3.wav,pit window opens in 2 minutes,pit window opens in 2 minutes,pit window opens in 2 minutes
\voice\mandatory_pit_stops\pit_window_opens_after,1.wav,pit window opens after,pit window opens after,pit window opens after
\voice\mandatory_pit_stops\pit_window_opens_after,2.wav,pit window opens after,pit window opens after,pit window opens after
\voice\mandatory_pit_stops\pit_window_opens_after,3.wav,pit window opens after,pit window opens after,pit window opens after
\voice\mandatory_pit_stops\pit_window_opens_on_lap,1.wav,pit window opens on lap,pit window opens on lap,pit window opens on lap
\voice\mandatory_pit_stops\pit_window_opens_on_lap,2.wav,pit window opens on lap,pit window opens on lap,pit window opens on lap
\voice\mandatory_pit_stops\pit_window_opens_on_lap,3.wav,the pit window opens on lap,the pit window opens on lap,the pit window opens on lap
\voice\mandatory_pit_stops\prime_tyres,1.wav,prime tyres,prime tyres,prime tyres
\voice\mandatory_pit_stops\prime_tyres,2.wav,prime tyres,prime tyres,prime tyres
\voice\mandatory_pit_stops\prime_tyres,3.wav,primes,primes,primes
\voice\mandatory_pit_stops\stop_complete_go,1.wav,"go, go, go","go, go, go","go, go, go"
\voice\mandatory_pit_stops\stop_complete_go,2.wav,"we're done, go, go","we're done, go, go","we're done, go, go"
\voice\mandatory_pit_stops\stop_complete_go,3.wav,"go, go","go, go","go, go"
\voice\mandatory_pit_stops\stop_complete_go,4.wav,"all done, go","all done, go","all done, go"
\voice\mandatory_pit_stops\theyve_done,1.wav,they've done,they've done,they've done
\voice\mandatory_pit_stops\theyve_done,2.wav,they've done,they've done,they've done
\voice\mandatory_pit_stops\theyve_done,3.wav,they've done,they've done,they've done
\voice\mandatory_pit_stops\theyve_done,4.wav,they've done,they've done,they've done
\voice\mandatory_pit_stops\theyve_done,5.wav,they've done,they've done,they've done
\voice\mandatory_pit_stops\three_hundred_feet,1.wav,300 feet,300 feet,300 feet
\voice\mandatory_pit_stops\three_hundred_feet,2.wav,300 feet,300 feet,300 feet
\voice\mandatory_pit_stops\three_hundred_feet,3.wav,300 feet,300 feet,300 feet
\voice\mandatory_pit_stops\three_hundred_feet,4.wav,300 feet,300 feet,300 feet
\voice\mandatory_pit_stops\three_hundred_feet,5.wav,300 feet,300 feet,300 feet
\voice\mandatory_pit_stops\wait,1.wav,wait,wait,wait
\voice\mandatory_pit_stops\wait,2.wav,wait,wait,wait
\voice\mandatory_pit_stops\wait,3.wav,wait,wait,wait
\voice\mandatory_pit_stops\wait,4.wav,wait,wait,wait
\voice\mandatory_pit_stops\wait,5.wav,wait,wait,wait
\voice\mandatory_pit_stops\wait,6.wav,wait,wait,wait
\voice\mandatory_pit_stops\wait,7.wav,wait,wait,wait
\voice\mandatory_pit_stops\wait,8.wav,wait,wait,wait
\voice\mandatory_pit_stops\wait,9.wav,wait,wait,wait
\voice\mandatory_pit_stops\wait_5_seconds,1.wav,5 seconds,5 seconds,5 seconds
\voice\mandatory_pit_stops\wait_5_seconds,2.wav,5 seconds,5 seconds,5 seconds
\voice\mandatory_pit_stops\wait_5_seconds,3.wav,5 seconds,5 seconds,5 seconds
\voice\mandatory_pit_stops\wait_5_seconds,4.wav,5 seconds,5 seconds,5 seconds
\voice\mandatory_pit_stops\wait_intro,1.wav,"hold, we need to wait","hold, we need to wait","hold, we need to wait"
\voice\mandatory_pit_stops\wait_intro,2.wav,"wait, we need to be stationary for another","wait, we need to be stationary for another","wait, we need to be stationary for another"
\voice\mandatory_pit_stops\wait_intro,3.wav,"wait, we need to be stopped for another","wait, we need to be stopped for another","wait, we need to be stopped for another"
\voice\mandatory_pit_stops\wait_intro,4.wav,"hold, we need to wait another","hold, we need to wait another","hold, we need to wait another"
\voice\mandatory_pit_stops\wait_intro,5.wav,"hold, we need to be stationary for another","hold, we need to be stationary for another","hold, we need to be stationary for another"
\voice\mandatory_pit_stops\wait_intro,6.wav,"wait, we need to be stopped for another","wait, we need to be stopped for another","wait, we need to be stopped for another"
\voice\mandatory_pit_stops\wait_intro,7.wav,"wait, we need to be stationary for another","wait, we need to be stationary for another","wait, we need to be stationary for another"
\voice\mandatory_pit_stops\watch_your_pit_speed,1.wav,watch your speed,watch your speed,watch your speed
\voice\mandatory_pit_stops\watch_your_pit_speed,2.wav,watch your speed limit in the pits,watch your speed limit in the pits,watch your speed limit in the pits
\voice\mandatory_pit_stops\watch_your_pit_speed,3.wav,look out for the pit speed limit,look out for the pit speed limit,look out for the pit speed limit
\voice\mandatory_pit_stops\watch_your_speed,4.wav,look out for the limiter line,look out for the limiter line,look out for the limiter line
\voice\mandatory_pit_stops\watch_your_speed,5.wav,watch your speed,watch your speed,watch your speed
\voice\mandatory_pit_stops\watch_your_speed,6.wav,watch your speed in the pits,watch your speed in the pits,watch your speed in the pits
\voice\mandatory_pit_stops\watch_your_speed,7.wav,watch your speed,watch your speed,watch your speed
\voice\mandatory_pit_stops\watch_your_speed,8.wav,pit speed limit,pit speed limit,pit speed limit
\voice\mandatory_pit_stops\watch_your_speed,9.wav,watch your pit speed,watch your pit speed,watch your pit speed
\voice\mandatory_pit_stops\will_be_serving_penalty,1.wav,will be serving that penalty,will be serving that penalty,will be serving that penalty
\voice\mandatory_pit_stops\will_be_serving_penalty,2.wav,will be serving this penalty,will be serving this penalty,will be serving this penalty
\voice\mandatory_pit_stops\will_be_serving_penalty,3.wav,we're serving the penalty,we're serving the penalty,we're serving the penalty
\voice\mandatory_pit_stops\will_be_serving_penalty,4.wav,we'll be serving the penalty,we'll be serving the penalty,we'll be serving the penalty
\voice\mandatory_pit_stops\will_be_serving_penalty,5.wav,we're serving the penalty,we're serving the penalty,we're serving the penalty
\voice\mandatory_pit_stops\will_change_all_four_tyre_and_refuel,1.wav,we're gonna change all 4 tyres and we're gonna refuel you,we're gonna change all 4 tyres and we're gonna refuel you,we're gonna change all 4 tyres and we're gonna refuel you
\voice\mandatory_pit_stops\will_change_all_four_tyre_and_refuel,2.wav,we're gonna change all 4 tyres and refuel,we're gonna change all 4 tyres and refuel,we're gonna change all 4 tyres and refuel
\voice\mandatory_pit_stops\will_change_all_four_tyre_and_refuel,3.wav,we're changing all 4 tyres and we're gonna add fuel,we're changing all 4 tyres and we're gonna add fuel,we're changing all 4 tyres and we're gonna add fuel
\voice\mandatory_pit_stops\will_change_all_four_tyre_and_refuel,4.wav,we're adding fuel and we're gonna change all 4 tyres,we're adding fuel and we're gonna change all 4 tyres,we're adding fuel and we're gonna change all 4 tyres
\voice\mandatory_pit_stops\will_change_all_four_tyre_and_refuel,5.wav,we're changing all 4 tyres and we're adding fuel,we're changing all 4 tyres and we're adding fuel,we're changing all 4 tyres and we're adding fuel
\voice\mandatory_pit_stops\will_change_all_four_tyre_and_refuel,6.wav,we'll add fuel and change all 4 tyres,we'll add fuel and change all 4 tyres,we'll add fuel and change all 4 tyres
\voice\mandatory_pit_stops\will_change_all_four_tyre_no_fuel,1.wav,"we're changing all 4 tyres, no fuel this time","we're changing all 4 tyres, no fuel this time","we're changing all 4 tyres, no fuel this time"
\voice\mandatory_pit_stops\will_change_all_four_tyre_no_fuel,2.wav,"we're changing all 4 tyres, we are not refueling","we're changing all 4 tyres, we are not refueling","we're changing all 4 tyres, we are not refueling"
\voice\mandatory_pit_stops\will_change_all_four_tyre_no_fuel,3.wav,"we're changing all 4 tyres, no fuel","we're changing all 4 tyres, no fuel","we're changing all 4 tyres, no fuel"
\voice\mandatory_pit_stops\will_change_all_four_tyre_no_fuel,4.wav,"we're changing all 4 tyres, we're not refueling this time","we're changing all 4 tyres, we're not refueling this time","we're changing all 4 tyres, we're not refueling this time"
\voice\mandatory_pit_stops\will_change_all_four_tyre_no_fuel,5.wav,"we're changing all 4 tyres, no fuel","we're changing all 4 tyres, no fuel","we're changing all 4 tyres, no fuel"
\voice\mandatory_pit_stops\will_change_all_four_tyre_no_fuel,6.wav,"we're changing all 4 tyres, no refueling","we're changing all 4 tyres, no refueling","we're changing all 4 tyres, no refueling"
\voice\mandatory_pit_stops\will_change_all_four_tyres,1.wav,we're gonna change all 4 tyres,we're gonna change all 4 tyres,we're gonna change all 4 tyres
\voice\mandatory_pit_stops\will_change_all_four_tyres,2.wav,we're changing all 4 tyres,we're changing all 4 tyres,we're changing all 4 tyres
\voice\mandatory_pit_stops\will_change_all_four_tyres,3.wav,we'll change all 4 tyres,we'll change all 4 tyres,we'll change all 4 tyres
\voice\mandatory_pit_stops\will_change_all_four_tyres,4.wav,we're gonna change all 4 tyres,we're gonna change all 4 tyres,we're gonna change all 4 tyres
\voice\mandatory_pit_stops\will_change_all_four_tyres,5.wav,we're changing all 4 tyres,we're changing all 4 tyres,we're changing all 4 tyres
\voice\mandatory_pit_stops\will_change_front_tyres_only,1.wav,we're changing your front tyres only,we're changing your front tyres only,we're changing your front tyres only
\voice\mandatory_pit_stops\will_change_front_tyres_only,2.wav,we're changing front tyres only this time,we're changing front tyres only this time,we're changing front tyres only this time
\voice\mandatory_pit_stops\will_change_front_tyres_only,3.wav,we're changing front tyres only,we're changing front tyres only,we're changing front tyres only
\voice\mandatory_pit_stops\will_change_front_tyres_only,4.wav,we'll change the front tyres only,we'll change the front tyres only,we'll change the front tyres only
\voice\mandatory_pit_stops\will_change_front_tyres_only,5.wav,we'll change the front tyres only this time,we'll change the front tyres only this time,we'll change the front tyres only this time
\voice\mandatory_pit_stops\will_change_rear_tyres_only,1.wav,we'll change your rear tyres only,we'll change your rear tyres only,we'll change your rear tyres only
\voice\mandatory_pit_stops\will_change_rear_tyres_only,2.wav,we're changing the rear tyres only,we're changing the rear tyres only,we're changing the rear tyres only
\voice\mandatory_pit_stops\will_change_rear_tyres_only,3.wav,we're changing rear tyres only this time,we're changing rear tyres only this time,we're changing rear tyres only this time
\voice\mandatory_pit_stops\will_change_rear_tyres_only,4.wav,we'll change the rear tyres only this time,we'll change the rear tyres only this time,we'll change the rear tyres only this time
\voice\mandatory_pit_stops\will_change_rear_tyres_only,5.wav,we're changing rear tyres only,we're changing rear tyres only,we're changing rear tyres only
\voice\mandatory_pit_stops\will_fix_front_aero,1.wav,we'll fix the front aero,we'll fix the front aero,we'll fix the front aero
\voice\mandatory_pit_stops\will_fix_front_aero,2.wav,we'll fix the front aero,we'll fix the front aero,we'll fix the front aero
\voice\mandatory_pit_stops\will_fix_front_aero,3.wav,we're gonna fix the front aero,we're gonna fix the front aero,we're gonna fix the front aero
\voice\mandatory_pit_stops\will_fix_front_aero,4.wav,we'll fix the front aero,we'll fix the front aero,we'll fix the front aero
\voice\mandatory_pit_stops\will_fix_front_aero,5.wav,we'll fix the front aero,we'll fix the front aero,we'll fix the front aero
\voice\mandatory_pit_stops\will_fix_front_aero,6.wav,we're gonna fix the front aero,we're gonna fix the front aero,we're gonna fix the front aero
\voice\mandatory_pit_stops\will_fix_front_and_leave_rear_aero,1.wav,we'll fix the front and we'll leave the rear aero,we'll fix the front and we'll leave the rear aero,we'll fix the front and we'll leave the rear aero
\voice\mandatory_pit_stops\will_fix_front_and_leave_rear_aero,2.wav,we're gonna fix the front aero and leave the rear,we're gonna fix the front aero and leave the rear,we're gonna fix the front aero and leave the rear
\voice\mandatory_pit_stops\will_fix_front_and_leave_rear_aero,3.wav,we're gonna fix the front aero only,we're gonna fix the front aero only,we're gonna fix the front aero only
\voice\mandatory_pit_stops\will_fix_front_and_leave_rear_aero,4.wav,we're fixing front aero only,we're fixing front aero only,we're fixing front aero only
\voice\mandatory_pit_stops\will_fix_front_and_leave_rear_aero,5.wav,we'll fix the front aero and leave the rear,we'll fix the front aero and leave the rear,we'll fix the front aero and leave the rear
\voice\mandatory_pit_stops\will_fix_front_and_rear_aero,1.wav,we're gonna fix your front and rear aero,we're gonna fix your front and rear aero,we're gonna fix your front and rear aero
\voice\mandatory_pit_stops\will_fix_front_and_rear_aero,2.wav,we'll fix the front and rear aero,we'll fix the front and rear aero,we'll fix the front and rear aero
\voice\mandatory_pit_stops\will_fix_front_and_rear_aero,3.wav,we'll fix the front and rear aero,we'll fix the front and rear aero,we'll fix the front and rear aero
\voice\mandatory_pit_stops\will_fix_front_and_rear_aero,4.wav,we'll fix the front and the rear aero,we'll fix the front and the rear aero,we'll fix the front and the rear aero
\voice\mandatory_pit_stops\will_fix_front_and_rear_aero,5.wav,we're fixing front and rear aero,we're fixing front and rear aero,we're fixing front and rear aero
\voice\mandatory_pit_stops\will_fix_rear_aero,1.wav,we'll fix the rear aero,we'll fix the rear aero,we'll fix the rear aero
\voice\mandatory_pit_stops\will_fix_rear_aero,2.wav,we're gonna fix the rear aero,we're gonna fix the rear aero,we're gonna fix the rear aero
\voice\mandatory_pit_stops\will_fix_rear_aero,3.wav,we'll fix the rear aero,we'll fix the rear aero,we'll fix the rear aero
\voice\mandatory_pit_stops\will_fix_rear_aero,4.wav,we're fixing the rear aero,we're fixing the rear aero,we're fixing the rear aero
\voice\mandatory_pit_stops\will_fix_rear_aero,5.wav,we'll fix the rear aero,we'll fix the rear aero,we'll fix the rear aero
\voice\mandatory_pit_stops\will_fix_rear_and_leave_front_aero,1.wav,we're gonna fix the rear aero only,we're gonna fix the rear aero only,we're gonna fix the rear aero only
\voice\mandatory_pit_stops\will_fix_rear_and_leave_front_aero,2.wav,we'll fix the rear aero and leave the front,we'll fix the rear aero and leave the front,we'll fix the rear aero and leave the front
\voice\mandatory_pit_stops\will_fix_rear_and_leave_front_aero,3.wav,we'll fix the rear aero and we'll leave the front,we'll fix the rear aero and we'll leave the front,we'll fix the rear aero and we'll leave the front
\voice\mandatory_pit_stops\will_fix_rear_and_leave_front_aero,4.wav,we're fixing the rear aero only,we're fixing the rear aero only,we're fixing the rear aero only
\voice\mandatory_pit_stops\will_fix_rear_and_leave_front_aero,5.wav,we'll fix the rear aero and leave the front,we'll fix the rear aero and leave the front,we'll fix the rear aero and leave the front
\voice\mandatory_pit_stops\will_fix_suspension,1.wav,we'll fix the suspension,we'll fix the suspension,we'll fix the suspension
\voice\mandatory_pit_stops\will_fix_suspension,2.wav,we're gonna fix the suspension,we're gonna fix the suspension,we're gonna fix the suspension
\voice\mandatory_pit_stops\will_fix_suspension,3.wav,we'll fix the suspension,we'll fix the suspension,we'll fix the suspension
\voice\mandatory_pit_stops\will_fix_suspension,4.wav,we're gonna fix the suspension,we're gonna fix the suspension,we're gonna fix the suspension
\voice\mandatory_pit_stops\will_fix_suspension,5.wav,we'll fix the suspension,we'll fix the suspension,we'll fix the suspension
\voice\mandatory_pit_stops\will_leave_suspension,1.wav,we're not gonna fix the suspension,we're not gonna fix the suspension,we're not gonna fix the suspension
\voice\mandatory_pit_stops\will_leave_suspension,2.wav,we're gonna leave the suspension,we're gonna leave the suspension,we're gonna leave the suspension
\voice\mandatory_pit_stops\will_leave_suspension,3.wav,we won't fix the suspension,we won't fix the suspension,we won't fix the suspension
\voice\mandatory_pit_stops\will_leave_suspension,4.wav,we're not fixing the suspension,we're not fixing the suspension,we're not fixing the suspension
\voice\mandatory_pit_stops\will_leave_suspension,5.wav,"we'll leave the suspension, we're not fixing it","we'll leave the suspension, we're not fixing it","we'll leave the suspension, we're not fixing it"
\voice\mandatory_pit_stops\will_not_be_serving_penalty,1.wav,we will not be serving the penalty,we will not be serving the penalty,we will not be serving the penalty
\voice\mandatory_pit_stops\will_not_be_serving_penalty,2.wav,we will not be serving the penalty,we will not be serving the penalty,we will not be serving the penalty
\voice\mandatory_pit_stops\will_not_be_serving_penalty,3.wav,we will not be serving the penalty,we will not be serving the penalty,we will not be serving the penalty
\voice\mandatory_pit_stops\will_not_be_serving_penalty,4.wav,we will not be serving the penalty,we will not be serving the penalty,we will not be serving the penalty
\voice\mandatory_pit_stops\will_put_fuel_in,1.wav,we're going to put fuel in,we're going to put fuel in,we're going to put fuel in
\voice\mandatory_pit_stops\will_put_fuel_in,2.wav,we'll refuel you,we'll refuel you,we'll refuel you
\voice\mandatory_pit_stops\will_put_fuel_in,3.wav,we're gonna refuel,we're gonna refuel,we're gonna refuel
\voice\mandatory_pit_stops\will_put_fuel_in,4.wav,we'll be refueling,we'll be refueling,we'll be refueling
\voice\mandatory_pit_stops\will_put_fuel_in,5.wav,we're putting fuel in,we're putting fuel in,we're putting fuel in
\voice\mandatory_pit_stops\will_put_fuel_in,6.wav,we'll put fuel in,we'll put fuel in,we'll put fuel in
\voice\mandatory_pit_stops\will_put_fuel_in_no_tyres,1.wav,"we'll be refueling only, no tyres","we'll be refueling only, no tyres","we'll be refueling only, no tyres"
\voice\mandatory_pit_stops\will_put_fuel_in_no_tyres,2.wav,"no tyres this time, we're refueling only","no tyres this time, we're refueling only","no tyres this time, we're refueling only"
\voice\mandatory_pit_stops\will_put_fuel_in_no_tyres,3.wav,"we're refueling only, no tyres","we're refueling only, no tyres","we're refueling only, no tyres"
\voice\mandatory_pit_stops\will_put_fuel_in_no_tyres,4.wav,"we'll be refueling, no tyres this time","we'll be refueling, no tyres this time","we'll be refueling, no tyres this time"
\voice\mandatory_pit_stops\will_put_fuel_in_no_tyres,5.wav,"we'll be refueling, we're not changing tyres","we'll be refueling, we're not changing tyres","we'll be refueling, we're not changing tyres"
\voice\mandatory_pit_stops\will_put_fuel_in_no_tyres,6.wav,"we're refueling only, no tyres","we're refueling only, no tyres","we're refueling only, no tyres"
\voice\mandatory_pit_stops\yes_stop_after,1.wav,"yes, pit window opens after","yes, pit window opens after","yes, pit window opens after"
\voice\mandatory_pit_stops\yes_stop_after,2.wav,"yes, the pit window opens after","yes, the pit window opens after","yes, the pit window opens after"
\voice\mandatory_pit_stops\yes_stop_after,3.wav,"yes, the pit window opens after","yes, the pit window opens after","yes, the pit window opens after"
\voice\mandatory_pit_stops\yes_stop_on_lap,1.wav,"yes, the pit window opens on lap","yes, the pit window opens on lap","yes, the pit window opens on lap"
\voice\mandatory_pit_stops\yes_stop_on_lap,2.wav,"yes, the pit window opens on lap","yes, the pit window opens on lap","yes, the pit window opens on lap"
\voice\mandatory_pit_stops\yes_stop_on_lap,3.wav,"yep, the pit window opens on lap","yep, the pit window opens on lap","yep, the pit window opens on lap"
\voice\multiclass\carrera_cup,70.wav,Carrera Cup,Carrera Cup,Carrera Cup
\voice\multiclass\carrera_cup,71.wav,Carrera Cup,Carrera Cup,Carrera Cup
\voice\multiclass\carrera_cup,72.wav,Carrera Cup,Carrera Cup,Carrera Cup
\voice\multiclass\dtm,40.wav,DTM,DTM,DTM
\voice\multiclass\dtm,41.wav,DTM,DTM,DTM
\voice\multiclass\dtm,42.wav,DTM,DTM,DTM
\voice\multiclass\dtm_runners,1.wav,DTM-class cars,DTM-class cars,DTM-class cars
\voice\multiclass\dtm_runners,2.wav,DTM cars,DTM cars,DTM cars
\voice\multiclass\dtm_runners,3.wav,DTM runners,DTM runners,DTM runners
\voice\multiclass\faster_car_behind,1_op_prefix_ok.wav,there's a faster car approaching,there's a faster car approaching,there's a faster car approaching
\voice\multiclass\faster_car_behind,2.wav,faster car behind,faster car behind,faster car behind
\voice\multiclass\faster_car_behind,3.wav,there's a faster car approaching,there's a faster car approaching,there's a faster car approaching
\voice\multiclass\faster_car_behind,4_op_prefix_ok.wav,there's a faster class car approaching,there's a faster class car approaching,there's a faster class car approaching
\voice\multiclass\faster_car_behind,5.wav,the car behind's a faster class,the car behind's a faster class,the car behind's a faster class
\voice\multiclass\faster_car_behind,6.wav,there's a faster class car behind,there's a faster class car behind,there's a faster class car behind
\voice\multiclass\faster_car_behind_is_class_leader,1_male.wav,"faster car behind, this guy's their class leader","faster car behind, this guy's their class leader","faster car behind, this guy's their class leader"
\voice\multiclass\faster_car_behind_is_class_leader,1_op_prefix_ok.wav,"faster car approaching, it's their class leader","faster car approaching, it's their class leader","faster car approaching, it's their class leader"
\voice\multiclass\faster_car_behind_is_class_leader,2.wav,"there's a faster car behind, this is their class leader","there's a faster car behind, this is their class leader","there's a faster car behind, this is their class leader"
\voice\multiclass\faster_car_behind_is_class_leader,2_op_prefix_ok_male.wav,"there's a faster car bearing down on you, he's the class leader","there's a faster car bearing down on you, he's the class leader","there's a faster car bearing down on you, he's the class leader"
\voice\multiclass\faster_car_behind_is_class_leader,3.wav,"there's a faster car bearing down on you, it's their class leader","there's a faster car bearing down on you, it's their class leader","there's a faster car bearing down on you, it's their class leader"
\voice\multiclass\faster_car_behind_is_class_leader,3_male.wav,"there's a faster car behind, he's class leader","there's a faster car behind, he's class leader","there's a faster car behind, he's class leader"
\voice\multiclass\faster_car_behind_is_class_leader,4.wav,the class leader from a faster class is behind,the class leader from a faster class is behind,the class leader from a faster class is behind
\voice\multiclass\faster_car_behind_is_class_leader,5_male.wav,"faster car approaching, this guy's their class leader","faster car approaching, this guy's their class leader","faster car approaching, this guy's their class leader"
\voice\multiclass\faster_car_behind_is_class_leader,6_male.wav,"faster car approaching, this guy's the class leader","faster car approaching, this guy's the class leader","faster car approaching, this guy's the class leader"
\voice\multiclass\faster_car_behind_racing_player,1.wav,"faster car behind, they're racing us for position, there'll be no blue flag","faster car behind, they're racing us for position, there'll be no blue flag","faster car behind, they're racing us for position, there'll be no blue flag"
\voice\multiclass\faster_car_behind_racing_player,1_male.wav,"there's a faster car approaching, he's racing us for position, don't expect a blue flag","there's a faster car approaching, he's racing us for position, don't expect a blue flag","there's a faster car approaching, he's racing us for position, don't expect a blue flag"
\voice\multiclass\faster_car_behind_racing_player,2.wav,"there's a faster car approaching, they're on our lap so there'll be no blue flag","there's a faster car approaching, they're on our lap so there'll be no blue flag","there's a faster car approaching, they're on our lap so there'll be no blue flag"
\voice\multiclass\faster_car_behind_racing_player,2_male.wav,"there's a faster car behind, he's on our lap, we're not gonna get a blue flag","there's a faster car behind, he's on our lap, we're not gonna get a blue flag","there's a faster car behind, he's on our lap, we're not gonna get a blue flag"
\voice\multiclass\faster_car_behind_racing_player,3.wav,"faster car approaching, they're racing us for position - don't expect and blue flag","faster car approaching, they're racing us for position - don't expect and blue flag","faster car approaching, they're racing us for position - don't expect and blue flag"
\voice\multiclass\faster_car_behind_racing_player,3_male.wav,"faster car approaching, he's racing us for position, don't expect a blue","faster car approaching, he's racing us for position, don't expect a blue","faster car approaching, he's racing us for position, don't expect a blue"
\voice\multiclass\faster_car_behind_racing_player,4.wav,"there's a faster car behind, we're racing them for position so there'll be no blue flag","there's a faster car behind, we're racing them for position so there'll be no blue flag","there's a faster car behind, we're racing them for position so there'll be no blue flag"
\voice\multiclass\faster_car_behind_racing_player,4_male.wav,"there's a faster car behind, he's racing us for position, I don't think we'll get a blue flag","there's a faster car behind, he's racing us for position, I don't think we'll get a blue flag","there's a faster car behind, he's racing us for position, I don't think we'll get a blue flag"
\voice\multiclass\faster_car_behind_racing_player,5_male.wav,"faster car behind, he's racing us for position, don't expect a blue flag","faster car behind, he's racing us for position, don't expect a blue flag","faster car behind, he's racing us for position, don't expect a blue flag"
\voice\multiclass\faster_car_behind_racing_player_is_class_leader,1.wav,"there's a faster car behind, it's their class leader but we're racing for position for there'll be no blue flag","there's a faster car behind, it's their class leader but we're racing for position for there'll be no blue flag","there's a faster car behind, it's their class leader but we're racing for position for there'll be no blue flag"
\voice\multiclass\faster_car_behind_racing_player_is_class_leader,1_male.wav,"there's a faster car behind, he's the class leader but he's racing you for position, you won't get a blue flag","there's a faster car behind, he's the class leader but he's racing you for position, you won't get a blue flag","there's a faster car behind, he's the class leader but he's racing you for position, you won't get a blue flag"
\voice\multiclass\faster_car_behind_racing_player_is_class_leader,2.wav,"there's a faster car approaching, it's their class leader but we're on the same lap so there'll be no blue flag","there's a faster car approaching, it's their class leader but we're on the same lap so there'll be no blue flag","there's a faster car approaching, it's their class leader but we're on the same lap so there'll be no blue flag"
\voice\multiclass\faster_car_behind_racing_player_is_class_leader,2_male.wav,"there's a faster car behind, this guy's the class leader but he's racing us for position, don't expect a blue flag","there's a faster car behind, this guy's the class leader but he's racing us for position, don't expect a blue flag","there's a faster car behind, this guy's the class leader but he's racing us for position, don't expect a blue flag"
\voice\multiclass\faster_car_behind_racing_player_is_class_leader,3.wav,"there's a faster car behind, it's their class leader but we're on the same lap so there'll be no blue flag","there's a faster car behind, it's their class leader but we're on the same lap so there'll be no blue flag","there's a faster car behind, it's their class leader but we're on the same lap so there'll be no blue flag"
\voice\multiclass\faster_car_behind_racing_player_is_class_leader,3_male.wav,"there's a faster car approaching, this guy's class leader but he's racing us for position, we won't get a blue flag","there's a faster car approaching, this guy's class leader but he's racing us for position, we won't get a blue flag","there's a faster car approaching, this guy's class leader but he's racing us for position, we won't get a blue flag"
\voice\multiclass\faster_car_behind_racing_player_is_class_leader,4_male.wav,"there's a faster car approaching, we're not gonna get a blue flag here, he's on our lap, he's the class leader","there's a faster car approaching, we're not gonna get a blue flag here, he's on our lap, he's the class leader","there's a faster car approaching, we're not gonna get a blue flag here, he's on our lap, he's the class leader"
\voice\multiclass\faster_cars_behind,1.wav,there's a group of faster cars behind,there's a group of faster cars behind,there's a group of faster cars behind
\voice\multiclass\faster_cars_behind,2.wav,there's a group of faster cars behind,there's a group of faster cars behind,there's a group of faster cars behind
\voice\multiclass\faster_cars_behind,3.wav,there's a group of faster cars bearing down on you,there's a group of faster cars bearing down on you,there's a group of faster cars bearing down on you
\voice\multiclass\faster_cars_behind,4.wav,faster cars approaching,faster cars approaching,faster cars approaching
\voice\multiclass\faster_cars_behind_fighting,1.wav,"there's a group of faster cars bearing down on you, these guys are scrapping for position","there's a group of faster cars bearing down on you, these guys are scrapping for position","there's a group of faster cars bearing down on you, these guys are scrapping for position"
\voice\multiclass\faster_cars_behind_fighting,2.wav,"there's a group of faster cars behind, they're racing for position","there's a group of faster cars behind, they're racing for position","there's a group of faster cars behind, they're racing for position"
\voice\multiclass\faster_cars_behind_fighting,3.wav,"there's some faster cars approaching, their fighting for position","there's some faster cars approaching, their fighting for position","there's some faster cars approaching, their fighting for position"
\voice\multiclass\faster_cars_behind_fighting,4.wav,"there's a group of faster cars behind you, they're racing for position","there's a group of faster cars behind you, they're racing for position","there's a group of faster cars behind you, they're racing for position"
\voice\multiclass\faster_cars_behind_inc_class_leader,1.wav,"there's faster cars behind, along with the class leader","there's faster cars behind, along with the class leader","there's faster cars behind, along with the class leader"
\voice\multiclass\faster_cars_behind_inc_class_leader,2.wav,"there's faster cars approaching, this group includes the class leader","there's faster cars approaching, this group includes the class leader","there's faster cars approaching, this group includes the class leader"
\voice\multiclass\faster_cars_behind_inc_class_leader,3.wav,"there's faster cars approaching, the group includes the class leader","there's faster cars approaching, the group includes the class leader","there's faster cars approaching, the group includes the class leader"
\voice\multiclass\faster_cars_behind_inc_class_leader,4.wav,"there's faster cars behind, this group includes their class leader","there's faster cars behind, this group includes their class leader","there's faster cars behind, this group includes their class leader"
\voice\multiclass\faster_cars_fighting_behind_inc_class_leader,1.wav,"faster cars approaching, they're battling for position, the group includes the class leader","faster cars approaching, they're battling for position, the group includes the class leader","faster cars approaching, they're battling for position, the group includes the class leader"
\voice\multiclass\faster_cars_fighting_behind_inc_class_leader,2.wav,"faster cars approaching, they're scrapping for position, the class leader's in this group","faster cars approaching, they're scrapping for position, the class leader's in this group","faster cars approaching, they're scrapping for position, the class leader's in this group"
\voice\multiclass\faster_cars_fighting_behind_inc_class_leader,3.wav,"there's a group of faster cars approaching, they're fighting for position, their class leader's in the group","there's a group of faster cars approaching, they're fighting for position, their class leader's in the group","there's a group of faster cars approaching, they're fighting for position, their class leader's in the group"
\voice\multiclass\faster_cars_fighting_behind_inc_class_leader,4.wav,"there's some faster cars approaching, they're fighting for position, the group includes the class leader","there's some faster cars approaching, they're fighting for position, the group includes the class leader","there's some faster cars approaching, they're fighting for position, the group includes the class leader"
\voice\multiclass\group4,52.wav,Group 4,Group 4,Group 4
\voice\multiclass\group4,53.wav,Group 4,Group 4,Group 4
\voice\multiclass\group4,54.wav,Group 4,Group 4,Group 4
\voice\multiclass\group5,55.wav,Group 5,Group 5,Group 5
\voice\multiclass\group5,56.wav,Group 5,Group 5,Group 5
\voice\multiclass\group5,57.wav,Group 5,Group 5,Group 5
\voice\multiclass\group6,58.wav,Group 6,Group 6,Group 6
\voice\multiclass\group6,59.wav,Group 6,Group 6,Group 6
\voice\multiclass\group6,60.wav,Group 6,Group 6,Group 6
\voice\multiclass\groupa,43.wav,Group A,Group A,Group A
\voice\multiclass\groupa,44.wav,Group A,Group A,Group A
\voice\multiclass\groupa,45.wav,Group A,Group A,Group A
\voice\multiclass\groupa_runners,1.wav,Group A class cars,Group A class cars,Group A class cars
\voice\multiclass\groupa_runners,2.wav,Group A runners,Group A runners,Group A runners
\voice\multiclass\groupa_runners,3.wav,Group A runners,Group A runners,Group A runners
\voice\multiclass\groupb,46.wav,Group B,Group B,Group B
\voice\multiclass\groupb,47.wav,Group B,Group B,Group B
\voice\multiclass\groupb,48.wav,Group B,Group B,Group B
\voice\multiclass\groupc,49.wav,Group C,Group C,Group C
\voice\multiclass\groupc,50.wav,Group C,Group C,Group C
\voice\multiclass\groupc,51.wav,Group C,Group C,Group C
\voice\multiclass\groupc_runners,31.wav,Group C class cars,Group C class cars,Group C class cars
\voice\multiclass\groupc_runners,32.wav,Group C runners,Group C runners,Group C runners
\voice\multiclass\groupc_runners,33.wav,Group C cars,Group C cars,Group C cars
\voice\multiclass\gt1,10.wav,GT1,GT1,GT1
\voice\multiclass\gt1,11.wav,GT1,GT1,GT1
\voice\multiclass\gt1,12.wav,GT1,GT1,GT1
\voice\multiclass\gt2,13.wav,GT2,GT2,GT2
\voice\multiclass\gt2,14.wav,GT2,GT2,GT2
\voice\multiclass\gt2,15.wav,GT2,GT2,GT2
\voice\multiclass\gt2_runners,4.wav,GT2 cars,GT2 cars,GT2 cars
\voice\multiclass\gt2_runners,5.wav,GT2 runners,GT2 runners,GT2 runners
\voice\multiclass\gt2_runners,6.wav,GT2 class cars,GT2 class cars,GT2 class cars
\voice\multiclass\gt3,25.wav,GT3,GT3,GT3
\voice\multiclass\gt3,26.wav,GT3,GT3,GT3
\voice\multiclass\gt3,27.wav,GT3,GT3,GT3
\voice\multiclass\gt300,37.wav,GT300,GT300,GT300
\voice\multiclass\gt300,38.wav,GT300,GT300,GT300
\voice\multiclass\gt300,39.wav,GT300,GT300,GT300
\voice\multiclass\gt3_runners,7.wav,GT3 runners,GT3 runners,GT3 runners
\voice\multiclass\gt3_runners,8.wav,GT3 class cars,GT3 class cars,GT3 class cars
\voice\multiclass\gt3_runners,9.wav,GT3 cars,GT3 cars,GT3 cars
\voice\multiclass\gt4,28.wav,GT4,GT4,GT4
\voice\multiclass\gt4,29.wav,GT4,GT4,GT4
\voice\multiclass\gt4,30.wav,GT4,GT4,GT4
\voice\multiclass\gt4_runners,10.wav,GT4 cars,GT4 cars,GT4 cars
\voice\multiclass\gt4_runners,11.wav,GT4 class cars,GT4 class cars,GT4 class cars
\voice\multiclass\gt4_runners,12.wav,GT4 runners,GT4 runners,GT4 runners
\voice\multiclass\gt5,31.wav,GT5,GT5,GT5
\voice\multiclass\gt5,32.wav,GT5,GT5,GT5
\voice\multiclass\gt5,33.wav,GT5,GT5,GT5
\voice\multiclass\gt500,34.wav,GT500,GT500,GT500
\voice\multiclass\gt500,35.wav,GT500,GT500,GT500
\voice\multiclass\gt500,36.wav,GT500,GT500,GT500
\voice\multiclass\gt5_runners,4.wav,GT5 cars,GT5 cars,GT5 cars
\voice\multiclass\gt5_runners,5.wav,GT5 runners,GT5 runners,GT5 runners
\voice\multiclass\gt5_runners,6.wav,GT5 class cars,GT5 class cars,GT5 class cars
\voice\multiclass\gtc,19.wav,GTC,GTC,GTC
\voice\multiclass\gtc,20.wav,GTC,GTC,GTC
\voice\multiclass\gtc,21.wav,GTC,GTC,GTC
\voice\multiclass\gtc_runners,13.wav,GTC runners,GTC runners,GTC runners
\voice\multiclass\gtc_runners,14.wav,GTC class cars,GTC class cars,GTC class cars
\voice\multiclass\gtc_runners,15.wav,GTC cars,GTC cars,GTC cars
\voice\multiclass\gte,16.wav,GTE,GTE,GTE
\voice\multiclass\gte,17.wav,GTE,GTE,GTE
\voice\multiclass\gte,18.wav,GTE,GTE,GTE
\voice\multiclass\gte_runners,16.wav,GTE runners,GTE runners,GTE runners
\voice\multiclass\gte_runners,17.wav,GTE cars,GTE cars,GTE cars
\voice\multiclass\gte_runners,18.wav,GTE class cars,GTE class cars,GTE class cars
\voice\multiclass\gtlm,22.wav,GTLM,GTLM,GTLM
\voice\multiclass\gtlm,23.wav,GTLM,GTLM,GTLM
\voice\multiclass\gtlm,24.wav,GTLM,GTLM,GTLM
\voice\multiclass\gto,61.wav,GTO,GTO,GTO
\voice\multiclass\gto,62.wav,GTO,GTO,GTO
\voice\multiclass\gto,63.wav,GTO,GTO,GTO
\voice\multiclass\gtp,19.wav,GTP,GTP,GTP
\voice\multiclass\gtp,20.wav,GTP,GTP,GTP
\voice\multiclass\gtp,21.wav,GTP,GTP,GTP
\voice\multiclass\gtp_runners,13.wav,GTP runners,GTP runners,GTP runners
\voice\multiclass\gtp_runners,14.wav,GTP class cars,GTP class cars,GTP class cars
\voice\multiclass\gtp_runners,15.wav,GTP cars,GTP cars,GTP cars
\voice\multiclass\it_is_a_faster_class,1.wav,is in a faster class,is in a faster class,is in a faster class
\voice\multiclass\it_is_a_faster_class,2.wav,it's a faster class,it's a faster class,it's a faster class
\voice\multiclass\it_is_a_faster_class,3.wav,is in a faster class,is in a faster class,is in a faster class
\voice\multiclass\it_is_a_faster_class,4.wav,that's a faster class,that's a faster class,that's a faster class
\voice\multiclass\it_is_a_faster_class,5.wav,that's a faster class,that's a faster class,that's a faster class
\voice\multiclass\it_is_a_faster_class,6.wav,it's a faster class,it's a faster class,it's a faster class
\voice\multiclass\it_is_a_slower_class,1.wav,it's a slower class,it's a slower class,it's a slower class
\voice\multiclass\it_is_a_slower_class,2.wav,that's a slower class,that's a slower class,that's a slower class
\voice\multiclass\it_is_a_slower_class,3.wav,it's a slower class,it's a slower class,it's a slower class
\voice\multiclass\it_is_a_slower_class,4.wav,it's a slower class,it's a slower class,it's a slower class
\voice\multiclass\it_is_a_slower_class,5.wav,that's a slower class,that's a slower class,that's a slower class
\voice\multiclass\lmdh,1.wav,LMDH,LMDH,LMDH
\voice\multiclass\lmdh,2.wav,LMDH,LMDH,LMDH
\voice\multiclass\lmdh,3.wav,LMDH,LMDH,LMDH
\voice\multiclass\lmdh,4.wav,LMDH,LMDH,LMDH
\voice\multiclass\lmdh_runners,19.wav,LMDH cars,LMDH cars,LMDH cars
\voice\multiclass\lmdh_runners,20.wav,LMDH runners,LMDH runners,LMDH runners
\voice\multiclass\lmdh_runners,21.wav,LMDH class cars,LMDH class cars,LMDH class cars
\voice\multiclass\lmp1,1.wav,LMP1,LMP1,LMP1
\voice\multiclass\lmp1,2.wav,LMP1,LMP1,LMP1
\voice\multiclass\lmp1,3.wav,LMP1,LMP1,LMP1
\voice\multiclass\lmp1_runners,19.wav,LMP1 cars,LMP1 cars,LMP1 cars
\voice\multiclass\lmp1_runners,20.wav,LMP1 runners,LMP1 runners,LMP1 runners
\voice\multiclass\lmp1_runners,21.wav,LMP1 class cars,LMP1 class cars,LMP1 class cars
\voice\multiclass\lmp2,4.wav,LMP2,LMP2,LMP2
\voice\multiclass\lmp2,5.wav,LMP2,LMP2,LMP2
\voice\multiclass\lmp2,6.wav,LMP2,LMP2,LMP2
\voice\multiclass\lmp2_runners,22.wav,LMP2 runners,LMP2 runners,LMP2 runners
\voice\multiclass\lmp2_runners,23.wav,LMP2 class cars,LMP2 class cars,LMP2 class cars
\voice\multiclass\lmp2_runners,24.wav,LMP2 cars,LMP2 cars,LMP2 cars
\voice\multiclass\lmp3,7.wav,LMP3,LMP3,LMP3
\voice\multiclass\lmp3,8.wav,LMP3,LMP3,LMP3
\voice\multiclass\lmp3,9.wav,LMP3,LMP3,LMP3
\voice\multiclass\lmp3_runners,25.wav,LMP3 cars,LMP3 cars,LMP3 cars
\voice\multiclass\lmp3_runners,26.wav,LMP3 class cars,LMP3 class cars,LMP3 class cars
\voice\multiclass\lmp3_runners,27.wav,LMP3 runners,LMP3 runners,LMP3 runners
\voice\multiclass\mustang,1.wav,mustang,mustang,mustang
\voice\multiclass\mustang,2.wav,ford,ford,ford
\voice\multiclass\runners,1.wav,class cars,class cars,class cars
\voice\multiclass\runners,10.wav,class runners,class runners,class runners
\voice\multiclass\runners,11.wav,class drivers,class drivers,class drivers
\voice\multiclass\runners,12.wav,class drivers,class drivers,class drivers
\voice\multiclass\runners,13.wav,class drivers,class drivers,class drivers
\voice\multiclass\runners,14.wav,class drivers,class drivers,class drivers
\voice\multiclass\runners,15.wav,class runners,class runners,class runners
\voice\multiclass\runners,16.wav,class drivers,class drivers,class drivers
\voice\multiclass\runners,17.wav,class drivers,class drivers,class drivers
\voice\multiclass\runners,2.wav,class cars,class cars,class cars
\voice\multiclass\runners,3.wav,class cars,class cars,class cars
\voice\multiclass\runners,4.wav,class cars,class cars,class cars
\voice\multiclass\runners,5.wav,class cars,class cars,class cars
\voice\multiclass\runners,6.wav,class runners,class runners,class runners
\voice\multiclass\runners,7.wav,class runners,class runners,class runners
\voice\multiclass\runners,8.wav,class runners,class runners,class runners
\voice\multiclass\runners,9.wav,class runners,class runners,class runners
\voice\multiclass\same_class_as_us,1.wav,same class as us,same class as us,same class as us
\voice\multiclass\same_class_as_us,2.wav,same as us,same as us,same as us
\voice\multiclass\same_class_as_us,3.wav,same as we are,same as we are,same as we are
\voice\multiclass\same_class_as_us,4.wav,same class as we are,same class as we are,same class as we are
\voice\multiclass\same_class_as_us,5.wav,same as us,same as us,same as us
\voice\multiclass\same_class_as_us,6.wav,same as us,same as us,same as us
\voice\multiclass\same_class_as_us,7.wav,same as we are,same as we are,same as we are
\voice\multiclass\same_class_as_us,8.wav,same as our class,same as our class,same as our class
\voice\multiclass\slower_car_ahead,1.wav,slower class car ahead,slower class car ahead,slower class car ahead
\voice\multiclass\slower_car_ahead,2.wav,you're coming up on a slower class car,you're coming up on a slower class car,you're coming up on a slower class car
\voice\multiclass\slower_car_ahead,3.wav,slower class car ahead,slower class car ahead,slower class car ahead
\voice\multiclass\slower_car_ahead,4.wav,you're coming up on a slower car,you're coming up on a slower car,you're coming up on a slower car
\voice\multiclass\slower_car_ahead,5.wav,you're coming up on a slower class car,you're coming up on a slower class car,you're coming up on a slower class car
\voice\multiclass\slower_car_ahead,6.wav,slower class car ahead,slower class car ahead,slower class car ahead
\voice\multiclass\slower_car_ahead_is_class_leader,1.wav,"slower car ahead, this is their class leader","slower car ahead, this is their class leader","slower car ahead, this is their class leader"
\voice\multiclass\slower_car_ahead_is_class_leader,1_male.wav,"slower car ahead, this guy's their class leader","slower car ahead, this guy's their class leader","slower car ahead, this guy's their class leader"
\voice\multiclass\slower_car_ahead_is_class_leader,2.wav,"slower car ahead, it's their class leader","slower car ahead, it's their class leader","slower car ahead, it's their class leader"
\voice\multiclass\slower_car_ahead_is_class_leader,2_male.wav,"slower class car ahead, he's their class leader","slower class car ahead, he's their class leader","slower class car ahead, he's their class leader"
\voice\multiclass\slower_car_ahead_is_class_leader,3.wav,"slow car ahead, this is the leader for their class","slow car ahead, this is the leader for their class","slow car ahead, this is the leader for their class"
\voice\multiclass\slower_car_ahead_is_class_leader,3_male.wav,"slower car ahead, he's the class leader for these guys","slower car ahead, he's the class leader for these guys","slower car ahead, he's the class leader for these guys"
\voice\multiclass\slower_car_ahead_is_class_leader,4_male.wav,"slower car ahead, this guy's the class leader","slower car ahead, this guy's the class leader","slower car ahead, this guy's the class leader"
\voice\multiclass\slower_car_ahead_is_class_leader,5_male.wav,"slow car ahead, this guy's their class leader","slow car ahead, this guy's their class leader","slow car ahead, this guy's their class leader"
\voice\multiclass\slower_car_ahead_racing_player,1.wav,"slow car ahead, we're on the same lap so they'll get no blue flag","slow car ahead, we're on the same lap so they'll get no blue flag","slow car ahead, we're on the same lap so they'll get no blue flag"
\voice\multiclass\slower_car_ahead_racing_player,1_male.wav,"slower car ahead, we're racing this guy for position, don't expect a blue flag","slower car ahead, we're racing this guy for position, don't expect a blue flag","slower car ahead, we're racing this guy for position, don't expect a blue flag"
\voice\multiclass\slower_car_ahead_racing_player,2.wav,"slower car ahead, we're racing them for position so they'll get no blue flag","slower car ahead, we're racing them for position so they'll get no blue flag","slower car ahead, we're racing them for position so they'll get no blue flag"
\voice\multiclass\slower_car_ahead_racing_player,2_male.wav,"slower car ahead, this guy won't get a blue flag because he's racing us for position","slower car ahead, this guy won't get a blue flag because he's racing us for position","slower car ahead, this guy won't get a blue flag because he's racing us for position"
\voice\multiclass\slower_car_ahead_racing_player,3.wav,"slow car ahead, this is for position so don't expect a blue flag","slow car ahead, this is for position so don't expect a blue flag","slow car ahead, this is for position so don't expect a blue flag"
\voice\multiclass\slower_car_ahead_racing_player,3_male.wav,"slower car ahead, this guy's racing us for position, he won't get a blue flag","slower car ahead, this guy's racing us for position, he won't get a blue flag","slower car ahead, this guy's racing us for position, he won't get a blue flag"
\voice\multiclass\slower_car_ahead_racing_player,4.wav,"slow car ahead, there'll be no blue flag here, we're on the same lap","slow car ahead, there'll be no blue flag here, we're on the same lap","slow car ahead, there'll be no blue flag here, we're on the same lap"
\voice\multiclass\slower_car_ahead_racing_player,4_male.wav,"slow car ahead, this guy's on our lap, he won't get a blue flag, he's racing us for position","slow car ahead, this guy's on our lap, he won't get a blue flag, he's racing us for position","slow car ahead, this guy's on our lap, he won't get a blue flag, he's racing us for position"
\voice\multiclass\slower_car_ahead_racing_player,5_male.wav,"slow car ahead, this guy's racing us for position, don't expect a blue flag","slow car ahead, this guy's racing us for position, don't expect a blue flag","slow car ahead, this guy's racing us for position, don't expect a blue flag"
\voice\multiclass\slower_car_ahead_racing_player,6_male.wav,"slow car ahead, this guy's racing us for position, he won't get a blue flag","slow car ahead, this guy's racing us for position, he won't get a blue flag","slow car ahead, this guy's racing us for position, he won't get a blue flag"
\voice\multiclass\slower_car_ahead_racing_player_is_class_leader,1.wav,"slower car ahead, it's their class leader, we're racing this car for position so there'll be no blue flag","slower car ahead, it's their class leader, we're racing this car for position so there'll be no blue flag","slower car ahead, it's their class leader, we're racing this car for position so there'll be no blue flag"
\voice\multiclass\slower_car_ahead_racing_player_is_class_leader,1_male.wav,"slower car ahead, this guys their class leader but we're racing for position, he won't see the blue flag","slower car ahead, this guys their class leader but we're racing for position, he won't see the blue flag","slower car ahead, this guys their class leader but we're racing for position, he won't see the blue flag"
\voice\multiclass\slower_car_ahead_racing_player_is_class_leader,2.wav,"slower car ahead, we're racing this car for position so there'll be no blue flag, it's their class leader","slower car ahead, we're racing this car for position so there'll be no blue flag, it's their class leader","slower car ahead, we're racing this car for position so there'll be no blue flag, it's their class leader"
\voice\multiclass\slower_car_ahead_racing_player_is_class_leader,2_male.wav,"slower car ahead, this guy won't see the blue flag because he's racing us for position, he's their class leader","slower car ahead, this guy won't see the blue flag because he's racing us for position, he's their class leader","slower car ahead, this guy won't see the blue flag because he's racing us for position, he's their class leader"
\voice\multiclass\slower_car_ahead_racing_player_is_class_leader,3.wav,"slower car ahead, it's their class leader, there'll be no blue flag here cos we're on the same lap","slower car ahead, it's their class leader, there'll be no blue flag here cos we're on the same lap","slower car ahead, it's their class leader, there'll be no blue flag here cos we're on the same lap"
\voice\multiclass\slower_car_ahead_racing_player_is_class_leader,3_male.wav,"slower car ahead, this guy's their class leader, he won't see the blue flag because he's racing us for position","slower car ahead, this guy's their class leader, he won't see the blue flag because he's racing us for position","slower car ahead, this guy's their class leader, he won't see the blue flag because he's racing us for position"
\voice\multiclass\slower_car_ahead_racing_player_is_class_leader,4_male.wav,"slower car ahead, this guy won't see the blue flag, he's racing us for position, he's the class leader","slower car ahead, this guy won't see the blue flag, he's racing us for position, he's the class leader","slower car ahead, this guy won't see the blue flag, he's racing us for position, he's the class leader"
\voice\multiclass\slower_cars_ahead,1.wav,there's a group of slower cars ahead,there's a group of slower cars ahead,there's a group of slower cars ahead
\voice\multiclass\slower_cars_ahead,2.wav,you're approaching a group of slower cars,you're approaching a group of slower cars,you're approaching a group of slower cars
\voice\multiclass\slower_cars_ahead,3.wav,there's a group of slower cars ahead,there's a group of slower cars ahead,there's a group of slower cars ahead
\voice\multiclass\slower_cars_ahead,4.wav,you're approaching a group of slower cars,you're approaching a group of slower cars,you're approaching a group of slower cars
\voice\multiclass\slower_cars_ahead,5.wav,slower class cars ahead,slower class cars ahead,slower class cars ahead
\voice\multiclass\slower_cars_ahead,6.wav,you're approaching a group of slower class cars,you're approaching a group of slower class cars,you're approaching a group of slower class cars
\voice\multiclass\slower_cars_ahead_fighting,1_op_prefix_ok.wav,"you're approaching some slower cars, these guys are fighting for position","you're approaching some slower cars, these guys are fighting for position","you're approaching some slower cars, these guys are fighting for position"
\voice\multiclass\slower_cars_ahead_fighting,2_op_prefix_ok.wav,"there's a group of slower cars ahead, these guys are busy fighting each other","there's a group of slower cars ahead, these guys are busy fighting each other","there's a group of slower cars ahead, these guys are busy fighting each other"
\voice\multiclass\slower_cars_ahead_fighting,3_op_prefix_ok.wav,"slower cars ahead, these guys will be fighting for position, they might not see you","slower cars ahead, these guys will be fighting for position, they might not see you","slower cars ahead, these guys will be fighting for position, they might not see you"
\voice\multiclass\slower_cars_ahead_fighting,4_op_prefix_ok.wav,"you're coming up on some slower cars, these guys are busy fighting, they might not notice you","you're coming up on some slower cars, these guys are busy fighting, they might not notice you","you're coming up on some slower cars, these guys are busy fighting, they might not notice you"
\voice\multiclass\slower_cars_ahead_fighting,5.wav,"slower cars ahead, these guys are scrapping for position, they might not see you","slower cars ahead, these guys are scrapping for position, they might not see you","slower cars ahead, these guys are scrapping for position, they might not see you"
\voice\multiclass\slower_cars_ahead_inc_class_leader,1.wav,"you're coming up on some slower cars, including their class leader","you're coming up on some slower cars, including their class leader","you're coming up on some slower cars, including their class leader"
\voice\multiclass\slower_cars_ahead_inc_class_leader,2.wav,"slower cars ahead, the class leader's up here","slower cars ahead, the class leader's up here","slower cars ahead, the class leader's up here"
\voice\multiclass\slower_cars_ahead_inc_class_leader,3.wav,"you're coming up on some slower cars, their class leader's in this group","you're coming up on some slower cars, their class leader's in this group","you're coming up on some slower cars, their class leader's in this group"
\voice\multiclass\slower_cars_ahead_inc_class_leader,4.wav,"slow cars ahead, including the class leader","slow cars ahead, including the class leader","slow cars ahead, including the class leader"
\voice\multiclass\slower_cars_ahead_inc_class_leader,5.wav,"you're coming up on some slow cars, their class leader's in this group","you're coming up on some slow cars, their class leader's in this group","you're coming up on some slow cars, their class leader's in this group"
\voice\multiclass\slower_cars_fighting_ahead_inc_class_leader,1.wav,"slower cars ahead, these guys are fighting for position, the group includes their class leader","slower cars ahead, these guys are fighting for position, the group includes their class leader","slower cars ahead, these guys are fighting for position, the group includes their class leader"
\voice\multiclass\slower_cars_fighting_ahead_inc_class_leader,2.wav,"slower cars ahead, these guys are fighting for position, the group includes their class leader","slower cars ahead, these guys are fighting for position, the group includes their class leader","slower cars ahead, these guys are fighting for position, the group includes their class leader"
\voice\multiclass\slower_cars_fighting_ahead_inc_class_leader,3.wav,"you're coming up on some slower cars, these guys are fighting for position, the class leader's in this group","you're coming up on some slower cars, these guys are fighting for position, the class leader's in this group","you're coming up on some slower cars, these guys are fighting for position, the class leader's in this group"
\voice\multiclass\slower_cars_fighting_ahead_inc_class_leader,4.wav,"slower cars ahead, the class leader's in this group, these guys are scrapping for position","slower cars ahead, the class leader's in this group, these guys are scrapping for position","slower cars ahead, the class leader's in this group, these guys are scrapping for position"
\voice\multiclass\slower_cars_fighting_ahead_inc_class_leader,5.wav,"slower cars ahead, these guys are slugging it out for position, the class leader's in this group","slower cars ahead, these guys are slugging it out for position, the class leader's in this group","slower cars ahead, these guys are slugging it out for position, the class leader's in this group"
\voice\multiclass\tc1,64.wav,TC1,TC1,TC1
\voice\multiclass\tc1,65.wav,TC1,TC1,TC1
\voice\multiclass\tc1,66.wav,TC1,TC1,TC1
\voice\multiclass\tc1_runners,28.wav,TC1 cars,TC1 cars,TC1 cars
\voice\multiclass\tc1_runners,29.wav,TC1 class cars,TC1 class cars,TC1 class cars
\voice\multiclass\tc1_runners,30.wav,TC1 runners,TC1 runners,TC1 runners
\voice\multiclass\tc2,67.wav,TC2,TC2,TC2
\voice\multiclass\tc2,68.wav,TC2,TC2,TC2
\voice\multiclass\tc2,69.wav,TC2,TC2,TC2
\voice\multiclass\tc2_runners,7.wav,TC2 cars,TC2 cars,TC2 cars
\voice\multiclass\tc2_runners,8.wav,TC2 runners,TC2 runners,TC2 runners
\voice\multiclass\tc2_runners,9.wav,TC2 class cars,TC2 class cars,TC2 class cars
\voice\multiclass\you_are_being_caught_by_the,1.wav,you're being caught by the,you're being caught by the,you're being caught by the
\voice\multiclass\you_are_being_caught_by_the,2.wav,you're being caught by the,you're being caught by the,you're being caught by the
\voice\multiclass\you_are_being_caught_by_the,3.wav,here come the,here come the,here come the
\voice\multiclass\you_are_being_caught_by_the,4.wav,here come the,here come the,here come the
\voice\multiclass\you_are_being_caught_by_the,5.wav,you're being caught by the,you're being caught by the,you're being caught by the
\voice\multiclass\you_are_being_caught_by_the,6.wav,here come the,here come the,here come the
\voice\multiclass\you_are_being_caught_by_the,7.wav,here come the,here come the,here come the
\voice\multiclass\you_are_being_caught_by_the,8.wav,you're being caught by the,you're being caught by the,you're being caught by the
\voice\multiclass\you_are_being_caught_by_the_faster_cars,1.wav,you're being caught by the faster class cars,you're being caught by the faster class cars,you're being caught by the faster class cars
\voice\multiclass\you_are_being_caught_by_the_faster_cars,2.wav,you're being caught by the faster class,you're being caught by the faster class,you're being caught by the faster class
\voice\multiclass\you_are_being_caught_by_the_faster_cars,3.wav,the faster class cars are catching you up,the faster class cars are catching you up,the faster class cars are catching you up
\voice\multiclass\you_are_being_caught_by_the_faster_cars,4.wav,the faster class cars are catching,the faster class cars are catching,the faster class cars are catching
\voice\multiclass\you_are_being_caught_by_the_faster_cars,5.wav,you're being caught by the faster class cars,you're being caught by the faster class cars,you're being caught by the faster class cars
\voice\multiclass\you_are_catching_the,1.wav,you're catching the,you're catching the,you're catching the
\voice\multiclass\you_are_catching_the,2.wav,you're catching the,you're catching the,you're catching the
\voice\multiclass\you_are_catching_the,3.wav,you're coming up on the,you're coming up on the,you're coming up on the
\voice\multiclass\you_are_catching_the,4.wav,you're coming up on the,you're coming up on the,you're coming up on the
\voice\multiclass\you_are_catching_the,5.wav,you're catching the,you're catching the,you're catching the
\voice\multiclass\you_are_catching_the,6.wav,you're coming up on the,you're coming up on the,you're coming up on the
\voice\multiclass\you_are_catching_the,7.wav,you're approaching the,you're approaching the,you're approaching the
\voice\multiclass\you_are_catching_the,8.wav,you're catching the,you're catching the,you're catching the
\voice\multiclass\you_are_catching_the_slower_cars,1.wav,you're catching the slower cars now,you're catching the slower cars now,you're catching the slower cars now
\voice\multiclass\you_are_catching_the_slower_cars,2.wav,you're catching up with the slower class cars,you're catching up with the slower class cars,you're catching up with the slower class cars
\voice\multiclass\you_are_catching_the_slower_cars,3.wav,you're catching the slower class cars,you're catching the slower class cars,you're catching the slower class cars
\voice\multiclass\you_are_catching_the_slower_cars,4.wav,you're catching the slower cars,you're catching the slower cars,you're catching the slower cars
\voice\multiclass\you_are_catching_the_slower_cars,5.wav,you're catching the slower class cars,you're catching the slower class cars,you're catching the slower class cars
\voice\multiclass\you_are_catching_the_slower_cars,6.wav,you're catching up with the slower class cars now,you're catching up with the slower class cars now,you're catching up with the slower class cars now
\voice\multiclass\you_are_catching_the_slower_cars,7.wav,you're catching up with the slower class cars,you're catching up with the slower class cars,you're catching up with the slower class cars
\voice\overtaking_aids\a_few_tenths_off_drs_range,1.wav,a few more tenths and we'll be in DRS range,a few more tenths and we'll be in DRS range,a few more tenths and we'll be in DRS range
\voice\overtaking_aids\a_few_tenths_off_drs_range,2.wav,just a few more tenths for DRS range,just a few more tenths for DRS range,just a few more tenths for DRS range
\voice\overtaking_aids\a_few_tenths_off_drs_range,3.wav,we need to be a few tenths closer for DRS,we need to be a few tenths closer for DRS,we need to be a few tenths closer for DRS
\voice\overtaking_aids\a_second_off_drs_range,1.wav,we need to be a second closer for DRS,we need to be a second closer for DRS,we need to be a second closer for DRS
\voice\overtaking_aids\a_second_off_drs_range,2.wav,we need to close up a second for DRS,we need to close up a second for DRS,we need to close up a second for DRS
\voice\overtaking_aids\a_second_off_drs_range,3.wav,we're about a second outside of DRS range,we're about a second outside of DRS range,we're about a second outside of DRS range
\voice\overtaking_aids\activations_remaining,1.wav,activations remaining,activations remaining,activations remaining
\voice\overtaking_aids\activations_remaining,2.wav,activations left,activations left,activations left
\voice\overtaking_aids\activations_remaining,3.wav,activations left,activations left,activations left
\voice\overtaking_aids\dont_forget_drs,1.wav,don't forget to use your DRS,don't forget to use your DRS,don't forget to use your DRS
\voice\overtaking_aids\dont_forget_drs,2.wav,don't forget your DRS,don't forget your DRS,don't forget your DRS
\voice\overtaking_aids\dont_forget_drs,3.wav,use your DRS when it's available,use your DRS when it's available,use your DRS when it's available
\voice\overtaking_aids\drs_disabled,1.wav,the race director has disabled DRS,the race director has disabled DRS,the race director has disabled DRS
\voice\overtaking_aids\drs_disabled,2.wav,DRS is now disabled,DRS is now disabled,DRS is now disabled
\voice\overtaking_aids\drs_disabled,3.wav,DRS is disabled,DRS is disabled,DRS is disabled
\voice\overtaking_aids\drs_disabled,4.wav,DRS is no longer available,DRS is no longer available,DRS is no longer available
\voice\overtaking_aids\drs_disabled,5.wav,DRS has been disabled,DRS has been disabled,DRS has been disabled
\voice\overtaking_aids\drs_enabled,1.wav,DRS is now available,DRS is now available,DRS is now available
\voice\overtaking_aids\drs_enabled,2.wav,the race director has enabled DRS,the race director has enabled DRS,the race director has enabled DRS
\voice\overtaking_aids\drs_enabled,3.wav,DRS has been enabled,DRS has been enabled,DRS has been enabled
\voice\overtaking_aids\drs_enabled,4.wav,DRS is enabled,DRS is enabled,DRS is enabled
\voice\overtaking_aids\drs_enabled,5.wav,DRS is now available,DRS is now available,DRS is now available
\voice\overtaking_aids\five_ptp_activations_remaining,1.wav,you've got 5 push to pass activations left,you've got 5 push to pass activations left,you've got 5 push to pass activations left
\voice\overtaking_aids\five_ptp_activations_remaining,2.wav,5 push to pass activations left,5 push to pass activations left,5 push to pass activations left
\voice\overtaking_aids\five_ptp_activations_remaining,3.wav,5 push to pass activations remaining,5 push to pass activations remaining,5 push to pass activations remaining
\voice\overtaking_aids\five_ptp_activations_remaining,4.wav,that's 5 push to pass activations left,that's 5 push to pass activations left,that's 5 push to pass activations left
\voice\overtaking_aids\guy_behind_has_drs,1.wav,this car will now have DRS,this car will now have DRS,this car will now have DRS
\voice\overtaking_aids\guy_behind_has_drs,1_male.wav,this guy will now have DRS,this guy will now have DRS,this guy will now have DRS
\voice\overtaking_aids\guy_behind_has_drs,2.wav,this car's in DRS range,this car's in DRS range,this car's in DRS range
\voice\overtaking_aids\guy_behind_has_drs,2_male.wav,this guy's in DRS range,this guy's in DRS range,this guy's in DRS range
\voice\overtaking_aids\guy_behind_has_drs,3.wav,the car behind has now got DRS,the car behind has now got DRS,the car behind has now got DRS
\voice\overtaking_aids\guy_behind_has_drs,3_male.wav,the guy behind has now got DRS,the guy behind has now got DRS,the guy behind has now got DRS
\voice\overtaking_aids\no_activations_remaining,1.wav,no more push-to-pass activations remaining,no more push-to-pass activations remaining,no more push-to-pass activations remaining
\voice\overtaking_aids\no_activations_remaining,2.wav,you got no more push-to-pass,you got no more push-to-pass,you got no more push-to-pass
\voice\overtaking_aids\no_activations_remaining,3.wav,no more push-to-pass activations,no more push-to-pass activations,no more push-to-pass activations
\voice\overtaking_aids\one_activation_remaining,1.wav,you got one more push-to-pass,you got one more push-to-pass,you got one more push-to-pass
\voice\overtaking_aids\one_activation_remaining,2.wav,one more push-to-pass activation,one more push-to-pass activation,one more push-to-pass activation
\voice\overtaking_aids\one_activation_remaining,3.wav,one activation remaining,one activation remaining,one activation remaining
\voice\overtaking_aids\push_to_pass_now_available,1.wav,"okay, push-to-pass is now available","okay, push-to-pass is now available","okay, push-to-pass is now available"
\voice\overtaking_aids\push_to_pass_now_available,2.wav,push-to-pass is available,push-to-pass is available,push-to-pass is available
\voice\overtaking_aids\push_to_pass_now_available,3.wav,push-to-pass is now available,push-to-pass is now available,push-to-pass is now available
\voice\overtaking_aids\remember_to_use_ptp,1.wav,remember to use your push-to-pass allocation,remember to use your push-to-pass allocation,remember to use your push-to-pass allocation
\voice\overtaking_aids\remember_to_use_ptp,2.wav,don't forget your push-to-pass,don't forget your push-to-pass,don't forget your push-to-pass
\voice\overtaking_aids\remember_to_use_ptp,3.wav,"remember, use your push-to-pass allocation","remember, use your push-to-pass allocation","remember, use your push-to-pass allocation"
\voice\overtaking_aids\remember_to_use_ptp,4.wav,remember to use your push-to-pass allocation,remember to use your push-to-pass allocation,remember to use your push-to-pass allocation
\voice\overtaking_aids\remember_to_use_ptp,5.wav,don't forget your push-to-pass allocation,don't forget your push-to-pass allocation,don't forget your push-to-pass allocation
\voice\overtaking_aids\remember_to_use_ptp,6.wav,don't forget push-to-pass,don't forget push-to-pass,don't forget push-to-pass
\voice\overtaking_aids\remember_to_use_ptp,7.wav,"remember, use your push-to-pass","remember, use your push-to-pass","remember, use your push-to-pass"
\voice\overtaking_aids\ten_ptp_activations_remaining,1.wav,you've got 10 push to pass activations left,you've got 10 push to pass activations left,you've got 10 push to pass activations left
\voice\overtaking_aids\ten_ptp_activations_remaining,2.wav,10 push to pass activations left,10 push to pass activations left,10 push to pass activations left
\voice\overtaking_aids\ten_ptp_activations_remaining,3.wav,10 push to pass activations remaining,10 push to pass activations remaining,10 push to pass activations remaining
\voice\overtaking_aids\ten_ptp_activations_remaining,4.wav,that's 10 push to pass activations left,that's 10 push to pass activations left,that's 10 push to pass activations left
\voice\overtaking_aids\three_ptp_activations_remaining,1.wav,3 push to pass activations left,3 push to pass activations left,3 push to pass activations left
\voice\overtaking_aids\three_ptp_activations_remaining,2.wav,3 push to pass activations remaining,3 push to pass activations remaining,3 push to pass activations remaining
\voice\overtaking_aids\three_ptp_activations_remaining,3.wav,we have 3 push to pass activations left,we have 3 push to pass activations left,we have 3 push to pass activations left
\voice\overtaking_aids\three_ptp_activations_remaining,4.wav,3 push to pass activations remaining,3 push to pass activations remaining,3 push to pass activations remaining
\voice\strategy\a_few_seconds_ahead_of,1.wav,a few seconds ahead of,a few seconds ahead of,a few seconds ahead of
\voice\strategy\a_few_seconds_ahead_of,2.wav,a few seconds in front of,a few seconds in front of,a few seconds in front of
\voice\strategy\a_few_seconds_ahead_of,3.wav,a few seconds ahead of,a few seconds ahead of,a few seconds ahead of
\voice\strategy\a_few_seconds_ahead_of,4.wav,a few seconds in front of,a few seconds in front of,a few seconds in front of
\voice\strategy\a_few_seconds_ahead_of,5.wav,a few seconds in front of,a few seconds in front of,a few seconds in front of
\voice\strategy\a_few_seconds_behind,1.wav,a few seconds behind,a few seconds behind,a few seconds behind
\voice\strategy\a_few_seconds_behind,2.wav,a few seconds behind,a few seconds behind,a few seconds behind
\voice\strategy\a_few_seconds_behind,3.wav,a few seconds behind,a few seconds behind,a few seconds behind
\voice\strategy\a_few_seconds_behind,4.wav,a few seconds behind,a few seconds behind,a few seconds behind
\voice\strategy\a_few_seconds_behind,5.wav,a few seconds behind,a few seconds behind,a few seconds behind
\voice\strategy\a_pitstop_costs_us_about,1_op_prefix_ok.wav,looks like a pit stop costs us about,looks like a pit stop costs us about,looks like a pit stop costs us about
\voice\strategy\a_pitstop_costs_us_about,2.wav,it looks like pitting will lose us about,it looks like pitting will lose us about,it looks like pitting will lose us about
\voice\strategy\a_pitstop_costs_us_about,3_op_prefix_ok.wav,a pit stop will cost us,a pit stop will cost us,a pit stop will cost us
\voice\strategy\a_pitstop_costs_us_about,4.wav,we think a pit stop costs us,we think a pit stop costs us,we think a pit stop costs us
\voice\strategy\a_pitstop_costs_us_about,5.wav,we think a pit stop costs about,we think a pit stop costs about,we think a pit stop costs about
\voice\strategy\a_pitstop_costs_us_about,6_op_prefix_ok.wav,a pit stop will lose us about,a pit stop will lose us about,a pit stop will lose us about
\voice\strategy\acknowledge_time_pitstop,1.wav,"okay, we'll time this stop","okay, we'll time this stop","okay, we'll time this stop"
\voice\strategy\acknowledge_time_pitstop,1_op_suffix_please.wav,"this'll be our benchmark pit stop, race pace on the in-lap and the out-lap","this'll be our benchmark pit stop, race pace on the in-lap and the out-lap","this'll be our benchmark pit stop, race pace on the in-lap and the out-lap"
\voice\strategy\acknowledge_time_pitstop,2.wav,"okay, we'll use this stop as a benchmark","okay, we'll use this stop as a benchmark","okay, we'll use this stop as a benchmark"
\voice\strategy\acknowledge_time_pitstop,2_op_prefix_ok.wav,"this is our benchmark stop, we'll be timing the in-lap and the out-lap, race pace","this is our benchmark stop, we'll be timing the in-lap and the out-lap, race pace","this is our benchmark stop, we'll be timing the in-lap and the out-lap, race pace"
\voice\strategy\acknowledge_time_pitstop,3.wav,"okay, this is our benchmark stop, race pace until sector 2","okay, this is our benchmark stop, race pace until sector 2","okay, this is our benchmark stop, race pace until sector 2"
\voice\strategy\acknowledge_time_pitstop,3_op_prefix_ok.wav,"we need race pace on the in-lap and the out-lap, this'll be our benchmark","we need race pace on the in-lap and the out-lap, this'll be our benchmark","we need race pace on the in-lap and the out-lap, this'll be our benchmark"
\voice\strategy\acknowledge_time_pitstop,4.wav,"okay, race pace on the outlap until sector 2, this'll be our benchmark stop","okay, race pace on the outlap until sector 2, this'll be our benchmark stop","okay, race pace on the outlap until sector 2, this'll be our benchmark stop"
\voice\strategy\acknowledge_time_pitstop,5.wav,"understood, we'll time this stop, use it as a benchmark","understood, we'll time this stop, use it as a benchmark","understood, we'll time this stop, use it as a benchmark"
\voice\strategy\acknowledge_time_pitstop,5_op_suffix_please.wav,"this is our benchmark pit stop, we need race pace on the in-lap and the out-lap","this is our benchmark pit stop, we need race pace on the in-lap and the out-lap","this is our benchmark pit stop, we need race pace on the in-lap and the out-lap"
\voice\strategy\acknowledge_time_pitstop,6.wav,"acknowledged, we'll time this stop, race pace on the in-lap and out-lap until sector 2, please","acknowledged, we'll time this stop, race pace on the in-lap and out-lap until sector 2, please","acknowledged, we'll time this stop, race pace on the in-lap and out-lap until sector 2, please"
\voice\strategy\ahead_of,1.wav,ahead of,ahead of,ahead of
\voice\strategy\ahead_of,2.wav,in front of,in front of,in front of
\voice\strategy\ahead_of,3.wav,ahead of,ahead of,ahead of
\voice\strategy\ahead_of,4.wav,in front of,in front of,in front of
\voice\strategy\ahead_of,5.wav,ahead of,ahead of,ahead of
\voice\strategy\ahead_of,6.wav,in front of,in front of,in front of
\voice\strategy\and,1.wav,and,and,and
\voice\strategy\and,2.wav,and,and,and
\voice\strategy\and,3.wav,and,and,and
\voice\strategy\and,4.wav,and,and,and
\voice\strategy\and,5.wav,and,and,and
\voice\strategy\and,6.wav,and,and,and
\voice\strategy\and,7.wav,and,and,and
\voice\strategy\behind,1.wav,behind,behind,behind
\voice\strategy\behind,2.wav,behind,behind,behind
\voice\strategy\behind,3.wav,behind,behind,behind
\voice\strategy\behind,4.wav,behind,behind,behind
\voice\strategy\between,1.wav,in between,in between,in between
\voice\strategy\between,2.wav,between,between,between
\voice\strategy\between,3.wav,in between,in between,in between
\voice\strategy\between,4.wav,between,between,between
\voice\strategy\between,5.wav,between,between,between
\voice\strategy\between,6.wav,in between,in between,in between
\voice\strategy\between,7.wav,between,between,between
\voice\strategy\close_between,1.wav,really close to,really close to,really close to
\voice\strategy\close_between,2.wav,right with,right with,right with
\voice\strategy\close_between,3.wav,really close to,really close to,really close to
\voice\strategy\close_between,4.wav,close between,close between,close between
\voice\strategy\close_between,5.wav,really close between,really close between,really close between
\voice\strategy\close_between,6.wav,right with,right with,right with
\voice\strategy\expect_clear_track_on_pit_exit,1.wav,expect a clear track on exit,expect a clear track on exit,expect a clear track on exit
\voice\strategy\expect_clear_track_on_pit_exit,2_op_prefix_ok.wav,you should be coming out into clear air,you should be coming out into clear air,you should be coming out into clear air
\voice\strategy\expect_clear_track_on_pit_exit,3_op_prefix_ok.wav,you should have plenty of space on the exit,you should have plenty of space on the exit,you should have plenty of space on the exit
\voice\strategy\expect_clear_track_on_pit_exit,4_op_prefix_ok.wav,we expect there'll be no traffic on exit,we expect there'll be no traffic on exit,we expect there'll be no traffic on exit
\voice\strategy\expect_clear_track_on_pit_exit,5.wav,we expect you'll be coming out of the pits into clear air,we expect you'll be coming out of the pits into clear air,we expect you'll be coming out of the pits into clear air
\voice\strategy\expect_clear_track_on_pit_exit,6.wav,we think you'll be exiting the pits into clear air,we think you'll be exiting the pits into clear air,we think you'll be exiting the pits into clear air
\voice\strategy\expect_clear_track_on_pit_exit,7.wav,we don't expect any traffic on the pit exit,we don't expect any traffic on the pit exit,we don't expect any traffic on the pit exit
\voice\strategy\expect_traffic_on_pit_exit,1_op_prefix_ok.wav,expect traffic when you exit the pits,expect traffic when you exit the pits,expect traffic when you exit the pits
\voice\strategy\expect_traffic_on_pit_exit,2.wav,there'll be traffic on the exit,there'll be traffic on the exit,there'll be traffic on the exit
\voice\strategy\expect_traffic_on_pit_exit,3_op_prefix_ok.wav,you'll be coming out into traffic,you'll be coming out into traffic,you'll be coming out into traffic
\voice\strategy\expect_traffic_on_pit_exit,4.wav,there'll be traffic when you exit the pits,there'll be traffic when you exit the pits,there'll be traffic when you exit the pits
\voice\strategy\expect_traffic_on_pit_exit,5.wav,there'll be traffic on the exit,there'll be traffic on the exit,there'll be traffic on the exit
\voice\strategy\expect_traffic_on_pit_exit,6.wav,there'll be traffic when you exit the pits,there'll be traffic when you exit the pits,there'll be traffic when you exit the pits
\voice\strategy\expect_traffic_on_pit_exit,7_op_prefix_ok.wav,expect traffic on exit,expect traffic on exit,expect traffic on exit
\voice\strategy\expect_traffic_on_pit_exit,8_op_prefix_ok.wav,expect traffic when you come out,expect traffic when you come out,expect traffic when you come out
\voice\strategy\he_will_come_out_just_behind,1.wav,we think he'll come out just behind you,we think he'll come out just behind you,we think he'll come out just behind you
\voice\strategy\he_will_come_out_just_behind,2.wav,we think he'll come out just behind you,we think he'll come out just behind you,we think he'll come out just behind you
\voice\strategy\he_will_come_out_just_behind,3.wav,we think he'll come out a little way behind you,we think he'll come out a little way behind you,we think he'll come out a little way behind you
\voice\strategy\he_will_come_out_just_behind,4.wav,it looks like he'll come out just behind you,it looks like he'll come out just behind you,it looks like he'll come out just behind you
\voice\strategy\he_will_come_out_just_behind,5.wav,he should come out a little way behind you,he should come out a little way behind you,he should come out a little way behind you
\voice\strategy\he_will_come_out_just_behind,6.wav,expect him to come out a bit behind you,expect him to come out a bit behind you,expect him to come out a bit behind you
\voice\strategy\he_will_come_out_just_behind,7.wav,he should be a little bit behind when he comes out,he should be a little bit behind when he comes out,he should be a little bit behind when he comes out
\voice\strategy\he_will_come_out_just_in_front,1.wav,we think he'll come out just in front of you,we think he'll come out just in front of you,we think he'll come out just in front of you
\voice\strategy\he_will_come_out_just_in_front,2.wav,we think he'll come out just in front,we think he'll come out just in front,we think he'll come out just in front
\voice\strategy\he_will_come_out_just_in_front,3.wav,looks like he'll come out just in front of you,looks like he'll come out just in front of you,looks like he'll come out just in front of you
\voice\strategy\he_will_come_out_just_in_front,4.wav,he should come out just in front of you,he should come out just in front of you,he should come out just in front of you
\voice\strategy\he_will_come_out_just_in_front,5.wav,he should come out close in front of you,he should come out close in front of you,he should come out close in front of you
\voice\strategy\he_will_come_out_just_in_front,6.wav,we think he'll come out close in front,we think he'll come out close in front,we think he'll come out close in front
\voice\strategy\he_will_come_out_just_in_front,7.wav,we think he'll be close in front of you when he exits,we think he'll be close in front of you when he exits,we think he'll be close in front of you when he exits
\voice\strategy\is_pitting_from_position,1.wav,is pitting from P,is pitting from P,is pitting from P
\voice\strategy\is_pitting_from_position,2.wav,is pitting from position,is pitting from position,is pitting from position
\voice\strategy\is_pitting_from_position,3.wav,"is entering the pits, he's in P","is entering the pits, he's in P","is entering the pits, he's in P"
\voice\strategy\is_pitting_from_position,4.wav,is pitting from position,is pitting from position,is pitting from position
\voice\strategy\is_pitting_from_position,5.wav,is pitting from P,is pitting from P,is pitting from P
\voice\strategy\just_ahead_of,1.wav,just in front of,just in front of,just in front of
\voice\strategy\just_ahead_of,2.wav,just ahead of,just ahead of,just ahead of
\voice\strategy\just_ahead_of,3.wav,right ahead of,right ahead of,right ahead of
\voice\strategy\just_ahead_of,4.wav,just in front of,just in front of,just in front of
\voice\strategy\just_ahead_of,5.wav,just ahead of,just ahead of,just ahead of
\voice\strategy\just_ahead_of,6.wav,right in front of,right in front of,right in front of
\voice\strategy\just_ahead_of,7.wav,right ahead of,right ahead of,right ahead of
\voice\strategy\just_behind,1.wav,just behind,just behind,just behind
\voice\strategy\just_behind,2.wav,right behind,right behind,right behind
\voice\strategy\just_behind,3.wav,immediately behind,immediately behind,immediately behind
\voice\strategy\just_behind,4.wav,just behind,just behind,just behind
\voice\strategy\just_behind,5.wav,right behind,right behind,right behind
\voice\strategy\just_behind,6.wav,right behind,right behind,right behind
\voice\strategy\just_behind,7.wav,just behind,just behind,just behind
\voice\strategy\just_behind,8.wav,immediately behind,immediately behind,immediately behind
\voice\strategy\set_benchmark_laptime_first,1.wav,we need to set a decent lap first,we need to set a decent lap first,we need to set a decent lap first
\voice\strategy\set_benchmark_laptime_first,2.wav,we need to set a benchmark lap time first,we need to set a benchmark lap time first,we need to set a benchmark lap time first
\voice\strategy\set_benchmark_laptime_first,3.wav,we need to set some laptimes first,we need to set some laptimes first,we need to set some laptimes first
\voice\strategy\we_are_sharing_our_pit_box_with,1.wav,we are sharing our pit box with,we are sharing our pit box with,we are sharing our pit box with
\voice\strategy\we_are_sharing_our_pit_box_with,2.wav,we are sharing our pit box with,we are sharing our pit box with,we are sharing our pit box with
\voice\strategy\we_are_sharing_our_pit_box_with,3.wav,we are sharing our pit box with,we are sharing our pit box with,we are sharing our pit box with
\voice\strategy\we_are_sharing_our_pit_box_with,4.wav,we are sharing our pit box with,we are sharing our pit box with,we are sharing our pit box with
\voice\strategy\we_should_emerge_in_position,1.wav,we should come out into position,we should come out into position,we should come out into position
\voice\strategy\we_should_emerge_in_position,2.wav,when we exit the pits we'll be in P,when we exit the pits we'll be in P,when we exit the pits we'll be in P
\voice\strategy\we_should_emerge_in_position,3.wav,when we leave the pits we think we'll be in P,when we leave the pits we think we'll be in P,when we leave the pits we think we'll be in P
\voice\strategy\we_should_emerge_in_position,4.wav,when we exit the pits we should be in P,when we exit the pits we should be in P,when we exit the pits we should be in P
\voice\strategy\we_should_emerge_in_position,5.wav,when we exit the pits we should be in position,when we exit the pits we should be in position,when we exit the pits we should be in position
\voice\strategy\we_should_emerge_in_position,6.wav,we expect to exit the pits in position,we expect to exit the pits in position,we expect to exit the pits in position
\voice\strategy\we_should_emerge_in_position,7.wav,on exit we should be in position,on exit we should be in position,on exit we should be in position
\voice\strategy\will_calculate_time_loss_from_next_lap,1.wav,we'll calculate your time loss from your next flying lap,we'll calculate your time loss from your next flying lap,we'll calculate your time loss from your next flying lap
\voice\strategy\will_calculate_time_loss_from_next_lap,2.wav,we'll calculate the time loss based on your next flying lap,we'll calculate the time loss based on your next flying lap,we'll calculate the time loss based on your next flying lap
\voice\strategy\will_calculate_time_loss_from_next_lap,3.wav,we'll work out the time loss based on your next flying lap,we'll work out the time loss based on your next flying lap,we'll work out the time loss based on your next flying lap
\voice\watched_opponents\acknowledge_no_way_to_refer_to_driver,1.wav,we've got no car number or name for that driver,we've got no car number or name for that driver,we've got no car number or name for that driver
\voice\watched_opponents\acknowledge_no_way_to_refer_to_driver,2.wav,we've got no car number or name to refer to that driver,we've got no car number or name to refer to that driver,we've got no car number or name to refer to that driver
\voice\watched_opponents\acknowledge_no_way_to_refer_to_driver,3.wav,we have no car number or name to refer to him,we have no car number or name to refer to him,we have no car number or name to refer to him
\voice\watched_opponents\acknowledge_no_way_to_refer_to_driver,4.wav,we don't know his name or his car number,we don't know his name or his car number,we don't know his name or his car number
\voice\watched_opponents\acknowledge_no_way_to_refer_to_driver,5.wav,we've no car number or name for that guy,we've no car number or name for that guy,we've no car number or name for that guy
\voice\watched_opponents\acknowledge_stop_watching_all,1.wav,"acknowledged, we'll stop monitoring","acknowledged, we'll stop monitoring","acknowledged, we'll stop monitoring"
\voice\watched_opponents\acknowledge_stop_watching_all,2.wav,"understood, we'll stop all monitoring","understood, we'll stop all monitoring","understood, we'll stop all monitoring"
\voice\watched_opponents\acknowledge_stop_watching_all,3.wav,"understood, no more monitoring","understood, no more monitoring","understood, no more monitoring"
\voice\watched_opponents\acknowledge_stop_watching_all,4.wav,"acknowledged, no more monitoring","acknowledged, no more monitoring","acknowledged, no more monitoring"
\voice\watched_opponents\acknowledge_stop_watching_all,5.wav,"OK, we'll stop monitoring","OK, we'll stop monitoring","OK, we'll stop monitoring"
\voice\watched_opponents\acknowledge_stop_watching_car_number,1.wav,"OK, we'll stop monitoring car number","OK, we'll stop monitoring car number","OK, we'll stop monitoring car number"
\voice\watched_opponents\acknowledge_stop_watching_car_number,2.wav,"understood, no more monitoring of car number","understood, no more monitoring of car number","understood, no more monitoring of car number"
\voice\watched_opponents\acknowledge_stop_watching_car_number,3.wav,"acknowledged, we'll stop monitoring car number","acknowledged, we'll stop monitoring car number","acknowledged, we'll stop monitoring car number"
\voice\watched_opponents\acknowledge_stop_watching_car_number,4.wav,"OK, we'll stop monitoring car number","OK, we'll stop monitoring car number","OK, we'll stop monitoring car number"
\voice\watched_opponents\acknowledge_stop_watching_car_number,5.wav,"understood, we won't watch car number","understood, we won't watch car number","understood, we won't watch car number"
\voice\watched_opponents\acknowledge_stop_watching_driver_name,1.wav,"acknowledged, we'll stop monitoring","acknowledged, we'll stop monitoring","acknowledged, we'll stop monitoring"
\voice\watched_opponents\acknowledge_stop_watching_driver_name,2.wav,"OK, no more monitoring calls for","OK, no more monitoring calls for","OK, no more monitoring calls for"
\voice\watched_opponents\acknowledge_stop_watching_driver_name,3.wav,"understood, we won't watch","understood, we won't watch","understood, we won't watch"
\voice\watched_opponents\acknowledge_stop_watching_driver_name,4.wav,"OK, no more monitoring of","OK, no more monitoring of","OK, no more monitoring of"
\voice\watched_opponents\acknowledge_stop_watching_driver_name,5.wav,"understood, we'll stop monitoring","understood, we'll stop monitoring","understood, we'll stop monitoring"
\voice\watched_opponents\acknowledge_stop_watching_rival,1.wav,"understood, we'll stop monitoring our rival","understood, we'll stop monitoring our rival","understood, we'll stop monitoring our rival"
\voice\watched_opponents\acknowledge_stop_watching_rival,2.wav,"acknowledged, we'll stop monitoring our rival","acknowledged, we'll stop monitoring our rival","acknowledged, we'll stop monitoring our rival"
\voice\watched_opponents\acknowledge_stop_watching_rival,3.wav,"OK, no more monitoring of our rival","OK, no more monitoring of our rival","OK, no more monitoring of our rival"
\voice\watched_opponents\acknowledge_stop_watching_rival,4.wav,"OK, we'll stop watching our rival","OK, we'll stop watching our rival","OK, we'll stop watching our rival"
\voice\watched_opponents\acknowledge_stop_watching_rival,5.wav,"understood, we'll stop watching this rival","understood, we'll stop watching this rival","understood, we'll stop watching this rival"
\voice\watched_opponents\acknowledge_stop_watching_team_mate,1.wav,"understood, we'll stop watching our teammate","understood, we'll stop watching our teammate","understood, we'll stop watching our teammate"
\voice\watched_opponents\acknowledge_stop_watching_team_mate,2.wav,"acknowledged, no more monitoring of our teammate","acknowledged, no more monitoring of our teammate","acknowledged, no more monitoring of our teammate"
\voice\watched_opponents\acknowledge_stop_watching_team_mate,3.wav,"OK, we'll stop monitoring our teammate","OK, we'll stop monitoring our teammate","OK, we'll stop monitoring our teammate"
\voice\watched_opponents\acknowledge_stop_watching_team_mate,4.wav,"understood, we'll stop watching our teammate","understood, we'll stop watching our teammate","understood, we'll stop watching our teammate"
\voice\watched_opponents\acknowledge_stop_watching_team_mate,5.wav,"OK, no more monitoring of our teammate","OK, no more monitoring of our teammate","OK, no more monitoring of our teammate"
\voice\watched_opponents\acknowledge_unknown_driver,1.wav,we don't know who that guy is,we don't know who that guy is,we don't know who that guy is
\voice\watched_opponents\acknowledge_unknown_driver,2.wav,"sorry, we don't know who he is","sorry, we don't know who he is","sorry, we don't know who he is"
\voice\watched_opponents\acknowledge_unknown_driver,3.wav,"sorry, we don't know who that driver is","sorry, we don't know who that driver is","sorry, we don't know who that driver is"
\voice\watched_opponents\acknowledge_unknown_driver,4.wav,we don't know who that driver is,we don't know who that driver is,we don't know who that driver is
\voice\watched_opponents\acknowledge_unknown_driver,5.wav,don't know who that guy is,don't know who that guy is,don't know who that guy is
\voice\watched_opponents\acknowledge_watch_rival,1.wav,"understood, we'll watch this guy, he's our rival","understood, we'll watch this guy, he's our rival","understood, we'll watch this guy, he's our rival"
\voice\watched_opponents\acknowledge_watch_rival,2.wav,"understood, this guy's our rival, we'll watch him","understood, this guy's our rival, we'll watch him","understood, this guy's our rival, we'll watch him"
\voice\watched_opponents\acknowledge_watch_rival,3.wav,"understood, we'll monitor this guy as a rival","understood, we'll monitor this guy as a rival","understood, we'll monitor this guy as a rival"
\voice\watched_opponents\acknowledge_watch_rival,4.wav,"acknowledged, this guy's our rival, we'll monitor him","acknowledged, this guy's our rival, we'll monitor him","acknowledged, this guy's our rival, we'll monitor him"
\voice\watched_opponents\acknowledge_watch_rival,5.wav,"understood, this guy's a rival, we'll watch him","understood, this guy's a rival, we'll watch him","understood, this guy's a rival, we'll watch him"
\voice\watched_opponents\acknowledge_watch_team_mate,1.wav,"understood, we'll watch this guy as our teammate","understood, we'll watch this guy as our teammate","understood, we'll watch this guy as our teammate"
\voice\watched_opponents\acknowledge_watch_team_mate,2.wav,"acknowledged, we'll monitor this guy as our teammate","acknowledged, we'll monitor this guy as our teammate","acknowledged, we'll monitor this guy as our teammate"
\voice\watched_opponents\acknowledge_watch_team_mate,3.wav,"understood, this guy's out teammate, we'll monitor him","understood, this guy's out teammate, we'll monitor him","understood, this guy's out teammate, we'll monitor him"
\voice\watched_opponents\acknowledge_watch_team_mate,4.wav,"acknowledged, we'll watch our teammate","acknowledged, we'll watch our teammate","acknowledged, we'll watch our teammate"
\voice\watched_opponents\acknowledge_watch_team_mate,5.wav,"understood, we'll watch this guy as our teammate","understood, we'll watch this guy as our teammate","understood, we'll watch this guy as our teammate"
\voice\watched_opponents\acknowledge_watch_with_car_number,1.wav,"acknowledged, we'll monitor car number","acknowledged, we'll monitor car number","acknowledged, we'll monitor car number"
\voice\watched_opponents\acknowledge_watch_with_car_number,2.wav,"understood, we'll watch car number","understood, we'll watch car number","understood, we'll watch car number"
\voice\watched_opponents\acknowledge_watch_with_car_number,3.wav,"OK, we'll watch car number","OK, we'll watch car number","OK, we'll watch car number"
\voice\watched_opponents\acknowledge_watch_with_car_number,4.wav,"understood, we'll watch car number","understood, we'll watch car number","understood, we'll watch car number"
\voice\watched_opponents\acknowledge_watch_with_car_number,5.wav,"understood, we'll monitor car number","understood, we'll monitor car number","understood, we'll monitor car number"
\voice\watched_opponents\acknowledge_we_will_watch,1.wav,"acknowledged, we're now watching","acknowledged, we're now watching","acknowledged, we're now watching"
\voice\watched_opponents\acknowledge_we_will_watch,2.wav,"OK, we'll watch","OK, we'll watch","OK, we'll watch"
\voice\watched_opponents\acknowledge_we_will_watch,3.wav,"understood, we'll tell you about","understood, we'll tell you about","understood, we'll tell you about"
\voice\watched_opponents\acknowledge_we_will_watch,4.wav,"OK, we'll tell you about","OK, we'll tell you about","OK, we'll tell you about"
\voice\watched_opponents\acknowledge_we_will_watch,5.wav,"understood, we'll monitor","understood, we'll monitor","understood, we'll monitor"
\voice\watched_opponents\has_just_done_a,1.wav,has just done a,has just done a,has just done a
\voice\watched_opponents\has_just_done_a,2.wav,has just posted a,has just posted a,has just posted a
\voice\watched_opponents\has_just_done_a,3.wav,has just done a,has just done a,has just done a
\voice\watched_opponents\has_just_done_a,4.wav,has just done a,has just done a,has just done a
\voice\watched_opponents\has_just_done_a,5.wav,has just posted a,has just posted a,has just posted a
\voice\watched_opponents\is_in_position,1.wav,is in position,is in position,is in position
\voice\watched_opponents\is_in_position,2.wav,is in position,is in position,is in position
\voice\watched_opponents\is_in_position,3.wav,is in position,is in position,is in position
\voice\watched_opponents\is_in_position,4.wav,is in position,is in position,is in position
\voice\watched_opponents\is_in_position,5.wav,is in position,is in position,is in position
\voice\watched_opponents\is_leaving_pits,1.wav,is leaving the pits,is leaving the pits,is leaving the pits
\voice\watched_opponents\is_leaving_pits,2.wav,is leaving the pits,is leaving the pits,is leaving the pits
\voice\watched_opponents\is_leaving_pits,3.wav,is exiting the pit,is exiting the pit,is exiting the pit
\voice\watched_opponents\is_leaving_pits,4.wav,is exiting the pits,is exiting the pits,is exiting the pits
\voice\watched_opponents\is_leaving_pits,5.wav,is leaving the pits,is leaving the pits,is leaving the pits
\voice\watched_opponents\is_now_in_position,1.wav,is now in position,is now in position,is now in position
\voice\watched_opponents\is_now_in_position,2.wav,is now in position,is now in position,is now in position
\voice\watched_opponents\is_now_in_position,3.wav,is now in position,is now in position,is now in position
\voice\watched_opponents\is_now_in_position,4.wav,is now in position,is now in position,is now in position
\voice\watched_opponents\is_now_in_position,5.wav,is now in position,is now in position,is now in position
\voice\watched_opponents\rival_has_just_done_a,1.wav,your rival has just posted a,your rival has just posted a,your rival has just posted a
\voice\watched_opponents\rival_has_just_done_a,2.wav,you rival's lap time is a,you rival's lap time is a,you rival's lap time is a
\voice\watched_opponents\rival_has_just_done_a,3.wav,your rival has just done a,your rival has just done a,your rival has just done a
\voice\watched_opponents\rival_has_just_done_a,4.wav,your rival has just done a,your rival has just done a,your rival has just done a
\voice\watched_opponents\rival_has_just_done_a,5.wav,you rival has just posted a,you rival has just posted a,you rival has just posted a
\voice\watched_opponents\rival_is_leaving_pits,1.wav,your rival is leaving the pits,your rival is leaving the pits,your rival is leaving the pits
\voice\watched_opponents\rival_is_leaving_pits,2.wav,your rival's leaving the pits,your rival's leaving the pits,your rival's leaving the pits
\voice\watched_opponents\rival_is_leaving_pits,3.wav,your rival is exiting the pits,your rival is exiting the pits,your rival is exiting the pits
\voice\watched_opponents\rival_is_leaving_pits,4.wav,your rival's exiting the pits,your rival's exiting the pits,your rival's exiting the pits
\voice\watched_opponents\rival_is_leaving_pits,5.wav,your rival is leaving the pits,your rival is leaving the pits,your rival is leaving the pits
\voice\watched_opponents\rival_is_now_in_position,1.wav,your rival is now in position,your rival is now in position,your rival is now in position
\voice\watched_opponents\rival_is_now_in_position,2.wav,your rival is now in position,your rival is now in position,your rival is now in position
\voice\watched_opponents\rival_is_now_in_position,3.wav,your rival is now in position,your rival is now in position,your rival is now in position
\voice\watched_opponents\rival_is_now_in_position,4.wav,your rival's now in position,your rival's now in position,your rival's now in position
\voice\watched_opponents\rival_is_now_in_position,5.wav,your rival's now in position,your rival's now in position,your rival's now in position
\voice\watched_opponents\rival_pitting_from_position,1.wav,your rival is pitting from position,your rival is pitting from position,your rival is pitting from position
\voice\watched_opponents\rival_pitting_from_position,2.wav,your rival's pitting from position,your rival's pitting from position,your rival's pitting from position
\voice\watched_opponents\rival_pitting_from_position,3.wav,your rival is pitting from position,your rival is pitting from position,your rival is pitting from position
\voice\watched_opponents\rival_pitting_from_position,4.wav,your rival's pitting from position,your rival's pitting from position,your rival's pitting from position
\voice\watched_opponents\rival_pitting_from_position,5.wav,your rival is pitting from position,your rival is pitting from position,your rival is pitting from position
\voice\watched_opponents\team_mate_has_just_done_a,1.wav,your teammate's just posted a,your teammate's just posted a,your teammate's just posted a
\voice\watched_opponents\team_mate_has_just_done_a,2.wav,your teammate has just done a,your teammate has just done a,your teammate has just done a
\voice\watched_opponents\team_mate_has_just_done_a,3.wav,your teammate's just done a,your teammate's just done a,your teammate's just done a
\voice\watched_opponents\team_mate_has_just_done_a,4.wav,your teammate's just done a,your teammate's just done a,your teammate's just done a
\voice\watched_opponents\team_mate_has_just_done_a,5.wav,your teammate's just posted a,your teammate's just posted a,your teammate's just posted a
\voice\watched_opponents\team_mate_is_leaving_pits,1.wav,your teammate is leaving the pits,your teammate is leaving the pits,your teammate is leaving the pits
\voice\watched_opponents\team_mate_is_leaving_pits,2.wav,your teammate's leaving the pits,your teammate's leaving the pits,your teammate's leaving the pits
\voice\watched_opponents\team_mate_is_leaving_pits,3.wav,your teammate is leaving the pits,your teammate is leaving the pits,your teammate is leaving the pits
\voice\watched_opponents\team_mate_is_leaving_pits,4.wav,your teammate's leaving the pits,your teammate's leaving the pits,your teammate's leaving the pits
\voice\watched_opponents\team_mate_is_leaving_pits,5.wav,your teammate is leaving the pits,your teammate is leaving the pits,your teammate is leaving the pits
\voice\watched_opponents\team_mate_is_now_in_position,1.wav,your teammate is now in position,your teammate is now in position,your teammate is now in position
\voice\watched_opponents\team_mate_is_now_in_position,2.wav,your teammate is now in position,your teammate is now in position,your teammate is now in position
\voice\watched_opponents\team_mate_is_now_in_position,3.wav,your teammate is now in position,your teammate is now in position,your teammate is now in position
\voice\watched_opponents\team_mate_is_now_in_position,4.wav,your teammate is now in position,your teammate is now in position,your teammate is now in position
\voice\watched_opponents\team_mate_is_now_in_position,5.wav,your teammate's now in position,your teammate's now in position,your teammate's now in position
\voice\watched_opponents\team_mate_pitting_from_position,1.wav,your teammate is pitting from position,your teammate is pitting from position,your teammate is pitting from position
\voice\watched_opponents\team_mate_pitting_from_position,2.wav,your teammate is pitting from position,your teammate is pitting from position,your teammate is pitting from position
\voice\watched_opponents\team_mate_pitting_from_position,3.wav,your teammate's pitting from position,your teammate's pitting from position,your teammate's pitting from position
\voice\watched_opponents\team_mate_pitting_from_position,4.wav,your teammate's pitting from position,your teammate's pitting from position,your teammate's pitting from position
\voice\watched_opponents\team_mate_pitting_from_position,5.wav,your teammate's pitting from position,your teammate's pitting from position,your teammate's pitting from position
\voice\watched_opponents\your_rival,1.wav,your rival,your rival,your rival
\voice\watched_opponents\your_rival,2.wav,your rival,your rival,your rival
\voice\watched_opponents\your_rival,3.wav,your rival,your rival,your rival
\voice\watched_opponents\your_rival,4.wav,your rival,your rival,your rival
\voice\watched_opponents\your_rival,5.wav,your rival,your rival,your rival
\voice\watched_opponents\your_team_mate,1.wav,your teammate,your teammate,your teammate
\voice\watched_opponents\your_team_mate,2.wav,your teammate,your teammate,your teammate
\voice\watched_opponents\your_team_mate,3.wav,your teammate,your teammate,your teammate
\voice\watched_opponents\your_team_mate,4.wav,your teammate,your teammate,your teammate
\voice\watched_opponents\your_team_mate,5.wav,your teammate,your teammate,your teammate
