audio_path,audio_filename,subtitle,text_for_tts,original_english
\voice\acknowledge\OK,1.wav,okay,okay,okay
\voice\acknowledge\OK,10.wav,acknowledged,acknowledged,acknowledged
\voice\acknowledge\OK,11.wav,acknowledged,acknowledged,acknowledged
\voice\acknowledge\OK,2.wav,understood,understood,understood
\voice\acknowledge\OK,3.wav,acknowledged,acknowledged,acknowledged
\voice\acknowledge\OK,4.wav,acknowledged,acknowledged,acknowledged
\voice\acknowledge\OK,5.wav,acknowledged,acknowledged,acknowledged
\voice\acknowledge\OK,6.wav,acknowledged,acknowledged,acknowledged
\voice\acknowledge\OK,7.wav,acknowledged,acknowledged,acknowledged
\voice\acknowledge\OK,8.wav,acknowledged,acknowledged,acknowledged
\voice\acknowledge\OK,9.wav,acknowledged,acknowledged,acknowledged
\voice\acknowledge\cut_warnings_disabled,1.wav,"okay, no more cut-track warnings","okay, no more cut-track warnings","okay, no more cut-track warnings"
\voice\acknowledge\cut_warnings_disabled,2.wav,"understood, no cut-track warnings","understood, no cut-track warnings","understood, no cut-track warnings"
\voice\acknowledge\cut_warnings_disabled,3.wav,"okay, no more cut-track warnings","okay, no more cut-track warnings","okay, no more cut-track warnings"
\voice\acknowledge\cut_warnings_enabled,1.wav,"okay, we'll give cut-track warnings","okay, we'll give cut-track warnings","okay, we'll give cut-track warnings"
\voice\acknowledge\cut_warnings_enabled,2.wav,"understood, we'll warn about track limits","understood, we'll warn about track limits","understood, we'll warn about track limits"
\voice\acknowledge\cut_warnings_enabled,3.wav,"okay, I'll give cut warnings","okay, I'll give cut warnings","okay, I'll give cut warnings"
\voice\acknowledge\deltasDisabled,1.wav,"copy that, no more time deltas","copy that, no more time deltas","copy that, no more time deltas"
\voice\acknowledge\deltasDisabled,2.wav,"acknowledged, no more deltas","acknowledged, no more deltas","acknowledged, no more deltas"
\voice\acknowledge\deltasDisabled,3.wav,"okay, no more deltas","okay, no more deltas","okay, no more deltas"
\voice\acknowledge\deltasEnabled,1.wav,"okay, I'll tell you the gaps","okay, I'll tell you the gaps","okay, I'll tell you the gaps"
\voice\acknowledge\deltasEnabled,2.wav,"okay, I'll tell you the gaps","okay, I'll tell you the gaps","okay, I'll tell you the gaps"
\voice\acknowledge\deltasEnabled,3.wav,"okay, I'll read out those gaps","okay, I'll read out those gaps","okay, I'll read out those gaps"
\voice\acknowledge\deltasEnabled,4.wav,"acknowledged, time deltas every lap","acknowledged, time deltas every lap","acknowledged, time deltas every lap"
\voice\acknowledge\didnt_understand,1.wav,I didn't catch that,I didn't catch that,I didn't catch that
\voice\acknowledge\didnt_understand,10.wav,"speak more clearly, I can't hear you","speak more clearly, I can't hear you","speak more clearly, I can't hear you"
\voice\acknowledge\didnt_understand,11.wav,I didn't catch that,I didn't catch that,I didn't catch that
\voice\acknowledge\didnt_understand,12.wav,pardon,pardon,pardon
\voice\acknowledge\didnt_understand,13.wav,"sorry, mate, I didn't catch that","sorry, mate, I didn't catch that","sorry, mate, I didn't catch that"
\voice\acknowledge\didnt_understand,14.wav,"ah, no, I just can't hear you","ah, no, I just can't hear you","ah, no, I just can't hear you"
\voice\acknowledge\didnt_understand,2.wav,"repeat, please","repeat, please","repeat, please"
\voice\acknowledge\didnt_understand,3.wav,didn't understand that,didn't understand that,didn't understand that
\voice\acknowledge\didnt_understand,4.wav,say again,say again,say again
\voice\acknowledge\didnt_understand,5.wav,"repeat, please","repeat, please","repeat, please"
\voice\acknowledge\didnt_understand,6.wav,I didn't catch that,I didn't catch that,I didn't catch that
\voice\acknowledge\didnt_understand,7.wav,now you're breaking up,now you're breaking up,now you're breaking up
\voice\acknowledge\didnt_understand,8.wav,"you're breaking up, say again please","you're breaking up, say again please","you're breaking up, say again please"
\voice\acknowledge\didnt_understand,9.wav,"can't hear you, mate","can't hear you, mate","can't hear you, mate"
\voice\acknowledge\fill_the_tank,1.wav,"OK, we'll fill the tank","OK, we'll fill the tank","OK, we'll fill the tank"
\voice\acknowledge\fill_the_tank,2.wav,"OK, we'll fill the tank","OK, we'll fill the tank","OK, we'll fill the tank"
\voice\acknowledge\fill_the_tank,3.wav,"OK, we'll fill the tank","OK, we'll fill the tank","OK, we'll fill the tank"
\voice\acknowledge\fill_the_tank,4.wav,"OK, we'll fill the tank","OK, we'll fill the tank","OK, we'll fill the tank"
\voice\acknowledge\fuel_to_end,1.wav,"ok, we'll fill you to the end","ok, we'll fill you to the end","ok, we'll fill you to the end"
\voice\acknowledge\fuel_to_end,2_op_prefix_ok.wav,we'll fuel you to the end,we'll fuel you to the end,we'll fuel you to the end
\voice\acknowledge\fuel_to_end,3_op_prefix_ok.wav,we'll fill you to the end of the race,we'll fill you to the end of the race,we'll fill you to the end of the race
\voice\acknowledge\fuel_to_end,4_op_prefix_ok.wav,we'll fuel you to the end of the race,we'll fuel you to the end of the race,we'll fuel you to the end of the race
\voice\acknowledge\fuel_to_end,5_op_prefix_ok.wav,we'll fuel you to the end of the race,we'll fuel you to the end of the race,we'll fuel you to the end of the race
\voice\acknowledge\keepQuietDisabled,1.wav,"okay, we'll keep you posted","okay, we'll keep you posted","okay, we'll keep you posted"
\voice\acknowledge\keepQuietDisabled,2.wav,"understood, I'll keep you informed","understood, I'll keep you informed","understood, I'll keep you informed"
\voice\acknowledge\keepQuietDisabled,3.wav,"acknowledged, I'll keep you up to date","acknowledged, I'll keep you up to date","acknowledged, I'll keep you up to date"
\voice\acknowledge\keepQuietEnabled,1.wav,"okay, no more updates","okay, no more updates","okay, no more updates"
\voice\acknowledge\keepQuietEnabled,2.wav,"okay, I'll keep quiet","okay, I'll keep quiet","okay, I'll keep quiet"
\voice\acknowledge\keepQuietEnabled,3.wav,"okay, I'll leave you to it","okay, I'll leave you to it","okay, I'll leave you to it"
\voice\acknowledge\keep_quiet_in_corners_disabled,1.wav,"acknowledged, calls at any point during the lap","acknowledged, calls at any point during the lap","acknowledged, calls at any point during the lap"
\voice\acknowledge\keep_quiet_in_corners_disabled,2.wav,"copy that, we'll give call at any point","copy that, we'll give call at any point","copy that, we'll give call at any point"
\voice\acknowledge\keep_quiet_in_corners_disabled,3.wav,"understood, we'll give those calls at any point during the lap","understood, we'll give those calls at any point during the lap","understood, we'll give those calls at any point during the lap"
\voice\acknowledge\keep_quiet_in_corners_disabled,4.wav,"acknowledged, calls at any point in the lap","acknowledged, calls at any point in the lap","acknowledged, calls at any point in the lap"
\voice\acknowledge\keep_quiet_in_corners_enabled,1.wav,"understood, I'll keep quiet in the corners","understood, I'll keep quiet in the corners","understood, I'll keep quiet in the corners"
\voice\acknowledge\keep_quiet_in_corners_enabled,2.wav,"acknowledged, no more calls in the corners","acknowledged, no more calls in the corners","acknowledged, no more calls in the corners"
\voice\acknowledge\keep_quiet_in_corners_enabled,3.wav,"okay, I'll try to minimize the calls in the braking zones","okay, I'll try to minimize the calls in the braking zones","okay, I'll try to minimize the calls in the braking zones"
\voice\acknowledge\keep_quiet_in_corners_enabled,4.wav,"okay, call only on the straights","okay, call only on the straights","okay, call only on the straights"
\voice\acknowledge\no,1.wav,no,no,no
\voice\acknowledge\no,2.wav,no,no,no
\voice\acknowledge\no,3.wav,no,no,no
\voice\acknowledge\no,4.wav,no,no,no
\voice\acknowledge\no_data,1.wav,we don't have that data,we don't have that data,we don't have that data
\voice\acknowledge\no_data,2.wav,we haven't got that data,we haven't got that data,we haven't got that data
\voice\acknowledge\no_data,3.wav,we don't have enough data for that,we don't have enough data for that,we don't have enough data for that
\voice\acknowledge\no_data,4.wav,we haven't got that data,we haven't got that data,we haven't got that data
\voice\acknowledge\no_data,5.wav,we don't have the data,we don't have the data,we don't have the data
\voice\acknowledge\no_more_data,1.wav,we don't have any more data,we don't have any more data,we don't have any more data
\voice\acknowledge\no_more_data,2.wav,we have no more information,we have no more information,we have no more information
\voice\acknowledge\no_more_data,3.wav,we don't have any more data,we don't have any more data,we don't have any more data
\voice\acknowledge\pit_strategy_1,23.wav,pit strategy 1 selected,pit strategy 1 selected,pit strategy 1 selected
\voice\acknowledge\pit_strategy_2,24.wav,pit strategy 2 selected,pit strategy 2 selected,pit strategy 2 selected
\voice\acknowledge\pit_strategy_3,25.wav,pit strategy 3 selected,pit strategy 3 selected,pit strategy 3 selected
\voice\acknowledge\pit_strategy_4,26.wav,pit strategy 4 selected,pit strategy 4 selected,pit strategy 4 selected
\voice\acknowledge\radio_check,1_op_prefix_ok.wav,"yeah, I can hear you","yeah, I can hear you","yeah, I can hear you"
\voice\acknowledge\radio_check,2_op_prefix_ok.wav,I can hear you,I can hear you,I can hear you
\voice\acknowledge\radio_check,3.wav,"yes, I can hear you","yes, I can hear you","yes, I can hear you"
\voice\acknowledge\spotterDisabled,1.wav,"okay, no more spotter calls","okay, no more spotter calls","okay, no more spotter calls"
\voice\acknowledge\spotterDisabled,2.wav,"okay, no spotter calls","okay, no spotter calls","okay, no spotter calls"
\voice\acknowledge\spotterDisabled,3.wav,"okay, no spot calls","okay, no spot calls","okay, no spot calls"
\voice\acknowledge\spotterDisabled_Billy,1.wav,"all right, no more spotter calls for you","all right, no more spotter calls for you","all right, no more spotter calls for you"
\voice\acknowledge\spotterDisabled_Billy,2.wav,"okay, no more spotting","okay, no more spotting","okay, no more spotting"
\voice\acknowledge\spotterDisabled_Billy,3.wav,"all right, I'm out","all right, I'm out","all right, I'm out"
\voice\acknowledge\spotterDisabled_Billy,4.wav,"all right, peace","all right, peace","all right, peace"
\voice\acknowledge\spotterDisabled_Billy,5.wav,"okay, good luck, have fun on your own","okay, good luck, have fun on your own","okay, good luck, have fun on your own"
\voice\acknowledge\spotterDisabled_Clare,1.wav,"okay, no more spotter calls, please, Clare","okay, no more spotter calls, please, Clare","okay, no more spotter calls, please, Clare"
\voice\acknowledge\spotterDisabled_Clare,2.wav,"acknowledged, no more spot calls, please, Clare","acknowledged, no more spot calls, please, Clare","acknowledged, no more spot calls, please, Clare"
\voice\acknowledge\spotterDisabled_Clare,3.wav,"okay, no more spotter calls, please, Clare","okay, no more spotter calls, please, Clare","okay, no more spotter calls, please, Clare"
\voice\acknowledge\spotterDisabled_Clare,4.wav,"okay, no more spot calls, Clare","okay, no more spot calls, Clare","okay, no more spot calls, Clare"
\voice\acknowledge\spotterDisabled_Florian,1.wav,"okay, no more spotter calls","okay, no more spotter calls","okay, no more spotter calls"
\voice\acknowledge\spotterDisabled_Florian,10.wav,"okay, understood, I will shut up","okay, understood, I will shut up","okay, understood, I will shut up"
\voice\acknowledge\spotterDisabled_Florian,2.wav,"okay, no more spotter call","okay, no more spotter call","okay, no more spotter call"
\voice\acknowledge\spotterDisabled_Florian,3.wav,"okay, no more spotter calls","okay, no more spotter calls","okay, no more spotter calls"
\voice\acknowledge\spotterDisabled_Florian,4.wav,"okay, no more spotter calls","okay, no more spotter calls","okay, no more spotter calls"
\voice\acknowledge\spotterDisabled_Florian,5.wav,"okay, no more spotter calls","okay, no more spotter calls","okay, no more spotter calls"
\voice\acknowledge\spotterDisabled_Florian,6.wav,"okay, no spotter call","okay, no spotter call","okay, no spotter call"
\voice\acknowledge\spotterDisabled_Florian,7.wav,"okay, no spotter calls","okay, no spotter calls","okay, no spotter calls"
\voice\acknowledge\spotterDisabled_Florian,8.wav,"okay, okay, I will shut up","okay, okay, I will shut up","okay, okay, I will shut up"
\voice\acknowledge\spotterDisabled_Florian,9.wav,"okay, I will be quiet from here on","okay, I will be quiet from here on","okay, I will be quiet from here on"
\voice\acknowledge\spotterDisabled_Geoffrey,1.wav,"okay, no more spotter calls","okay, no more spotter calls","okay, no more spotter calls"
\voice\acknowledge\spotterDisabled_Geoffrey,10.wav,"okay, no more calls for you","okay, no more calls for you","okay, no more calls for you"
\voice\acknowledge\spotterDisabled_Geoffrey,11.wav,"all right, I'll stop","all right, I'll stop","all right, I'll stop"
\voice\acknowledge\spotterDisabled_Geoffrey,12.wav,"okay, no more calls","okay, no more calls","okay, no more calls"
\voice\acknowledge\spotterDisabled_Geoffrey,13.wav,"well, fine then","well, fine then","well, fine then"
\voice\acknowledge\spotterDisabled_Geoffrey,14.wav,"what else do you want from me, jeez, I'll stop calling","what else do you want from me, jeez, I'll stop calling","what else do you want from me, jeez, I'll stop calling"
\voice\acknowledge\spotterDisabled_Geoffrey,2.wav,"all right, no more","all right, no more","all right, no more"
\voice\acknowledge\spotterDisabled_Geoffrey,3.wav,shuttin' up,shuttin' up,shuttin' up
\voice\acknowledge\spotterDisabled_Geoffrey,4.wav,"okay, no more calls","okay, no more calls","okay, no more calls"
\voice\acknowledge\spotterDisabled_Geoffrey,5.wav,"you got it, no more","you got it, no more","you got it, no more"
\voice\acknowledge\spotterDisabled_Geoffrey,6.wav,"okay, no more calls","okay, no more calls","okay, no more calls"
\voice\acknowledge\spotterDisabled_Geoffrey,8.wav,"okay, no more calls","okay, no more calls","okay, no more calls"
\voice\acknowledge\spotterDisabled_Geoffrey,9.wav,no more calls? sure,no more calls? sure,no more calls? sure
\voice\acknowledge\spotterDisabled_Jerry,1.wav,"Roger that, I'll leave you to it.","Roger that, I'll leave you to it.","Roger that, I'll leave you to it."
\voice\acknowledge\spotterDisabled_Jerry,2.wav,"Okay, I'll leave you to it.","Okay, I'll leave you to it.","Okay, I'll leave you to it."
\voice\acknowledge\spotterDisabled_Jerry,3_male.wav,"Alright, man; you know best.","Alright, man; you know best.","Alright, man; you know best."
\voice\acknowledge\spotterDisabled_Jerry,4.wav,"Alright, I'm here if you need me.","Alright, I'm here if you need me.","Alright, I'm here if you need me."
\voice\acknowledge\spotterDisabled_Jerry,5.wav,"Alright, I'll shut up.","Alright, I'll shut up.","Alright, I'll shut up."
\voice\acknowledge\spotterDisabled_Jerry,6.wav,Copy that; do your thing!,Copy that; do your thing!,Copy that; do your thing!
\voice\acknowledge\spotterDisabled_Jerry,7.wav,Copy that; I'll leave you alone.,Copy that; I'll leave you alone.,Copy that; I'll leave you alone.
\voice\acknowledge\spotterDisabled_Lee,1.wav,"okay, no more spotting","okay, no more spotting","okay, no more spotting"
\voice\acknowledge\spotterDisabled_Lee,2.wav,"okay, no more spotter calls","okay, no more spotter calls","okay, no more spotter calls"
\voice\acknowledge\spotterDisabled_Lee,3.wav,"okay, mate, I'll stop spotting","okay, mate, I'll stop spotting","okay, mate, I'll stop spotting"
\voice\acknowledge\spotterDisabled_Lee,4.wav,"okay, mate, no more spotting calls","okay, mate, no more spotting calls","okay, mate, no more spotting calls"
\voice\acknowledge\spotterDisabled_Lee,5.wav,"okay, no more spotting","okay, no more spotting","okay, no more spotting"
\voice\acknowledge\spotterDisabled_Lee,6.wav,"okay, mate, I won't do the spotting","okay, mate, I won't do the spotting","okay, mate, I won't do the spotting"
\voice\acknowledge\spotterDisabled_Lee,7.wav,"okay, mate, no problem, no more spotting","okay, mate, no problem, no more spotting","okay, mate, no problem, no more spotting"
\voice\acknowledge\spotterDisabled_Matt,1.wav,"okay, no more spotter calls","okay, no more spotter calls","okay, no more spotter calls"
\voice\acknowledge\spotterDisabled_Matt,2.wav,"okay, no spotter calls","okay, no spotter calls","okay, no spotter calls"
\voice\acknowledge\spotterDisabled_Matt,3.wav,"if you wreck, it's on you","if you wreck, it's on you","if you wreck, it's on you"
\voice\acknowledge\spotterDisabled_Matt,4.wav,"if you wreck, it's on you","if you wreck, it's on you","if you wreck, it's on you"
\voice\acknowledge\spotterDisabled_Micha,01.wav,"okay, no more spotter calls","okay, no more spotter calls","okay, no more spotter calls"
\voice\acknowledge\spotterDisabled_Micha,02.wav,"okay, I'll shut my mouth","okay, I'll shut my mouth","okay, I'll shut my mouth"
\voice\acknowledge\spotterDisabled_Micha,03.wav,"all right, I'll be silent","all right, I'll be silent","all right, I'll be silent"
\voice\acknowledge\spotterDisabled_Mike,1.wav,"okay, no more spotter calls","okay, no more spotter calls","okay, no more spotter calls"
\voice\acknowledge\spotterDisabled_Mike,2.wav,"okay, no spotter call","okay, no spotter call","okay, no spotter call"
\voice\acknowledge\spotterDisabled_Mike,3.wav,"okay, I'll shut the hell up","okay, I'll shut the hell up","okay, I'll shut the hell up"
\voice\acknowledge\spotterDisabled_Phil,1.wav,"you got it, no more spotter calls","you got it, no more spotter calls","you got it, no more spotter calls"
\voice\acknowledge\spotterDisabled_Phil,10.wav,"10-4, no spotter calls","10-4, no spotter calls","10-4, no spotter calls"
\voice\acknowledge\spotterDisabled_Phil,2.wav,"okay, no more spotter calls","okay, no more spotter calls","okay, no more spotter calls"
\voice\acknowledge\spotterDisabled_Phil,3.wav,"all right, no spotter calls","all right, no spotter calls","all right, no spotter calls"
\voice\acknowledge\spotterDisabled_Phil,4.wav,"you got it, no spotter calls","you got it, no spotter calls","you got it, no spotter calls"
\voice\acknowledge\spotterDisabled_Phil,5.wav,"sure thing, no spotter calls","sure thing, no spotter calls","sure thing, no spotter calls"
\voice\acknowledge\spotterDisabled_Phil,6.wav,"all right, you're on your own","all right, you're on your own","all right, you're on your own"
\voice\acknowledge\spotterDisabled_Phil,7.wav,"you're on your own, buddy, no spotter calls","you're on your own, buddy, no spotter calls","you're on your own, buddy, no spotter calls"
\voice\acknowledge\spotterDisabled_Phil,8.wav,"all right, I won't spot anymore","all right, I won't spot anymore","all right, I won't spot anymore"
\voice\acknowledge\spotterDisabled_Phil,9.wav,"no more spotter calls, you got it","no more spotter calls, you got it","no more spotter calls, you got it"
\voice\acknowledge\spotterDisabled_Ross,1.wav,"spotter, out","spotter, out","spotter, out"
\voice\acknowledge\spotterDisabled_Ross,2.wav,this spotter has left the building,this spotter has left the building,this spotter has left the building
\voice\acknowledge\spotterDisabled_Ross,3.wav,I'll see you after the race,I'll see you after the race,I'll see you after the race
\voice\acknowledge\spotterDisabled_Ross,4.wav,"if you don't need me for a while, I've got an ice cream craving","if you don't need me for a while, I've got an ice cream craving","if you don't need me for a while, I've got an ice cream craving"
\voice\acknowledge\spotterDisabled_Ross,5.wav,"well, fine, if you think you can do it better","well, fine, if you think you can do it better","well, fine, if you think you can do it better"
\voice\acknowledge\spotterDisabled_Ross,6.wav,"okay, I'll be taking a nap if you need me","okay, I'll be taking a nap if you need me","okay, I'll be taking a nap if you need me"
\voice\acknowledge\spotterDisabled_Ross,7.wav,are you not entertained?,are you not entertained?,are you not entertained?
\voice\acknowledge\spotterDisabled_Ross,8.wav,are you not entertained?,are you not entertained?,are you not entertained?
\voice\acknowledge\spotterDisabled_Ross,9.wav,"hasta la vista, baby","hasta la vista, baby","hasta la vista, baby"
\voice\acknowledge\spotterDisabled_Sammy,1.wav,"okay, no more spotting","okay, no more spotting","okay, no more spotting"
\voice\acknowledge\spotterDisabled_Sammy,2.wav,"okay, no more calls","okay, no more calls","okay, no more calls"
\voice\acknowledge\spotterDisabled_Sammy,3.wav,"okay, no more spotter calls","okay, no more spotter calls","okay, no more spotter calls"
\voice\acknowledge\spotterDisabled_Sammy,4.wav,"okay, no spotter calls","okay, no spotter calls","okay, no spotter calls"
\voice\acknowledge\spotterEnabled,1.wav,"understood, I'll give those calls","understood, I'll give those calls","understood, I'll give those calls"
\voice\acknowledge\spotterEnabled,2.wav,"okay, I'll spot","okay, I'll spot","okay, I'll spot"
\voice\acknowledge\spotterEnabled,3.wav,"understood, I'll give those calls","understood, I'll give those calls","understood, I'll give those calls"
\voice\acknowledge\spotterEnabled_Billy,1.wav,"all right, I'm here","all right, I'm here","all right, I'm here"
\voice\acknowledge\spotterEnabled_Billy,2.wav,"okay, I'll spot you","okay, I'll spot you","okay, I'll spot you"
\voice\acknowledge\spotterEnabled_Billy,3.wav,I am your spotter,I am your spotter,I am your spotter
\voice\acknowledge\spotterEnabled_Billy,4.wav,this spotter is available,this spotter is available,this spotter is available
\voice\acknowledge\spotterEnabled_Billy,5.wav,"oh, so now you want me to spot you","oh, so now you want me to spot you","oh, so now you want me to spot you"
\voice\acknowledge\spotterEnabled_Clare,1.wav,"acknowledged, we'll have spotter calls from here, please, Clare","acknowledged, we'll have spotter calls from here, please, Clare","acknowledged, we'll have spotter calls from here, please, Clare"
\voice\acknowledge\spotterEnabled_Clare,2.wav,"okay, make those calls, please, Clare","okay, make those calls, please, Clare","okay, make those calls, please, Clare"
\voice\acknowledge\spotterEnabled_Clare,3.wav,"okay, spotter calls, please, Clare","okay, spotter calls, please, Clare","okay, spotter calls, please, Clare"
\voice\acknowledge\spotterEnabled_Florian,1.wav,"okay, I'll spot","okay, I'll spot","okay, I'll spot"
\voice\acknowledge\spotterEnabled_Florian,10.wav,"okay, I will give those calls","okay, I will give those calls","okay, I will give those calls"
\voice\acknowledge\spotterEnabled_Florian,2.wav,"okay, I'll spot","okay, I'll spot","okay, I'll spot"
\voice\acknowledge\spotterEnabled_Florian,3.wav,"okay, I will spot","okay, I will spot","okay, I will spot"
\voice\acknowledge\spotterEnabled_Florian,4.wav,"okay, I will spot","okay, I will spot","okay, I will spot"
\voice\acknowledge\spotterEnabled_Florian,5.wav,"okay, I will be spotting","okay, I will be spotting","okay, I will be spotting"
\voice\acknowledge\spotterEnabled_Florian,6.wav,"okay, I will give those calls","okay, I will give those calls","okay, I will give those calls"
\voice\acknowledge\spotterEnabled_Florian,7.wav,"okay, I will give those calls","okay, I will give those calls","okay, I will give those calls"
\voice\acknowledge\spotterEnabled_Florian,8.wav,"okay, I will give those calls","okay, I will give those calls","okay, I will give those calls"
\voice\acknowledge\spotterEnabled_Florian,9.wav,"okay, I'll give those calls","okay, I'll give those calls","okay, I'll give those calls"
\voice\acknowledge\spotterEnabled_Geoffrey,1.wav,"okay, I'll give those calls","okay, I'll give those calls","okay, I'll give those calls"
\voice\acknowledge\spotterEnabled_Geoffrey,10.wav,"okay, I'll give those calls","okay, I'll give those calls","okay, I'll give those calls"
\voice\acknowledge\spotterEnabled_Geoffrey,11.wav,"all right, I'll give those calls for you","all right, I'll give those calls for you","all right, I'll give those calls for you"
\voice\acknowledge\spotterEnabled_Geoffrey,12.wav,"you got it, man, I'll give you those calls","you got it, man, I'll give you those calls","you got it, man, I'll give you those calls"
\voice\acknowledge\spotterEnabled_Geoffrey,13.wav,"sure thing, I'm calling","sure thing, I'm calling","sure thing, I'm calling"
\voice\acknowledge\spotterEnabled_Geoffrey,14.wav,"okay, I'll spot","okay, I'll spot","okay, I'll spot"
\voice\acknowledge\spotterEnabled_Geoffrey,15.wav,"sure, I'll spot","sure, I'll spot","sure, I'll spot"
\voice\acknowledge\spotterEnabled_Geoffrey,16.wav,"okay, I'll spot","okay, I'll spot","okay, I'll spot"
\voice\acknowledge\spotterEnabled_Geoffrey,17.wav,"yes, I'll spot","yes, I'll spot","yes, I'll spot"
\voice\acknowledge\spotterEnabled_Geoffrey,18.wav,"okay, I'll spot","okay, I'll spot","okay, I'll spot"
\voice\acknowledge\spotterEnabled_Geoffrey,19.wav,"you got it, buddy, I'm spotting","you got it, buddy, I'm spotting","you got it, buddy, I'm spotting"
\voice\acknowledge\spotterEnabled_Geoffrey,2.wav,"you got it, I'm calling","you got it, I'm calling","you got it, I'm calling"
\voice\acknowledge\spotterEnabled_Geoffrey,20.wav,"you got it, I'm spotting","you got it, I'm spotting","you got it, I'm spotting"
\voice\acknowledge\spotterEnabled_Geoffrey,21.wav,"you got it, I'll spot","you got it, I'll spot","you got it, I'll spot"
\voice\acknowledge\spotterEnabled_Geoffrey,22.wav,spottin',spottin',spottin'
\voice\acknowledge\spotterEnabled_Geoffrey,23.wav,"yes, I'll spot","yes, I'll spot","yes, I'll spot"
\voice\acknowledge\spotterEnabled_Geoffrey,24.wav,"yep, spotting","yep, spotting","yep, spotting"
\voice\acknowledge\spotterEnabled_Geoffrey,25.wav,I'm spotting,I'm spotting,I'm spotting
\voice\acknowledge\spotterEnabled_Geoffrey,26.wav,I'll spot for ya,I'll spot for ya,I'll spot for ya
\voice\acknowledge\spotterEnabled_Geoffrey,27.wav,"okay, I'll spot","okay, I'll spot","okay, I'll spot"
\voice\acknowledge\spotterEnabled_Geoffrey,28.wav,"okay, I'll spot","okay, I'll spot","okay, I'll spot"
\voice\acknowledge\spotterEnabled_Geoffrey,3.wav,"okay, I'm calling","okay, I'm calling","okay, I'm calling"
\voice\acknowledge\spotterEnabled_Geoffrey,4.wav,"all right, I'll give those calls","all right, I'll give those calls","all right, I'll give those calls"
\voice\acknowledge\spotterEnabled_Geoffrey,5.wav,"you got it, I'm giving those calls","you got it, I'm giving those calls","you got it, I'm giving those calls"
\voice\acknowledge\spotterEnabled_Geoffrey,6.wav,"you got it, I'm calling","you got it, I'm calling","you got it, I'm calling"
\voice\acknowledge\spotterEnabled_Geoffrey,7.wav,"sure, I'll give those calls","sure, I'll give those calls","sure, I'll give those calls"
\voice\acknowledge\spotterEnabled_Geoffrey,8.wav,"yeah, I'll give those calls","yeah, I'll give those calls","yeah, I'll give those calls"
\voice\acknowledge\spotterEnabled_Geoffrey,9.wav,"sure, I'll give those calls","sure, I'll give those calls","sure, I'll give those calls"
\voice\acknowledge\spotterEnabled_Jerry,1.wav,Roger that; I got ya!,Roger that; I got ya!,Roger that; I got ya!
\voice\acknowledge\spotterEnabled_Jerry,2.wav,Will do!,Will do!,Will do!
\voice\acknowledge\spotterEnabled_Jerry,3.wav,"Okay, I got ya!","Okay, I got ya!","Okay, I got ya!"
\voice\acknowledge\spotterEnabled_Jerry,4_male.wav,"Alright, I'm here for ya, man!","Alright, I'm here for ya, man!","Alright, I'm here for ya, man!"
\voice\acknowledge\spotterEnabled_Jerry,5.wav,"Alright, I'm here for ya!","Alright, I'm here for ya!","Alright, I'm here for ya!"
\voice\acknowledge\spotterEnabled_Jerry,6.wav,Let's do this!,Let's do this!,Let's do this!
\voice\acknowledge\spotterEnabled_Jerry,7.wav,"Copy that, I'll keep an eye out!","Copy that, I'll keep an eye out!","Copy that, I'll keep an eye out!"
\voice\acknowledge\spotterEnabled_Lee,1.wav,"okay, I'll spot","okay, I'll spot","okay, I'll spot"
\voice\acknowledge\spotterEnabled_Lee,2.wav,"okay, I can give them calls","okay, I can give them calls","okay, I can give them calls"
\voice\acknowledge\spotterEnabled_Lee,3.wav,"okay, I'll do the spotting","okay, I'll do the spotting","okay, I'll do the spotting"
\voice\acknowledge\spotterEnabled_Lee,4.wav,"okay, I'll spot","okay, I'll spot","okay, I'll spot"
\voice\acknowledge\spotterEnabled_Lee,5.wav,"okay, mate, I'll spot","okay, mate, I'll spot","okay, mate, I'll spot"
\voice\acknowledge\spotterEnabled_Lee,6.wav,"okay, mate, I'll do the spotting","okay, mate, I'll do the spotting","okay, mate, I'll do the spotting"
\voice\acknowledge\spotterEnabled_Lee,7.wav,"okay, mate, no problem, I'll do the spotting","okay, mate, no problem, I'll do the spotting","okay, mate, no problem, I'll do the spotting"
\voice\acknowledge\spotterEnabled_Lee,8.wav,"okay, mate, I'll give calls","okay, mate, I'll give calls","okay, mate, I'll give calls"
\voice\acknowledge\spotterEnabled_Matt,1.wav,"okay, I'll spot","okay, I'll spot","okay, I'll spot"
\voice\acknowledge\spotterEnabled_Matt,2.wav,"okay, I'll give those calls","okay, I'll give those calls","okay, I'll give those calls"
\voice\acknowledge\spotterEnabled_Matt,3.wav,I'm your eye in the sky,I'm your eye in the sky,I'm your eye in the sky
\voice\acknowledge\spotterEnabled_Matt,4.wav,I'm your eye in the sky,I'm your eye in the sky,I'm your eye in the sky
\voice\acknowledge\spotterEnabled_Micha,01.wav,"okay, I will do it","okay, I will do it","okay, I will do it"
\voice\acknowledge\spotterEnabled_Micha,02.wav,"okay, I'll give you those calls","okay, I'll give you those calls","okay, I'll give you those calls"
\voice\acknowledge\spotterEnabled_Micha,03.wav,"all right, then let's go","all right, then let's go","all right, then let's go"
\voice\acknowledge\spotterEnabled_Micha,04.wav,"yes, man","yes, man","yes, man"
\voice\acknowledge\spotterEnabled_Micha,05.wav,"let's get it on, I'm in the mood to race, yes, yes, yes","let's get it on, I'm in the mood to race, yes, yes, yes","let's get it on, I'm in the mood to race, yes, yes, yes"
\voice\acknowledge\spotterEnabled_Mike,1.wav,"okay, I'll spot for you","okay, I'll spot for you","okay, I'll spot for you"
\voice\acknowledge\spotterEnabled_Mike,2.wav,"okay, I'll give those calls for you","okay, I'll give those calls for you","okay, I'll give those calls for you"
\voice\acknowledge\spotterEnabled_Mike,3.wav,"all right, I'll be your spotter","all right, I'll be your spotter","all right, I'll be your spotter"
\voice\acknowledge\spotterEnabled_Phil,1.wav,"okay, I'll spot","okay, I'll spot","okay, I'll spot"
\voice\acknowledge\spotterEnabled_Phil,2.wav,"all right, I'll spot","all right, I'll spot","all right, I'll spot"
\voice\acknowledge\spotterEnabled_Phil,3.wav,"okay, I'll spot for you","okay, I'll spot for you","okay, I'll spot for you"
\voice\acknowledge\spotterEnabled_Phil,4.wav,"okay, I'll give those calls","okay, I'll give those calls","okay, I'll give those calls"
\voice\acknowledge\spotterEnabled_Phil,5.wav,"all right, I'll spot","all right, I'll spot","all right, I'll spot"
\voice\acknowledge\spotterEnabled_Ross,1.wav,"okay, let's go win this thing","okay, let's go win this thing","okay, let's go win this thing"
\voice\acknowledge\spotterEnabled_Ross,10.wav,are you ready to win?,are you ready to win?,are you ready to win?
\voice\acknowledge\spotterEnabled_Ross,11.wav,"let's kick the tyres and light the fires, baby","let's kick the tyres and light the fires, baby","let's kick the tyres and light the fires, baby"
\voice\acknowledge\spotterEnabled_Ross,12.wav,time to nut up or shut up,time to nut up or shut up,time to nut up or shut up
\voice\acknowledge\spotterEnabled_Ross,13.wav,you can do it,you can do it,you can do it
\voice\acknowledge\spotterEnabled_Ross,2.wav,"yeah, it's looking good today","yeah, it's looking good today","yeah, it's looking good today"
\voice\acknowledge\spotterEnabled_Ross,3.wav,you've got a spotter,you've got a spotter,you've got a spotter
\voice\acknowledge\spotterEnabled_Ross,4.wav,"okay, I'll spot you","okay, I'll spot you","okay, I'll spot you"
\voice\acknowledge\spotterEnabled_Ross,5.wav,"all right, here we go, this should be fun","all right, here we go, this should be fun","all right, here we go, this should be fun"
\voice\acknowledge\spotterEnabled_Ross,6.wav,"I got popcorn and a great view, we're all set","I got popcorn and a great view, we're all set","I got popcorn and a great view, we're all set"
\voice\acknowledge\spotterEnabled_Ross,7.wav,let's do this,let's do this,let's do this
\voice\acknowledge\spotterEnabled_Ross,8.wav,"wait, you want me to spot? It's your funeral","wait, you want me to spot? It's your funeral","wait, you want me to spot? It's your funeral"
\voice\acknowledge\spotterEnabled_Ross,9.wav,"I came to do two things: chew gum and, and I'm out of gum, so, I guess I'll spot you","I came to do two things: chew gum and, and I'm out of gum, so, I guess I'll spot you","I came to do two things: chew gum and, and I'm out of gum, so, I guess I'll spot you"
\voice\acknowledge\spotterEnabled_Sammy,1.wav,"okay, I'll spot","okay, I'll spot","okay, I'll spot"
\voice\acknowledge\spotterEnabled_Sammy,2.wav,"okay, I'll get you","okay, I'll get you","okay, I'll get you"
\voice\acknowledge\spotterEnabled_Sammy,3.wav,"okay, I'll give those calls","okay, I'll give those calls","okay, I'll give those calls"
\voice\acknowledge\spotterEnabled_Sammy,4.wav,"okay, I'll make sure to give those calls","okay, I'll make sure to give those calls","okay, I'll make sure to give those calls"
\voice\acknowledge\stand_by,1.wav,"okay, standby","okay, standby","okay, standby"
\voice\acknowledge\stand_by,2.wav,standby,standby,standby
\voice\acknowledge\stand_by,3.wav,just a minute,just a minute,just a minute
\voice\acknowledge\stand_by,4.wav,hold on,hold on,hold on
\voice\acknowledge\stand_by,5.wav,standby,standby,standby
\voice\acknowledge\stand_by,6.wav,standby,standby,standby
\voice\acknowledge\stand_by,7.wav,standby,standby,standby
\voice\acknowledge\stand_by,8.wav,just a minute,just a minute,just a minute
\voice\acknowledge\yellowDisabled,1.wav,"okay, no more incident updates","okay, no more incident updates","okay, no more incident updates"
\voice\acknowledge\yellowDisabled,2.wav,"okay, no more yellow flag reports","okay, no more yellow flag reports","okay, no more yellow flag reports"
\voice\acknowledge\yellowDisabled,3.wav,"okay, no more yellow reports","okay, no more yellow reports","okay, no more yellow reports"
\voice\acknowledge\yellowEnabled,4.wav,"acknowledged, we'll report on yellows","acknowledged, we'll report on yellows","acknowledged, we'll report on yellows"
\voice\acknowledge\yellowEnabled,5.wav,"okay, we'll give yellow reports","okay, we'll give yellow reports","okay, we'll give yellow reports"
\voice\acknowledge\yellowEnabled,6.wav,"okay, we'll give you incident reports","okay, we'll give you incident reports","okay, we'll give you incident reports"
\voice\acknowledge\yes,1.wav,yes,yes,yes
\voice\acknowledge\yes,2.wav,yes,yes,yes
\voice\acknowledge\yes,3.wav,yes,yes,yes
\voice\acknowledge\yes,4.wav,yea,yea,yea
\voice\acknowledge\yes,5.wav,yes,yes,yes
\voice\flags\and,1.wav,and,and,and
\voice\flags\and,2.wav,and,and,and
\voice\flags\and,3.wav,and,and,and
\voice\flags\and,4.wav,and,and,and
\voice\flags\black_flag,1.wav,we're shown the black flag,we're shown the black flag,we're shown the black flag
\voice\flags\black_flag,2.wav,"black flag, we're being shown the black flag","black flag, we're being shown the black flag","black flag, we're being shown the black flag"
\voice\flags\black_flag,3.wav,black flag,black flag,black flag
\voice\flags\blue_flag,1.wav,blue flag,blue flag,blue flag
\voice\flags\blue_flag,2.wav,blue flag,blue flag,blue flag
\voice\flags\blue_flag,3.wav,blue flag,blue flag,blue flag
\voice\flags\blue_flag,4.wav,blue flag,blue flag,blue flag
\voice\flags\choose_a_lane_by_staying_left_or_right,1.wav,"okay, we're the leader, let's choose the lane we're gonna start in","okay, we're the leader, let's choose the lane we're gonna start in","okay, we're the leader, let's choose the lane we're gonna start in"
\voice\flags\choose_a_lane_by_staying_left_or_right,2.wav,"you are the leader, choose the lane you want to start in","you are the leader, choose the lane you want to start in","you are the leader, choose the lane you want to start in"
\voice\flags\choose_a_lane_by_staying_left_or_right,3.wav,"you're the leader, you can choose the lane you want to start in","you're the leader, you can choose the lane you want to start in","you're the leader, you can choose the lane you want to start in"
\voice\flags\clear_to_overtake,1.wav,"okay, you're clear to pass","okay, you're clear to pass","okay, you're clear to pass"
\voice\flags\clear_to_overtake,2.wav,we can overtake this guy,we can overtake this guy,we can overtake this guy
\voice\flags\clear_to_overtake,3.wav,"okay, you can overtake","okay, you can overtake","okay, you can overtake"
\voice\flags\double_yellow_flag,1.wav,"we got double yellows, double yellows","we got double yellows, double yellows","we got double yellows, double yellows"
\voice\flags\double_yellow_flag,2.wav,"double yellow flag, keep an eye out, mate","double yellow flag, keep an eye out, mate","double yellow flag, keep an eye out, mate"
\voice\flags\double_yellow_flag,3.wav,"double yellows, watch out","double yellows, watch out","double yellows, watch out"
\voice\flags\fc_yellow_green_flag,1.wav,"green, green, green, let's go","green, green, green, let's go","green, green, green, let's go"
\voice\flags\fc_yellow_green_flag,2.wav,"green flag, we're racing","green flag, we're racing","green flag, we're racing"
\voice\flags\fc_yellow_green_flag,3.wav,green flag,green flag,green flag
\voice\flags\fc_yellow_in_progress_eu,1.wav,we're running behind the safety car,we're running behind the safety car,we're running behind the safety car
\voice\flags\fc_yellow_in_progress_eu,2.wav,the safety car's out,the safety car's out,the safety car's out
\voice\flags\fc_yellow_in_progress_eu,3.wav,safety car phase,safety car phase,safety car phase
\voice\flags\fc_yellow_in_progress_eu,4.wav,the safety car's out,the safety car's out,the safety car's out
\voice\flags\fc_yellow_in_progress_eu,5.wav,"yellow flag, the safety car's out","yellow flag, the safety car's out","yellow flag, the safety car's out"
\voice\flags\fc_yellow_in_progress_eu,6.wav,"the safety car's out, yellow flag","the safety car's out, yellow flag","the safety car's out, yellow flag"
\voice\flags\fc_yellow_in_progress_eu,7.wav,"yellow flag, safety car is out","yellow flag, safety car is out","yellow flag, safety car is out"
\voice\flags\fc_yellow_in_progress_eu,8.wav,"yellow flag, safety car phase","yellow flag, safety car phase","yellow flag, safety car phase"
\voice\flags\fc_yellow_in_progress_usa,1.wav,"we're under caution, the pace car is out","we're under caution, the pace car is out","we're under caution, the pace car is out"
\voice\flags\fc_yellow_in_progress_usa,2.wav,"full course yellow, pace car is out","full course yellow, pace car is out","full course yellow, pace car is out"
\voice\flags\fc_yellow_in_progress_usa,3.wav,"full course yellow, we're under caution","full course yellow, we're under caution","full course yellow, we're under caution"
\voice\flags\fc_yellow_in_progress_usa,4.wav,"full course yellow, pace car is out","full course yellow, pace car is out","full course yellow, pace car is out"
\voice\flags\fc_yellow_in_progress_usa,5.wav,"we're under caution, full course yellow","we're under caution, full course yellow","we're under caution, full course yellow"
\voice\flags\fc_yellow_in_progress_usa,6.wav,"full course yellow, pace car is out","full course yellow, pace car is out","full course yellow, pace car is out"
\voice\flags\fc_yellow_in_progress_usa,7.wav,"we're under caution, full course yellow","we're under caution, full course yellow","we're under caution, full course yellow"
\voice\flags\fc_yellow_last_lap_current,1.wav,safety car in this lap,safety car in this lap,safety car in this lap
\voice\flags\fc_yellow_last_lap_current,2.wav,we're going green next time by,we're going green next time by,we're going green next time by
\voice\flags\fc_yellow_last_lap_current,3_op_prefix_ok.wav,"get ready, race will resume at the end of this lap","get ready, race will resume at the end of this lap","get ready, race will resume at the end of this lap"
\voice\flags\fc_yellow_last_lap_current_eu,1.wav,safety car in this lap,safety car in this lap,safety car in this lap
\voice\flags\fc_yellow_last_lap_current_eu,2.wav,we're going green next time by,we're going green next time by,we're going green next time by
\voice\flags\fc_yellow_last_lap_current_eu,3_op_prefix_ok.wav,"get ready, race will resume at the end of this lap","get ready, race will resume at the end of this lap","get ready, race will resume at the end of this lap"
\voice\flags\fc_yellow_last_lap_current_usa,1.wav,pace car's coming in this lap,pace car's coming in this lap,pace car's coming in this lap
\voice\flags\fc_yellow_last_lap_current_usa,2.wav,we're going green next time by,we're going green next time by,we're going green next time by
\voice\flags\fc_yellow_last_lap_current_usa,3_op_prefix_ok.wav,"get ready, race will resume at the end of this lap","get ready, race will resume at the end of this lap","get ready, race will resume at the end of this lap"
\voice\flags\fc_yellow_last_lap_current_usa,4.wav,pace car's in this lap,pace car's in this lap,pace car's in this lap
\voice\flags\fc_yellow_last_lap_next,1_op_prefix_ok.wav,safety car in at the end of the next lap,safety car in at the end of the next lap,safety car in at the end of the next lap
\voice\flags\fc_yellow_last_lap_next,2.wav,rare will resume at the end of the next lap,rare will resume at the end of the next lap,rare will resume at the end of the next lap
\voice\flags\fc_yellow_last_lap_next,3.wav,safety car in at end of next lap,safety car in at end of next lap,safety car in at end of next lap
\voice\flags\fc_yellow_last_lap_next_eu,1_op_prefix_ok.wav,safety car in at the end of the next lap,safety car in at the end of the next lap,safety car in at the end of the next lap
\voice\flags\fc_yellow_last_lap_next_eu,2.wav,race will resume at the end of the next lap,race will resume at the end of the next lap,race will resume at the end of the next lap
\voice\flags\fc_yellow_last_lap_next_eu,3.wav,safety car in at end of next lap,safety car in at end of next lap,safety car in at end of next lap
\voice\flags\fc_yellow_last_lap_next_usa,1.wav,pace car's in at the end of the next lap,pace car's in at the end of the next lap,pace car's in at the end of the next lap
\voice\flags\fc_yellow_last_lap_next_usa,2.wav,race will resume at the end of the next lap,race will resume at the end of the next lap,race will resume at the end of the next lap
\voice\flags\fc_yellow_last_lap_next_usa,3.wav,pace car's coming in end of next lap,pace car's coming in end of next lap,pace car's coming in end of next lap
\voice\flags\fc_yellow_pits_closed,1.wav,"we're under caution, pits closed","we're under caution, pits closed","we're under caution, pits closed"
\voice\flags\fc_yellow_pits_closed,2.wav,"full course yellow, pits are closed","full course yellow, pits are closed","full course yellow, pits are closed"
\voice\flags\fc_yellow_pits_closed_eu,1.wav,"safety car's out, pits are closed","safety car's out, pits are closed","safety car's out, pits are closed"
\voice\flags\fc_yellow_pits_closed_eu,2.wav,"full course yellow, pits are closed","full course yellow, pits are closed","full course yellow, pits are closed"
\voice\flags\fc_yellow_pits_closed_eu,3.wav,"safety car's out, pits are closed","safety car's out, pits are closed","safety car's out, pits are closed"
\voice\flags\fc_yellow_pits_closed_usa,1.wav,"pace car is out, pits are closed","pace car is out, pits are closed","pace car is out, pits are closed"
\voice\flags\fc_yellow_pits_closed_usa,2.wav,"we're under caution, pits are closed","we're under caution, pits are closed","we're under caution, pits are closed"
\voice\flags\fc_yellow_pits_closed_usa,3.wav,"we're under caution, pits closed","we're under caution, pits closed","we're under caution, pits closed"
\voice\flags\fc_yellow_pits_open,1.wav,"safety car is out, pits are now open","safety car is out, pits are now open","safety car is out, pits are now open"
\voice\flags\fc_yellow_pits_open,2.wav,"full course yellow, pits are open","full course yellow, pits are open","full course yellow, pits are open"
\voice\flags\fc_yellow_pits_open,3.wav,pits are open,pits are open,pits are open
\voice\flags\fc_yellow_pits_open_eu,1.wav,"safety car is out, pits are now open","safety car is out, pits are now open","safety car is out, pits are now open"
\voice\flags\fc_yellow_pits_open_eu,3.wav,pits are open,pits are open,pits are open
\voice\flags\fc_yellow_pits_open_lead_lap_cars,1.wav,"safety car is out, pits open to lead lap vehicles only","safety car is out, pits open to lead lap vehicles only","safety car is out, pits open to lead lap vehicles only"
\voice\flags\fc_yellow_pits_open_lead_lap_cars,2.wav,"full course yellow, lead lap vehicles can now pit","full course yellow, lead lap vehicles can now pit","full course yellow, lead lap vehicles can now pit"
\voice\flags\fc_yellow_pits_open_lead_lap_cars_eu,1.wav,"safety car is out, pits open to lead lap vehicles only","safety car is out, pits open to lead lap vehicles only","safety car is out, pits open to lead lap vehicles only"
\voice\flags\fc_yellow_pits_open_lead_lap_cars_eu,2.wav,"full course yellow, lead lap vehicles can now pit","full course yellow, lead lap vehicles can now pit","full course yellow, lead lap vehicles can now pit"
\voice\flags\fc_yellow_pits_open_lead_lap_cars_usa,1.wav,"we're under caution, pits are open to lead lap cars","we're under caution, pits are open to lead lap cars","we're under caution, pits are open to lead lap cars"
\voice\flags\fc_yellow_pits_open_lead_lap_cars_usa,2.wav,"pace car still out, lead lap cars can pit","pace car still out, lead lap cars can pit","pace car still out, lead lap cars can pit"
\voice\flags\fc_yellow_pits_open_usa,2.wav,"full course yellow, pits are open","full course yellow, pits are open","full course yellow, pits are open"
\voice\flags\fc_yellow_pits_open_usa,3.wav,pits are open,pits are open,pits are open
\voice\flags\fc_yellow_prepare_for_green,1_op_prefix_ok.wav,"get ready, safety car's coming in","get ready, safety car's coming in","get ready, safety car's coming in"
\voice\flags\fc_yellow_prepare_for_green,2.wav,"heads up, prepare for green flag","heads up, prepare for green flag","heads up, prepare for green flag"
\voice\flags\fc_yellow_prepare_for_green,3_op_prefix_ok.wav,"be ready, we're going green","be ready, we're going green","be ready, we're going green"
\voice\flags\fc_yellow_prepare_for_green_eu,1_op_prefix_ok.wav,"get ready, safety car's coming in","get ready, safety car's coming in","get ready, safety car's coming in"
\voice\flags\fc_yellow_prepare_for_green_eu,2.wav,"heads up, prepare for green flag","heads up, prepare for green flag","heads up, prepare for green flag"
\voice\flags\fc_yellow_prepare_for_green_eu,3_op_prefix_ok.wav,"be ready, we're going green","be ready, we're going green","be ready, we're going green"
\voice\flags\fc_yellow_prepare_for_green_usa,1.wav,"pace car's coming in, be ready","pace car's coming in, be ready","pace car's coming in, be ready"
\voice\flags\fc_yellow_prepare_for_green_usa,2.wav,"heads up, prepare for green flag","heads up, prepare for green flag","heads up, prepare for green flag"
\voice\flags\fc_yellow_prepare_for_green_usa,3_op_prefix_ok.wav,"be ready, we're going green","be ready, we're going green","be ready, we're going green"
\voice\flags\fc_yellow_prepare_for_green_usa,4.wav,"pace car's coming in, get ready","pace car's coming in, get ready","pace car's coming in, get ready"
\voice\flags\fc_yellow_start,1.wav,safety car out,safety car out,safety car out
\voice\flags\fc_yellow_start,2.wav,safety car deployed,safety car deployed,safety car deployed
\voice\flags\fc_yellow_start,3.wav,"safety car out, we're under caution","safety car out, we're under caution","safety car out, we're under caution"
\voice\flags\fc_yellow_start,4.wav,"full course yellow, safety car's coming out","full course yellow, safety car's coming out","full course yellow, safety car's coming out"
\voice\flags\fc_yellow_start,5.wav,"safety car's coming out, full course yellow","safety car's coming out, full course yellow","safety car's coming out, full course yellow"
\voice\flags\fc_yellow_start,6.wav,"safety car out, we're under caution","safety car out, we're under caution","safety car out, we're under caution"
\voice\flags\fc_yellow_start_eu,1.wav,safety car out,safety car out,safety car out
\voice\flags\fc_yellow_start_eu,2.wav,safety car deployed,safety car deployed,safety car deployed
\voice\flags\fc_yellow_start_eu,3.wav,"safety car's coming out, yellow flag","safety car's coming out, yellow flag","safety car's coming out, yellow flag"
\voice\flags\fc_yellow_start_eu,4.wav,"full course yellow, safety car's coming out","full course yellow, safety car's coming out","full course yellow, safety car's coming out"
\voice\flags\fc_yellow_start_eu,5.wav,"safety car's coming out, full course yellow","safety car's coming out, full course yellow","safety car's coming out, full course yellow"
\voice\flags\fc_yellow_start_eu,6.wav,"yellow flag, safety car is out","yellow flag, safety car is out","yellow flag, safety car is out"
\voice\flags\fc_yellow_start_eu,7.wav,"safety car's out, full course yellow","safety car's out, full course yellow","safety car's out, full course yellow"
\voice\flags\fc_yellow_start_eu_no_safetycar,1.wav,"full course yellow, watch out","full course yellow, watch out","full course yellow, watch out"
\voice\flags\fc_yellow_start_eu_no_safetycar,2.wav,"full course yellow, be careful","full course yellow, be careful","full course yellow, be careful"
\voice\flags\fc_yellow_start_eu_no_safetycar,3.wav,"full course yellow, watch out","full course yellow, watch out","full course yellow, watch out"
\voice\flags\fc_yellow_start_eu_no_safetycar,4.wav,we got a full course yellow,we got a full course yellow,we got a full course yellow
\voice\flags\fc_yellow_start_eu_no_safetycar,5.wav,"full course yellow, watch out","full course yellow, watch out","full course yellow, watch out"
\voice\flags\fc_yellow_start_usa,1.wav,"pace car's out, we're under caution","pace car's out, we're under caution","pace car's out, we're under caution"
\voice\flags\fc_yellow_start_usa,2.wav,"pace car is out, we're under caution","pace car is out, we're under caution","pace car is out, we're under caution"
\voice\flags\fc_yellow_start_usa,3.wav,pace car's out,pace car's out,pace car's out
\voice\flags\fc_yellow_start_usa_no_safetycar,1.wav,"full course caution, be careful","full course caution, be careful","full course caution, be careful"
\voice\flags\fc_yellow_start_usa_no_safetycar,2.wav,"full course caution, watch out","full course caution, watch out","full course caution, watch out"
\voice\flags\fc_yellow_start_usa_no_safetycar,3.wav,"be careful, we got a full course caution","be careful, we got a full course caution","be careful, we got a full course caution"
\voice\flags\fc_yellow_start_usa_no_safetycar,4.wav,full course caution,full course caution,full course caution
\voice\flags\fc_yellow_start_usa_no_safetycar,5.wav,"we got a full course caution, watch out","we got a full course caution, watch out","we got a full course caution, watch out"
\voice\flags\give_one_position_back_first_warning,1_op_prefix_ok.wav,we need to give this place back,we need to give this place back,we need to give this place back
\voice\flags\give_one_position_back_first_warning,2.wav,"you've passed under yellow, give the place back","you've passed under yellow, give the place back","you've passed under yellow, give the place back"
\voice\flags\give_one_position_back_first_warning,3_op_suffix_please.wav,give this place back,give this place back,give this place back
\voice\flags\give_one_position_back_next_warning,1.wav,we still need to give one place back,we still need to give one place back,we still need to give one place back
\voice\flags\give_one_position_back_next_warning,2.wav,we need to let this guy through,we need to let this guy through,we need to let this guy through
\voice\flags\give_one_position_back_next_warning,3.wav,we need to give up one more position,we need to give up one more position,we need to give up one more position
\voice\flags\give_positions_back_completed,1.wav,"okay, we're all good now","okay, we're all good now","okay, we're all good now"
\voice\flags\give_positions_back_completed,2.wav,"okay, all sorted","okay, all sorted","okay, all sorted"
\voice\flags\give_positions_back_completed,3.wav,"okay, that's enough","okay, that's enough","okay, that's enough"
\voice\flags\give_positions_back_first_warning_intro,1.wav,"okay, you've passed under yellow, you need to give back","okay, you've passed under yellow, you need to give back","okay, you've passed under yellow, you need to give back"
\voice\flags\give_positions_back_first_warning_intro,2_op_prefix_ok.wav,"you've passed under yellow, you need to give back","you've passed under yellow, you need to give back","you've passed under yellow, you need to give back"
\voice\flags\give_positions_back_first_warning_intro,3.wav,"you've passed under yellow flag, you need to give back","you've passed under yellow flag, you need to give back","you've passed under yellow flag, you need to give back"
\voice\flags\give_positions_back_first_warning_outro,1.wav,"positions, or we'll be black flagged","positions, or we'll be black flagged","positions, or we'll be black flagged"
\voice\flags\give_positions_back_first_warning_outro,2.wav,places or we'll get a penalty,places or we'll get a penalty,places or we'll get a penalty
\voice\flags\give_positions_back_first_warning_outro,3.wav,positions or we'll be penalized,positions or we'll be penalized,positions or we'll be penalized
\voice\flags\give_positions_back_next_warning_intro,1.wav,we still need to give back,we still need to give back,we still need to give back
\voice\flags\give_positions_back_next_warning_intro,2.wav,we still need to give back,we still need to give back,we still need to give back
\voice\flags\give_positions_back_next_warning_intro,3.wav,we still need to give up,we still need to give up,we still need to give up
\voice\flags\give_positions_back_next_warning_outro,1_op_suffix_please.wav,positions,positions,positions
\voice\flags\give_positions_back_next_warning_outro,2.wav,places,places,places
\voice\flags\give_positions_back_next_warning_outro,3.wav,positions,positions,positions
\voice\flags\green_flag_sector_1,1.wav,"green flag, sector 1","green flag, sector 1","green flag, sector 1"
\voice\flags\green_flag_sector_1,2.wav,"green flag, sector 1","green flag, sector 1","green flag, sector 1"
\voice\flags\green_flag_sector_1,3.wav,sector 1 is clear,sector 1 is clear,sector 1 is clear
\voice\flags\green_flag_sector_1,4.wav,"green flag, sector 1","green flag, sector 1","green flag, sector 1"
\voice\flags\green_flag_sector_1,5.wav,"green flag, sector 1","green flag, sector 1","green flag, sector 1"
\voice\flags\green_flag_sector_1,6.wav,"green flag, sector 1","green flag, sector 1","green flag, sector 1"
\voice\flags\green_flag_sector_1,7.wav,"green flag, sector 1","green flag, sector 1","green flag, sector 1"
\voice\flags\green_flag_sector_1,8.wav,"green flag, sector 1","green flag, sector 1","green flag, sector 1"
\voice\flags\green_flag_sector_2,1.wav,green flag sector 2,green flag sector 2,green flag sector 2
\voice\flags\green_flag_sector_2,2.wav,green flag sector 2,green flag sector 2,green flag sector 2
\voice\flags\green_flag_sector_2,3.wav,green flag sector 2,green flag sector 2,green flag sector 2
\voice\flags\green_flag_sector_2,4.wav,green flag sector 2,green flag sector 2,green flag sector 2
\voice\flags\green_flag_sector_2,5.wav,sector 2 is clear,sector 2 is clear,sector 2 is clear
\voice\flags\green_flag_sector_2,6.wav,green flag sector 2,green flag sector 2,green flag sector 2
\voice\flags\green_flag_sector_2,7.wav,green flag sector 2,green flag sector 2,green flag sector 2
\voice\flags\green_flag_sector_2,8.wav,green flag sector 2,green flag sector 2,green flag sector 2
\voice\flags\green_flag_sector_3,1.wav,green flag sector 3,green flag sector 3,green flag sector 3
\voice\flags\green_flag_sector_3,2.wav,green flag sector 3,green flag sector 3,green flag sector 3
\voice\flags\green_flag_sector_3,3.wav,green flag sector 3,green flag sector 3,green flag sector 3
\voice\flags\green_flag_sector_3,4.wav,green flag sector 3,green flag sector 3,green flag sector 3
\voice\flags\green_flag_sector_3,5.wav,green flag sector 3,green flag sector 3,green flag sector 3
\voice\flags\green_flag_sector_3,6.wav,green flag sector 3,green flag sector 3,green flag sector 3
\voice\flags\green_flag_sector_3,7.wav,sector 3 is clear,sector 3 is clear,sector 3 is clear
\voice\flags\green_flag_sector_3,8.wav,green flag sector 3,green flag sector 3,green flag sector 3
\voice\flags\incident_in_corner_intro,1.wav,incident in,incident in,incident in
\voice\flags\incident_in_corner_intro,2.wav,there's an incident in,there's an incident in,there's an incident in
\voice\flags\incident_in_corner_intro,3.wav,there's an incident in,there's an incident in,there's an incident in
\voice\flags\incident_in_corner_with_driver_intro,4.wav,it looks like it's,it looks like it's,it looks like it's
\voice\flags\incident_in_corner_with_driver_intro,5.wav,we think it might be,we think it might be,we think it might be
\voice\flags\incident_in_corner_with_driver_intro,6.wav,it looks like,it looks like,it looks like
\voice\flags\is_the_lucky_dog,1.wav,is the lucky dog,is the lucky dog,is the lucky dog
\voice\flags\is_the_lucky_dog,2.wav,is the lucky dog,is the lucky dog,is the lucky dog
\voice\flags\is_the_lucky_dog,3.wav,is the lucky dog,is the lucky dog,is the lucky dog
\voice\flags\let_the_lucky_dog_pass_on_left,1.wav,"lucky dog has taken his lap back, watch out for him","lucky dog has taken his lap back, watch out for him","lucky dog has taken his lap back, watch out for him"
\voice\flags\let_the_lucky_dog_pass_on_left,2.wav,"watch out for the lucky dog, he's taking his lap back now","watch out for the lucky dog, he's taking his lap back now","watch out for the lucky dog, he's taking his lap back now"
\voice\flags\let_the_lucky_dog_pass_on_left,3.wav,"watch out for the lucky dog, he's taking his lap back","watch out for the lucky dog, he's taking his lap back","watch out for the lucky dog, he's taking his lap back"
\voice\flags\local_yellow_ahead,1.wav,"incidents ahead, heads up","incidents ahead, heads up","incidents ahead, heads up"
\voice\flags\local_yellow_ahead,2.wav,yellow flag ahead,yellow flag ahead,yellow flag ahead
\voice\flags\local_yellow_ahead,3.wav,incident up ahead,incident up ahead,incident up ahead
\voice\flags\local_yellow_ahead,4.wav,yellow flag ahead,yellow flag ahead,yellow flag ahead
\voice\flags\local_yellow_ahead,5.wav,yellow flag ahead,yellow flag ahead,yellow flag ahead
\voice\flags\local_yellow_ahead,6.wav,yellow flag ahead,yellow flag ahead,yellow flag ahead
\voice\flags\local_yellow_ahead,7.wav,yellow flag ahead,yellow flag ahead,yellow flag ahead
\voice\flags\local_yellow_ahead,8.wav,yellow flag ahead,yellow flag ahead,yellow flag ahead
\voice\flags\local_yellow_clear,1.wav,"green flag, you're clear","green flag, you're clear","green flag, you're clear"
\voice\flags\local_yellow_clear,10.wav,"incident clear, green flag","incident clear, green flag","incident clear, green flag"
\voice\flags\local_yellow_clear,11.wav,"incident clear, green flag","incident clear, green flag","incident clear, green flag"
\voice\flags\local_yellow_clear,12.wav,"incident clear, green flag","incident clear, green flag","incident clear, green flag"
\voice\flags\local_yellow_clear,13.wav,"incident clear, green flag","incident clear, green flag","incident clear, green flag"
\voice\flags\local_yellow_clear,2.wav,"you're clear, incident clear","you're clear, incident clear","you're clear, incident clear"
\voice\flags\local_yellow_clear,3.wav,green flag,green flag,green flag
\voice\flags\local_yellow_clear,4.wav,"incident clear, green flag","incident clear, green flag","incident clear, green flag"
\voice\flags\local_yellow_clear,5.wav,"green flag, all clear","green flag, all clear","green flag, all clear"
\voice\flags\local_yellow_clear,6.wav,"green flag, you're clear","green flag, you're clear","green flag, you're clear"
\voice\flags\local_yellow_clear,7.wav,"incident clear, green flag","incident clear, green flag","incident clear, green flag"
\voice\flags\local_yellow_clear,8.wav,"incident clear, green flag","incident clear, green flag","incident clear, green flag"
\voice\flags\local_yellow_clear,9.wav,"incident clear, green flag","incident clear, green flag","incident clear, green flag"
\voice\flags\local_yellow_flag,1.wav,"yellow flag, stay sharp","yellow flag, stay sharp","yellow flag, stay sharp"
\voice\flags\local_yellow_flag,2.wav,yellow flag,yellow flag,yellow flag
\voice\flags\local_yellow_flag,3.wav,yellow flag,yellow flag,yellow flag
\voice\flags\local_yellow_flag,5.wav,yellow flag,yellow flag,yellow flag
\voice\flags\local_yellow_flag,6.wav,yellow flag,yellow flag,yellow flag
\voice\flags\local_yellow_flag,7.wav,yellow flag,yellow flag,yellow flag
\voice\flags\local_yellow_flag,8.wav,yellow flag,yellow flag,yellow flag
\voice\flags\local_yellow_flag,9.wav,yellow flag,yellow flag,yellow flag
\voice\flags\lucky_dog_allow_pass_on_outside,1.wav,allow the lucky dog to pass on the outside,allow the lucky dog to pass on the outside,allow the lucky dog to pass on the outside
\voice\flags\lucky_dog_allow_pass_on_outside,2.wav,allow the lucky dog to pass on the outside,allow the lucky dog to pass on the outside,allow the lucky dog to pass on the outside
\voice\flags\lucky_dog_allow_pass_on_outside,3.wav,allow the lucky dog to pass on the outside,allow the lucky dog to pass on the outside,allow the lucky dog to pass on the outside
\voice\flags\lucky_dog_allow_pass_on_outside,4.wav,allow the lucky dog to pass on the outside,allow the lucky dog to pass on the outside,allow the lucky dog to pass on the outside
\voice\flags\lucky_dog_allow_pass_on_outside,5.wav,allow the lucky dog to pass on the outside,allow the lucky dog to pass on the outside,allow the lucky dog to pass on the outside
\voice\flags\lucky_dog_pass_on_outside,1.wav,"we're the lucky dog, pass the field on the outside","we're the lucky dog, pass the field on the outside","we're the lucky dog, pass the field on the outside"
\voice\flags\lucky_dog_pass_on_outside,2.wav,"we're the lucky dog, pass the field on the outside","we're the lucky dog, pass the field on the outside","we're the lucky dog, pass the field on the outside"
\voice\flags\lucky_dog_pass_on_outside,3.wav,"lucky dog, pass the field on the outside","lucky dog, pass the field on the outside","lucky dog, pass the field on the outside"
\voice\flags\lucky_dog_pass_on_outside,4.wav,"lucky dog, pass the field on the outside","lucky dog, pass the field on the outside","lucky dog, pass the field on the outside"
\voice\flags\lucky_dog_pass_on_outside,5.wav,"we're the lucky dog, pass the field on the outside","we're the lucky dog, pass the field on the outside","we're the lucky dog, pass the field on the outside"
\voice\flags\move_to_choose_lane,1.wav,move to the left or right to choose a lane,move to the left or right to choose a lane,move to the left or right to choose a lane
\voice\flags\move_to_choose_lane,2.wav,move to the left or the right to choose a lane,move to the left or the right to choose a lane,move to the left or the right to choose a lane
\voice\flags\move_to_choose_lane,3.wav,move to the left or right to choose your lane,move to the left or right to choose your lane,move to the left or right to choose your lane
\voice\flags\move_to_choose_lane,4.wav,move to the left or right to choose your lane,move to the left or right to choose your lane,move to the left or right to choose your lane
\voice\flags\move_to_choose_lane,5.wav,move to the left or to the right to choose your lane,move to the left or to the right to choose your lane,move to the left or to the right to choose your lane
\voice\flags\move_to_end_of_longest_line_for_penalty,1.wav,we need to fall back to the end of the longest line for our penalty,we need to fall back to the end of the longest line for our penalty,we need to fall back to the end of the longest line for our penalty
\voice\flags\move_to_end_of_longest_line_for_penalty,2.wav,we need to fall back for our end of longest line penalty,we need to fall back for our end of longest line penalty,we need to fall back for our end of longest line penalty
\voice\flags\move_to_end_of_longest_line_for_penalty,3.wav,"okay, we have a penalty, we need to fall back to the end of the longest line","okay, we have a penalty, we need to fall back to the end of the longest line","okay, we have a penalty, we need to fall back to the end of the longest line"
\voice\flags\name_has_gone_off_in_outro,1.wav,has gone off in,has gone off in,has gone off in
\voice\flags\name_has_gone_off_in_outro,2.wav,has binned it in,has binned it in,has binned it in
\voice\flags\name_has_gone_off_in_outro,3.wav,has gone off in,has gone off in,has gone off in
\voice\flags\name_has_gone_off_in_outro,4.wav,has gone off in,has gone off in,has gone off in
\voice\flags\name_has_gone_off_in_outro,5.wav,has gone off in,has gone off in,has gone off in
\voice\flags\name_has_gone_off_in_outro,6.wav,has crashed in,has crashed in,has crashed in
\voice\flags\name_has_gone_off_in_outro,7.wav,has stacked it in,has stacked it in,has stacked it in
\voice\flags\name_has_gone_off_intro,1.wav,it looks like,it looks like,it looks like
\voice\flags\name_has_gone_off_intro,2.wav,we think,we think,we think
\voice\flags\name_has_gone_off_intro,3.wav,we think that,we think that,we think that
\voice\flags\name_has_gone_off_intro,4.wav,we think,we think,we think
\voice\flags\name_has_gone_off_intro,5.wav,we can see,we can see,we can see
\voice\flags\name_has_gone_off_intro,6.wav,it looks like,it looks like,it looks like
\voice\flags\name_has_gone_off_intro,7.wav,we think that,we think that,we think that
\voice\flags\name_has_gone_off_outro,1.wav,has gone off,has gone off,has gone off
\voice\flags\name_has_gone_off_outro,2.wav,has binned it,has binned it,has binned it
\voice\flags\name_has_gone_off_outro,3.wav,has crashed,has crashed,has crashed
\voice\flags\name_has_gone_off_outro,4.wav,has binned it,has binned it,has binned it
\voice\flags\name_has_gone_off_outro,5.wav,has stacked it,has stacked it,has stacked it
\voice\flags\name_has_gone_off_outro,6.wav,has gone off,has gone off,has gone off
\voice\flags\name_has_gone_off_outro,7.wav,has spun off,has spun off,has spun off
\voice\flags\names_have_gone_off_in_outro,1.wav,have binned it in,have binned it in,have binned it in
\voice\flags\names_have_gone_off_in_outro,2.wav,have gone off in,have gone off in,have gone off in
\voice\flags\names_have_gone_off_in_outro,3.wav,have gone off in,have gone off in,have gone off in
\voice\flags\names_have_gone_off_in_outro,4.wav,have crashed in,have crashed in,have crashed in
\voice\flags\names_have_gone_off_in_outro,5.wav,have spun off in,have spun off in,have spun off in
\voice\flags\names_have_gone_off_in_outro,6.wav,have binned it in,have binned it in,have binned it in
\voice\flags\names_have_gone_off_outro,1.wav,have binned it,have binned it,have binned it
\voice\flags\names_have_gone_off_outro,2.wav,have stacked it,have stacked it,have stacked it
\voice\flags\names_have_gone_off_outro,3.wav,have gone off,have gone off,have gone off
\voice\flags\names_have_gone_off_outro,4.wav,have spun out,have spun out,have spun out
\voice\flags\names_have_gone_off_outro,5.wav,have spun off,have spun off,have spun off
\voice\flags\names_have_gone_off_outro,6.wav,have gone off,have gone off,have gone off
\voice\flags\names_have_gone_off_outro,7.wav,have binned it,have binned it,have binned it
\voice\flags\no_overtaking,1.wav,no overtaking,no overtaking,no overtaking
\voice\flags\no_overtaking,2.wav,no passing,no passing,no passing
\voice\flags\no_overtaking,3.wav,no overtaking,no overtaking,no overtaking
\voice\flags\on_the_inside_line,1.wav,on the inside line,on the inside line,on the inside line
\voice\flags\on_the_inside_line,2.wav,on the inside line,on the inside line,on the inside line
\voice\flags\on_the_inside_line,3.wav,on the inside line,on the inside line,on the inside line
\voice\flags\on_the_outside_line,4.wav,on the outside line,on the outside line,on the outside line
\voice\flags\on_the_outside_line,5.wav,on the outside line,on the outside line,on the outside line
\voice\flags\on_the_outside_line,6.wav,on the outside line,on the outside line,on the outside line
\voice\flags\pass_drivername_for_lucky_dog_position_intro,1_op_prefix_ok.wav,we need to pass,we need to pass,we need to pass
\voice\flags\pass_drivername_for_lucky_dog_position_intro,2_op_prefix_come_on.wav,we need to get by,we need to get by,we need to get by
\voice\flags\pass_drivername_for_lucky_dog_position_intro,3.wav,push so we can pass,push so we can pass,push so we can pass
\voice\flags\pass_drivername_for_lucky_dog_position_intro,4_op_prefix_ok.wav,you need to pass,you need to pass,you need to pass
\voice\flags\pass_drivername_for_lucky_dog_position_intro,5.wav,"push hard, we need to pass","push hard, we need to pass","push hard, we need to pass"
\voice\flags\pass_drivername_for_lucky_dog_position_outro,1.wav,to get the lucky dog position,to get the lucky dog position,to get the lucky dog position
\voice\flags\pass_drivername_for_lucky_dog_position_outro,2.wav,to get the lucky dog position,to get the lucky dog position,to get the lucky dog position
\voice\flags\pass_drivername_for_lucky_dog_position_outro,3.wav,so we can get the lucky dog position,so we can get the lucky dog position,so we can get the lucky dog position
\voice\flags\pass_drivername_for_lucky_dog_position_outro,4.wav,to put us in the lucky dog position,to put us in the lucky dog position,to put us in the lucky dog position
\voice\flags\pass_drivername_for_lucky_dog_position_outro,5.wav,to get the lucky dog position,to get the lucky dog position,to get the lucky dog position
\voice\flags\pass_this_guy_to_get_lucky_dog_position,1_op_prefix_ok.wav,"push now, we need to pass this guy to get the lucky dog position","push now, we need to pass this guy to get the lucky dog position","push now, we need to pass this guy to get the lucky dog position"
\voice\flags\pass_this_guy_to_get_lucky_dog_position,2.wav,"okay, pass this guy, let's get the lucky dog position","okay, pass this guy, let's get the lucky dog position","okay, pass this guy, let's get the lucky dog position"
\voice\flags\pass_this_guy_to_get_lucky_dog_position,3_op_prefix_ok.wav,we need to pass this guy to get the lucky dog position,we need to pass this guy to get the lucky dog position,we need to pass this guy to get the lucky dog position
\voice\flags\pass_this_guy_to_get_lucky_dog_position,4.wav,we need to pass this guy to get the lucky dog position,we need to pass this guy to get the lucky dog position,we need to pass this guy to get the lucky dog position
\voice\flags\pass_this_guy_to_get_lucky_dog_position,5_op_prefix_come_on.wav,"pass this guy, we want the lucky dog position","pass this guy, we want the lucky dog position","pass this guy, we want the lucky dog position"
\voice\flags\pileup_in_corner_intro,1.wav,there's a big pileup in,there's a big pileup in,there's a big pileup in
\voice\flags\pileup_in_corner_intro,2.wav,there's a big mess in,there's a big mess in,there's a big mess in
\voice\flags\pileup_in_corner_intro,3.wav,there's a big pileup in,there's a big pileup in,there's a big pileup in
\voice\flags\position1_has_gone_off,1.wav,looks like the leader's gone off,looks like the leader's gone off,looks like the leader's gone off
\voice\flags\position1_has_gone_off,2.wav,looks like the leader's binned it,looks like the leader's binned it,looks like the leader's binned it
\voice\flags\position1_has_gone_off,3.wav,looks like the leader's gone off,looks like the leader's gone off,looks like the leader's gone off
\voice\flags\position1_has_gone_off_in,1.wav,looks like P1 has gone off in,looks like P1 has gone off in,looks like P1 has gone off in
\voice\flags\position1_has_gone_off_in,2.wav,looks like the leader has gone off in,looks like the leader has gone off in,looks like the leader has gone off in
\voice\flags\position1_has_gone_off_in,3.wav,looks like the leader's binned it in,looks like the leader's binned it in,looks like the leader's binned it in
\voice\flags\position2_has_gone_off,4.wav,looks like P2's off,looks like P2's off,looks like P2's off
\voice\flags\position2_has_gone_off,5.wav,we think P2's binned it,we think P2's binned it,we think P2's binned it
\voice\flags\position2_has_gone_off,6.wav,looks like P2's gone off,looks like P2's gone off,looks like P2's gone off
\voice\flags\position2_has_gone_off_in,4.wav,we think P2's gone off in,we think P2's gone off in,we think P2's gone off in
\voice\flags\position2_has_gone_off_in,5.wav,we think P2's binned it in,we think P2's binned it in,we think P2's binned it in
\voice\flags\position2_has_gone_off_in,6.wav,looks like P2's gone off in,looks like P2's gone off in,looks like P2's gone off in
\voice\flags\position3_has_gone_off,7.wav,we think P3's binned it,we think P3's binned it,we think P3's binned it
\voice\flags\position3_has_gone_off,8.wav,looks like P3's gone off,looks like P3's gone off,looks like P3's gone off
\voice\flags\position3_has_gone_off,9.wav,P3 has gone off,P3 has gone off,P3 has gone off
\voice\flags\position3_has_gone_off_in,7.wav,we think P3 has binned it in,we think P3 has binned it in,we think P3 has binned it in
\voice\flags\position3_has_gone_off_in,8.wav,looks like P3's gone off in,looks like P3's gone off in,looks like P3's gone off in
\voice\flags\position3_has_gone_off_in,9.wav,we think P3's gone off in,we think P3's gone off in,we think P3's gone off in
\voice\flags\position4_has_gone_off,10.wav,we think P4's binned it,we think P4's binned it,we think P4's binned it
\voice\flags\position4_has_gone_off,11.wav,looks like P4's gone off,looks like P4's gone off,looks like P4's gone off
\voice\flags\position4_has_gone_off,12.wav,I think P4's gone off,I think P4's gone off,I think P4's gone off
\voice\flags\position4_has_gone_off_in,10.wav,looks like P4 has binned it in,looks like P4 has binned it in,looks like P4 has binned it in
\voice\flags\position4_has_gone_off_in,11.wav,we think P4 has gone off in,we think P4 has gone off in,we think P4 has gone off in
\voice\flags\position4_has_gone_off_in,12.wav,looks like P4 has gone off in,looks like P4 has gone off in,looks like P4 has gone off in
\voice\flags\position5_has_gone_off,1.wav,looks like P5's binned it,looks like P5's binned it,looks like P5's binned it
\voice\flags\position5_has_gone_off,2.wav,we think P5 has gone off,we think P5 has gone off,we think P5 has gone off
\voice\flags\position5_has_gone_off,3.wav,we think P5's gone off,we think P5's gone off,we think P5's gone off
\voice\flags\position5_has_gone_off_in,13.wav,we think P5 has binned it in,we think P5 has binned it in,we think P5 has binned it in
\voice\flags\position5_has_gone_off_in,14.wav,looks like P5's gone off in,looks like P5's gone off in,looks like P5's gone off in
\voice\flags\position5_has_gone_off_in,15.wav,we think P5 has binned it in,we think P5 has binned it in,we think P5 has binned it in
\voice\flags\position6_has_gone_off,4.wav,looks like P6 has binned it,looks like P6 has binned it,looks like P6 has binned it
\voice\flags\position6_has_gone_off,5.wav,we think P6 has gone off,we think P6 has gone off,we think P6 has gone off
\voice\flags\position6_has_gone_off,6.wav,looks like P6 has gone off,looks like P6 has gone off,looks like P6 has gone off
\voice\flags\position6_has_gone_off_in,16.wav,we think P6 has binned it in,we think P6 has binned it in,we think P6 has binned it in
\voice\flags\position6_has_gone_off_in,17.wav,looks like P6 has gone off in,looks like P6 has gone off in,looks like P6 has gone off in
\voice\flags\position6_has_gone_off_in,18.wav,we think P6 has gone off in,we think P6 has gone off in,we think P6 has gone off in
\voice\flags\remind_lucky_dog,1.wav,you are the lucky dog,you are the lucky dog,you are the lucky dog
\voice\flags\remind_lucky_dog,2.wav,you are the lucky dog,you are the lucky dog,you are the lucky dog
\voice\flags\remind_lucky_dog,3.wav,you are the lucky dog,you are the lucky dog,you are the lucky dog
\voice\flags\remind_lucky_dog,4.wav,you are the lucky dog,you are the lucky dog,you are the lucky dog
\voice\flags\remind_lucky_dog,5.wav,you are the lucky dog,you are the lucky dog,you are the lucky dog
\voice\flags\slow_car_ahead,1.wav,slow car ahead,slow car ahead,slow car ahead
\voice\flags\slow_car_ahead,2.wav,you got a slow car ahead,you got a slow car ahead,you got a slow car ahead
\voice\flags\slow_car_ahead,3.wav,slow car ahead,slow car ahead,slow car ahead
\voice\flags\slow_car_ahead,4.wav,there's a slow car ahead,there's a slow car ahead,there's a slow car ahead
\voice\flags\slow_car_ahead,5.wav,slow car ahead,slow car ahead,slow car ahead
\voice\flags\slow_car_ahead_stay_high,1.wav,"slow car ahead, stay high","slow car ahead, stay high","slow car ahead, stay high"
\voice\flags\slow_car_ahead_stay_high,2.wav,"we got a slow car ahead, stay high","we got a slow car ahead, stay high","we got a slow car ahead, stay high"
\voice\flags\slow_car_ahead_stay_high,3.wav,"slow car ahead, stay high","slow car ahead, stay high","slow car ahead, stay high"
\voice\flags\slow_car_ahead_stay_high,4.wav,"there's a slow car ahead, stay high","there's a slow car ahead, stay high","there's a slow car ahead, stay high"
\voice\flags\slow_car_ahead_stay_high,5.wav,"stay high, we got a slow car ahead","stay high, we got a slow car ahead","stay high, we got a slow car ahead"
\voice\flags\slow_car_in,1.wav,we got a slow car in,we got a slow car in,we got a slow car in
\voice\flags\slow_car_in,2.wav,there's a slow car in,there's a slow car in,there's a slow car in
\voice\flags\slow_car_in,3.wav,we've got a slow car in,we've got a slow car in,we've got a slow car in
\voice\flags\slow_car_in,4.wav,there's a slow car in,there's a slow car in,there's a slow car in
\voice\flags\slow_car_in,5.wav,there's a slow car in,there's a slow car in,there's a slow car in
\voice\flags\slow_car_in_the_tri-oval,1.wav,we got a slow car in the tri-oval,we got a slow car in the tri-oval,we got a slow car in the tri-oval
\voice\flags\slow_car_in_the_tri-oval,2.wav,there's a slow car in the tri-oval,there's a slow car in the tri-oval,there's a slow car in the tri-oval
\voice\flags\slow_car_in_the_tri-oval,3.wav,slow car in the tri-oval,slow car in the tri-oval,slow car in the tri-oval
\voice\flags\slow_car_in_the_tri-oval,4.wav,there's a slow car in the tri-oval,there's a slow car in the tri-oval,there's a slow car in the tri-oval
\voice\flags\slow_car_in_the_tri-oval,5.wav,we've got a slow car in the tri-oval,we've got a slow car in the tri-oval,we've got a slow car in the tri-oval
\voice\flags\slow_car_in_the_tri-oval_stay_high,1.wav,"there's a slow car in the tri-oval, stay high","there's a slow car in the tri-oval, stay high","there's a slow car in the tri-oval, stay high"
\voice\flags\slow_car_in_the_tri-oval_stay_high,2.wav,"slow car in the tri-oval, stay high","slow car in the tri-oval, stay high","slow car in the tri-oval, stay high"
\voice\flags\slow_car_in_the_tri-oval_stay_high,3.wav,"there's a slow car in the tri-oval, stay high","there's a slow car in the tri-oval, stay high","there's a slow car in the tri-oval, stay high"
\voice\flags\slow_car_in_the_tri-oval_stay_high,4.wav,"we've got a slow car in the tri-oval, stay high","we've got a slow car in the tri-oval, stay high","we've got a slow car in the tri-oval, stay high"
\voice\flags\slow_car_in_the_tri-oval_stay_high,5.wav,"slow car in the tri-oval, stay high","slow car in the tri-oval, stay high","slow car in the tri-oval, stay high"
\voice\flags\slow_car_in_turn_1,1.wav,we got a slow car in turn 1,we got a slow car in turn 1,we got a slow car in turn 1
\voice\flags\slow_car_in_turn_1,2.wav,there's a slow car in turn 1,there's a slow car in turn 1,there's a slow car in turn 1
\voice\flags\slow_car_in_turn_1,3.wav,there's a slow car in turn 1,there's a slow car in turn 1,there's a slow car in turn 1
\voice\flags\slow_car_in_turn_1,4.wav,we've got a slow car in turn 1,we've got a slow car in turn 1,we've got a slow car in turn 1
\voice\flags\slow_car_in_turn_1,5.wav,slow car in turn 1,slow car in turn 1,slow car in turn 1
\voice\flags\slow_car_in_turn_1_stay_high,1.wav,"we got a slow car in turn 1, stay high","we got a slow car in turn 1, stay high","we got a slow car in turn 1, stay high"
\voice\flags\slow_car_in_turn_1_stay_high,2.wav,"stay high in turn 1, we got a slow car","stay high in turn 1, we got a slow car","stay high in turn 1, we got a slow car"
\voice\flags\slow_car_in_turn_1_stay_high,3.wav,"there's a slow car in turn 1, stay high","there's a slow car in turn 1, stay high","there's a slow car in turn 1, stay high"
\voice\flags\slow_car_in_turn_1_stay_high,4.wav,"slow car in turn 1, stay high","slow car in turn 1, stay high","slow car in turn 1, stay high"
\voice\flags\slow_car_in_turn_1_stay_high,5.wav,"there's a slow car in turn 1, stay high","there's a slow car in turn 1, stay high","there's a slow car in turn 1, stay high"
\voice\flags\slow_car_in_turn_2,1.wav,there's a slow car in turn 2,there's a slow car in turn 2,there's a slow car in turn 2
\voice\flags\slow_car_in_turn_2,2.wav,we got a slow car in turn 2,we got a slow car in turn 2,we got a slow car in turn 2
\voice\flags\slow_car_in_turn_2,3.wav,there's a slow car in turn 2,there's a slow car in turn 2,there's a slow car in turn 2
\voice\flags\slow_car_in_turn_2,4.wav,there's a slow car in turn 2,there's a slow car in turn 2,there's a slow car in turn 2
\voice\flags\slow_car_in_turn_2,5.wav,we've got a slow car in turn 2,we've got a slow car in turn 2,we've got a slow car in turn 2
\voice\flags\slow_car_in_turn_2_stay_high,1.wav,"we've got a slow car in turn 2, stay high","we've got a slow car in turn 2, stay high","we've got a slow car in turn 2, stay high"
\voice\flags\slow_car_in_turn_2_stay_high,2.wav,"stay high in turn 2, we've got a slow car","stay high in turn 2, we've got a slow car","stay high in turn 2, we've got a slow car"
\voice\flags\slow_car_in_turn_2_stay_high,3.wav,"there's a slow car in turn 2, stay high","there's a slow car in turn 2, stay high","there's a slow car in turn 2, stay high"
\voice\flags\slow_car_in_turn_2_stay_high,4.wav,"slow car in turn 2, stay high","slow car in turn 2, stay high","slow car in turn 2, stay high"
\voice\flags\slow_car_in_turn_2_stay_high,5.wav,"there's a slow car in turn 2, stay high","there's a slow car in turn 2, stay high","there's a slow car in turn 2, stay high"
\voice\flags\slow_car_in_turn_3,1.wav,there's a slow car in turn 3,there's a slow car in turn 3,there's a slow car in turn 3
\voice\flags\slow_car_in_turn_3,2.wav,we got a slow car in turn 3,we got a slow car in turn 3,we got a slow car in turn 3
\voice\flags\slow_car_in_turn_3,3.wav,there's a slow car in turn 3,there's a slow car in turn 3,there's a slow car in turn 3
\voice\flags\slow_car_in_turn_3,4.wav,slow car in turn 3,slow car in turn 3,slow car in turn 3
\voice\flags\slow_car_in_turn_3,5.wav,there's a slow car in turn 3,there's a slow car in turn 3,there's a slow car in turn 3
\voice\flags\slow_car_in_turn_3_stay_high,1.wav,"there's a slow car in turn 3, stay high","there's a slow car in turn 3, stay high","there's a slow car in turn 3, stay high"
\voice\flags\slow_car_in_turn_3_stay_high,2.wav,"slow car in turn 3, stay high","slow car in turn 3, stay high","slow car in turn 3, stay high"
\voice\flags\slow_car_in_turn_3_stay_high,3.wav,"stay high in turn 3, we've got a slow car","stay high in turn 3, we've got a slow car","stay high in turn 3, we've got a slow car"
\voice\flags\slow_car_in_turn_3_stay_high,4.wav,"slow car in turn 3, stay high","slow car in turn 3, stay high","slow car in turn 3, stay high"
\voice\flags\slow_car_in_turn_3_stay_high,5.wav,"there's a slow car in turn 3, stay high","there's a slow car in turn 3, stay high","there's a slow car in turn 3, stay high"
\voice\flags\slow_car_in_turn_4,1.wav,there's a slow car in turn 4,there's a slow car in turn 4,there's a slow car in turn 4
\voice\flags\slow_car_in_turn_4,2.wav,we got a slow car in turn 4,we got a slow car in turn 4,we got a slow car in turn 4
\voice\flags\slow_car_in_turn_4,3.wav,slow car in turn 4,slow car in turn 4,slow car in turn 4
\voice\flags\slow_car_in_turn_4,4.wav,there's a slow car in turn 4,there's a slow car in turn 4,there's a slow car in turn 4
\voice\flags\slow_car_in_turn_4,5.wav,slow car in turn 4,slow car in turn 4,slow car in turn 4
\voice\flags\slow_car_in_turn_4_stay_high,1.wav,"slow car in turn 4, stay high","slow car in turn 4, stay high","slow car in turn 4, stay high"
\voice\flags\slow_car_in_turn_4_stay_high,2.wav,"we got a slow car in turn 4, stay high","we got a slow car in turn 4, stay high","we got a slow car in turn 4, stay high"
\voice\flags\slow_car_in_turn_4_stay_high,3.wav,"there's a slow car in turn 4, stay high","there's a slow car in turn 4, stay high","there's a slow car in turn 4, stay high"
\voice\flags\slow_car_in_turn_4_stay_high,4.wav,"slow car in turn 4, stay high","slow car in turn 4, stay high","slow car in turn 4, stay high"
\voice\flags\slow_car_in_turn_4_stay_high,5.wav,"slow car in turn 4, stay high","slow car in turn 4, stay high","slow car in turn 4, stay high"
\voice\flags\stay_behind,1.wav,stay behind,stay behind,stay behind
\voice\flags\stay_behind,2.wav,stay behind,stay behind,stay behind
\voice\flags\stay_behind,3.wav,stay behind,stay behind,stay behind
\voice\flags\stay_behind_the_pace_car,4.wav,stay behind the pace car,stay behind the pace car,stay behind the pace car
\voice\flags\stay_behind_the_pace_car,5.wav,stay behind the pace car,stay behind the pace car,stay behind the pace car
\voice\flags\stay_behind_the_pace_car,6.wav,stay behind the pace car,stay behind the pace car,stay behind the pace car
\voice\flags\stopped_car_ahead,1.wav,there's a car stopped ahead,there's a car stopped ahead,there's a car stopped ahead
\voice\flags\stopped_car_ahead,2.wav,we've got a stopped car ahead,we've got a stopped car ahead,we've got a stopped car ahead
\voice\flags\stopped_car_ahead,3.wav,there's a stopped car ahead,there's a stopped car ahead,there's a stopped car ahead
\voice\flags\stopped_car_ahead,4.wav,there's a car stopped ahead,there's a car stopped ahead,there's a car stopped ahead
\voice\flags\stopped_car_ahead,5.wav,there's a car stopped ahead,there's a car stopped ahead,there's a car stopped ahead
\voice\flags\stopped_car_ahead_stay_high,1.wav,"there's a car stopped ahead, stay high","there's a car stopped ahead, stay high","there's a car stopped ahead, stay high"
\voice\flags\stopped_car_ahead_stay_high,2.wav,"you got a car stopped ahead, stay high","you got a car stopped ahead, stay high","you got a car stopped ahead, stay high"
\voice\flags\stopped_car_ahead_stay_high,3.wav,"there's a stopped car ahead, stay high","there's a stopped car ahead, stay high","there's a stopped car ahead, stay high"
\voice\flags\stopped_car_ahead_stay_high,4.wav,"there's a stopped car ahead, stay high","there's a stopped car ahead, stay high","there's a stopped car ahead, stay high"
\voice\flags\stopped_car_ahead_stay_high,5.wav,"there's a car stopped ahead, stay high","there's a car stopped ahead, stay high","there's a car stopped ahead, stay high"
\voice\flags\stopped_car_in,1.wav,there's a car stopped in,there's a car stopped in,there's a car stopped in
\voice\flags\stopped_car_in,2.wav,there's a car stopped in,there's a car stopped in,there's a car stopped in
\voice\flags\stopped_car_in,3.wav,we got a car stopped in,we got a car stopped in,we got a car stopped in
\voice\flags\stopped_car_in,4.wav,there's a car stopped in,there's a car stopped in,there's a car stopped in
\voice\flags\stopped_car_in,5.wav,there's a car stopped in,there's a car stopped in,there's a car stopped in
\voice\flags\stopped_car_in_the_tri-oval,1.wav,there's a car stopped in the tri-oval,there's a car stopped in the tri-oval,there's a car stopped in the tri-oval
\voice\flags\stopped_car_in_the_tri-oval,2.wav,we've got a car stopped in the tri-oval,we've got a car stopped in the tri-oval,we've got a car stopped in the tri-oval
\voice\flags\stopped_car_in_the_tri-oval,3.wav,there's a car stopped in the tri-oval,there's a car stopped in the tri-oval,there's a car stopped in the tri-oval
\voice\flags\stopped_car_in_the_tri-oval,4.wav,we got a car stopped in the tri-oval,we got a car stopped in the tri-oval,we got a car stopped in the tri-oval
\voice\flags\stopped_car_in_the_tri-oval,5.wav,there's a car stopped in the tri-oval,there's a car stopped in the tri-oval,there's a car stopped in the tri-oval
\voice\flags\stopped_car_in_the_tri-oval_stay_high,1.wav,there's a car stopped in the tri-oval,there's a car stopped in the tri-oval,there's a car stopped in the tri-oval
\voice\flags\stopped_car_in_the_tri-oval_stay_high,2.wav,"there's a car stopped in the tri-oval, stay high","there's a car stopped in the tri-oval, stay high","there's a car stopped in the tri-oval, stay high"
\voice\flags\stopped_car_in_the_tri-oval_stay_high,3.wav,"we've got a car stopped in the tri-oval, stay high","we've got a car stopped in the tri-oval, stay high","we've got a car stopped in the tri-oval, stay high"
\voice\flags\stopped_car_in_the_tri-oval_stay_high,4.wav,"car stopped in the tri-oval, stay high","car stopped in the tri-oval, stay high","car stopped in the tri-oval, stay high"
\voice\flags\stopped_car_in_the_tri-oval_stay_high,5.wav,"there's a car stopped in the tri-oval, stay high","there's a car stopped in the tri-oval, stay high","there's a car stopped in the tri-oval, stay high"
\voice\flags\stopped_car_in_turn_1,1.wav,there's a car stopped in turn 1,there's a car stopped in turn 1,there's a car stopped in turn 1
\voice\flags\stopped_car_in_turn_1,2.wav,we got a stopped car in turn 1,we got a stopped car in turn 1,we got a stopped car in turn 1
\voice\flags\stopped_car_in_turn_1,3.wav,there's a car stopped in turn 1,there's a car stopped in turn 1,there's a car stopped in turn 1
\voice\flags\stopped_car_in_turn_1,4.wav,we've got a car stopped in turn 1,we've got a car stopped in turn 1,we've got a car stopped in turn 1
\voice\flags\stopped_car_in_turn_1,5.wav,there's a car stopped in turn 1,there's a car stopped in turn 1,there's a car stopped in turn 1
\voice\flags\stopped_car_in_turn_1_stay_high,1.wav,"there's a car stopped in turn 1, stay high","there's a car stopped in turn 1, stay high","there's a car stopped in turn 1, stay high"
\voice\flags\stopped_car_in_turn_1_stay_high,2.wav,"car stopped in turn 1, stay high","car stopped in turn 1, stay high","car stopped in turn 1, stay high"
\voice\flags\stopped_car_in_turn_1_stay_high,3.wav,"we've got a car stopped in turn 1, stay high","we've got a car stopped in turn 1, stay high","we've got a car stopped in turn 1, stay high"
\voice\flags\stopped_car_in_turn_1_stay_high,4.wav,"car stopped in turn 1, stay high","car stopped in turn 1, stay high","car stopped in turn 1, stay high"
\voice\flags\stopped_car_in_turn_1_stay_high,5.wav,"there's a stopped car in turn 1, stay high","there's a stopped car in turn 1, stay high","there's a stopped car in turn 1, stay high"
\voice\flags\stopped_car_in_turn_2,1.wav,there's a car stopped in turn 2,there's a car stopped in turn 2,there's a car stopped in turn 2
\voice\flags\stopped_car_in_turn_2,2.wav,there's a car stopped in turn 2,there's a car stopped in turn 2,there's a car stopped in turn 2
\voice\flags\stopped_car_in_turn_2,3.wav,we got a car stopped in turn 2,we got a car stopped in turn 2,we got a car stopped in turn 2
\voice\flags\stopped_car_in_turn_2,4.wav,there's a stopped car in turn 2,there's a stopped car in turn 2,there's a stopped car in turn 2
\voice\flags\stopped_car_in_turn_2,5.wav,car stopped in turn 2,car stopped in turn 2,car stopped in turn 2
\voice\flags\stopped_car_in_turn_2_stay_high,1.wav,"we've got a stopped car in turn 2, stay high","we've got a stopped car in turn 2, stay high","we've got a stopped car in turn 2, stay high"
\voice\flags\stopped_car_in_turn_2_stay_high,2.wav,"there's a car stopped in turn 2, stay high","there's a car stopped in turn 2, stay high","there's a car stopped in turn 2, stay high"
\voice\flags\stopped_car_in_turn_2_stay_high,3.wav,"stopped car in turn 2, stay high","stopped car in turn 2, stay high","stopped car in turn 2, stay high"
\voice\flags\stopped_car_in_turn_2_stay_high,4.wav,"stopped car in turn 2, stay high","stopped car in turn 2, stay high","stopped car in turn 2, stay high"
\voice\flags\stopped_car_in_turn_2_stay_high,5.wav,"there's a car stopped in turn 2, stay high","there's a car stopped in turn 2, stay high","there's a car stopped in turn 2, stay high"
\voice\flags\stopped_car_in_turn_3,1.wav,there's a car stopped in turn 3,there's a car stopped in turn 3,there's a car stopped in turn 3
\voice\flags\stopped_car_in_turn_3,2.wav,we got a car stopped in turn 3,we got a car stopped in turn 3,we got a car stopped in turn 3
\voice\flags\stopped_car_in_turn_3,3.wav,there's a car stopped in turn 3,there's a car stopped in turn 3,there's a car stopped in turn 3
\voice\flags\stopped_car_in_turn_3,4.wav,car stopped in turn 3,car stopped in turn 3,car stopped in turn 3
\voice\flags\stopped_car_in_turn_3,5.wav,there's a car stopped in turn 3,there's a car stopped in turn 3,there's a car stopped in turn 3
\voice\flags\stopped_car_in_turn_3_stay_high,1.wav,"we got a car stopped in turn 3, stay high","we got a car stopped in turn 3, stay high","we got a car stopped in turn 3, stay high"
\voice\flags\stopped_car_in_turn_3_stay_high,2.wav,"there's a stopped car in turn 3, stay high","there's a stopped car in turn 3, stay high","there's a stopped car in turn 3, stay high"
\voice\flags\stopped_car_in_turn_3_stay_high,3.wav,"car stopped in turn 3, stay high","car stopped in turn 3, stay high","car stopped in turn 3, stay high"
\voice\flags\stopped_car_in_turn_3_stay_high,4.wav,"stopped car in turn 3, stay high","stopped car in turn 3, stay high","stopped car in turn 3, stay high"
\voice\flags\stopped_car_in_turn_3_stay_high,5.wav,"we've got a stopped car in turn 3, stay high","we've got a stopped car in turn 3, stay high","we've got a stopped car in turn 3, stay high"
\voice\flags\stopped_car_in_turn_4,1.wav,there's a car stopped in turn 4,there's a car stopped in turn 4,there's a car stopped in turn 4
\voice\flags\stopped_car_in_turn_4,2.wav,we got a car stopped in turn 4,we got a car stopped in turn 4,we got a car stopped in turn 4
\voice\flags\stopped_car_in_turn_4,3.wav,there's a stopped car in turn 4,there's a stopped car in turn 4,there's a stopped car in turn 4
\voice\flags\stopped_car_in_turn_4,4.wav,car stopped in turn 4,car stopped in turn 4,car stopped in turn 4
\voice\flags\stopped_car_in_turn_4,5.wav,there's a car stopped in turn 4,there's a car stopped in turn 4,there's a car stopped in turn 4
\voice\flags\stopped_car_in_turn_4_stay_high,1.wav,"there's a car stopped in turn 4, stay high","there's a car stopped in turn 4, stay high","there's a car stopped in turn 4, stay high"
\voice\flags\stopped_car_in_turn_4_stay_high,2.wav,"car stopped in turn 4, stay high","car stopped in turn 4, stay high","car stopped in turn 4, stay high"
\voice\flags\stopped_car_in_turn_4_stay_high,3.wav,"there's a stopped car in turn 4, stay high","there's a stopped car in turn 4, stay high","there's a stopped car in turn 4, stay high"
\voice\flags\stopped_car_in_turn_4_stay_high,4.wav,"we got a car stopped in turn 4, stay high","we got a car stopped in turn 4, stay high","we got a car stopped in turn 4, stay high"
\voice\flags\stopped_car_in_turn_4_stay_high,5.wav,"car stopped turn 4, stay high","car stopped turn 4, stay high","car stopped turn 4, stay high"
\voice\flags\the_pace_car_is_in_turn,1.wav,the pace car is in,the pace car is in,the pace car is in
\voice\flags\the_pace_car_is_in_turn,2.wav,the pace car is in,the pace car is in,the pace car is in
\voice\flags\the_pace_car_is_in_turn,3.wav,the pace car's in,the pace car's in,the pace car's in
\voice\flags\two_to_green,1.wav,two to green,two to green,two to green
\voice\flags\two_to_green,2.wav,two more to green,two more to green,two more to green
\voice\flags\two_to_green,3.wav,two to green,two to green,two to green
\voice\flags\two_to_green,4.wav,two to green,two to green,two to green
\voice\flags\two_to_green,5.wav,two more to green,two more to green,two more to green
\voice\flags\two_to_green_remind_lucky_dog,1.wav,"two to green, you were the lucky dog","two to green, you were the lucky dog","two to green, you were the lucky dog"
\voice\flags\two_to_green_remind_lucky_dog,2.wav,"two to green, you were the lucky dog","two to green, you were the lucky dog","two to green, you were the lucky dog"
\voice\flags\two_to_green_remind_lucky_dog,3.wav,"two more to green, you were the lucky dog","two more to green, you were the lucky dog","two more to green, you were the lucky dog"
\voice\flags\two_to_green_remind_lucky_dog,4.wav,"two to green, you were the lucky dog","two to green, you were the lucky dog","two to green, you were the lucky dog"
\voice\flags\two_to_green_remind_lucky_dog,5.wav,"two to green, you were the lucky dog","two to green, you were the lucky dog","two to green, you were the lucky dog"
\voice\flags\wave_around_catch_end_of_field,1.wav,"wave around, catch the rear of the field","wave around, catch the rear of the field","wave around, catch the rear of the field"
\voice\flags\wave_around_catch_end_of_field,2.wav,"we've been waved around, catch the rear of the field","we've been waved around, catch the rear of the field","we've been waved around, catch the rear of the field"
\voice\flags\wave_around_catch_end_of_field,3.wav,"we've been waved around, catch the rear of the field","we've been waved around, catch the rear of the field","we've been waved around, catch the rear of the field"
\voice\flags\wave_around_catch_end_of_field,4.wav,"catch the rear of the field, we've been waved around","catch the rear of the field, we've been waved around","catch the rear of the field, we've been waved around"
\voice\flags\wave_around_catch_end_of_field,5.wav,"wave around, we need to catch the rear of the field","wave around, we need to catch the rear of the field","wave around, we need to catch the rear of the field"
\voice\flags\we_are_in_lucky_dog_position,1_op_prefix_ok.wav,"we're in the lucky dog position, let's push hard to keep it","we're in the lucky dog position, let's push hard to keep it","we're in the lucky dog position, let's push hard to keep it"
\voice\flags\we_are_in_lucky_dog_position,2_op_prefix_ok.wav,we're in the lucky dog position right now,we're in the lucky dog position right now,we're in the lucky dog position right now
\voice\flags\we_are_in_lucky_dog_position,3.wav,"okay, we'll be the lucky dog, let's keep this position","okay, we'll be the lucky dog, let's keep this position","okay, we'll be the lucky dog, let's keep this position"
\voice\flags\we_are_in_lucky_dog_position,4.wav,"we'll be the lucky dog, keep the position","we'll be the lucky dog, keep the position","we'll be the lucky dog, keep the position"
\voice\flags\we_are_in_lucky_dog_position,5_op_prefix_ok.wav,"we're in the lucky dog position, let's see if we can keep it","we're in the lucky dog position, let's see if we can keep it","we're in the lucky dog position, let's see if we can keep it"
\voice\flags\we_are_the_lucky_dog,1.wav,"okay, we got the lucky dog, let's pass the field to get our lap back","okay, we got the lucky dog, let's pass the field to get our lap back","okay, we got the lucky dog, let's pass the field to get our lap back"
\voice\flags\we_are_the_lucky_dog,2.wav,"we are the lucky dog, go ahead, take your lap back","we are the lucky dog, go ahead, take your lap back","we are the lucky dog, go ahead, take your lap back"
\voice\flags\we_are_the_lucky_dog,3.wav,"we got the lucky dog, let's get our lap back, pass the field on the left","we got the lucky dog, let's get our lap back, pass the field on the left","we got the lucky dog, let's get our lap back, pass the field on the left"
\voice\flags\we_have_been_waved_around,1.wav,"okay, we're a wave-around, let's get our lap back","okay, we're a wave-around, let's get our lap back","okay, we're a wave-around, let's get our lap back"
\voice\flags\we_have_been_waved_around,2.wav,"let's pass the pace car, we are waved around","let's pass the pace car, we are waved around","let's pass the pace car, we are waved around"
\voice\flags\we_have_been_waved_around,3.wav,"okay, they're telling us to pass the pace car to get our wave-around lap back","okay, they're telling us to pass the pace car to get our wave-around lap back","okay, they're telling us to pass the pace car to get our wave-around lap back"
\voice\flags\we_have_been_waved_around,4.wav,"okay, we're a wave-around, pass the pace car, let's get the lap back","okay, we're a wave-around, pass the pace car, let's get the lap back","okay, we're a wave-around, pass the pace car, let's get the lap back"
\voice\flags\white_flag,1.wav,white flag,white flag,white flag
\voice\flags\white_flag,2.wav,there's a white flag,there's a white flag,there's a white flag
\voice\flags\white_flag,3.wav,"white flag, mate","white flag, mate","white flag, mate"
\voice\flags\yellow_flag,1.wav,yellow flag,yellow flag,yellow flag
\voice\flags\yellow_flag,2.wav,"yellow flag, watch out","yellow flag, watch out","yellow flag, watch out"
\voice\flags\yellow_flag,3.wav,"yellow flag, keep your wits about you, mate","yellow flag, keep your wits about you, mate","yellow flag, keep your wits about you, mate"
\voice\flags\yellow_flag,4.wav,yellow flag,yellow flag,yellow flag
\voice\flags\yellow_flag,5.wav,yellow flag,yellow flag,yellow flag
\voice\flags\yellow_flag,6.wav,yellow flag,yellow flag,yellow flag
\voice\flags\yellow_flag,7.wav,yellow flag,yellow flag,yellow flag
\voice\flags\yellow_flag,8.wav,yellow flag,yellow flag,yellow flag
\voice\flags\yellow_flag,9.wav,yellow flag,yellow flag,yellow flag
\voice\flags\yellow_flag_sector_1,1.wav,"yellow flag, sector 1","yellow flag, sector 1","yellow flag, sector 1"
\voice\flags\yellow_flag_sector_1,10.wav,yellow flag in sector 1,yellow flag in sector 1,yellow flag in sector 1
\voice\flags\yellow_flag_sector_1,2.wav,yellow flag in sector 1,yellow flag in sector 1,yellow flag in sector 1
\voice\flags\yellow_flag_sector_1,3.wav,sector 1 is yellow,sector 1 is yellow,sector 1 is yellow
\voice\flags\yellow_flag_sector_1,4.wav,"incident in sector 1, sector 1 is yellow","incident in sector 1, sector 1 is yellow","incident in sector 1, sector 1 is yellow"
\voice\flags\yellow_flag_sector_1,5.wav,yellow flag in sector 1,yellow flag in sector 1,yellow flag in sector 1
\voice\flags\yellow_flag_sector_1,6.wav,yellow flag in sector 1,yellow flag in sector 1,yellow flag in sector 1
\voice\flags\yellow_flag_sector_1,7.wav,yellow flag in sector 1,yellow flag in sector 1,yellow flag in sector 1
\voice\flags\yellow_flag_sector_1,8.wav,yellow flag in sector 1,yellow flag in sector 1,yellow flag in sector 1
\voice\flags\yellow_flag_sector_1,9.wav,yellow flag in sector 1,yellow flag in sector 1,yellow flag in sector 1
\voice\flags\yellow_flag_sector_2,1.wav,sector 2 is yellow,sector 2 is yellow,sector 2 is yellow
\voice\flags\yellow_flag_sector_2,10.wav,sector 2 is yellow,sector 2 is yellow,sector 2 is yellow
\voice\flags\yellow_flag_sector_2,2.wav,"yellow flag, sector 2","yellow flag, sector 2","yellow flag, sector 2"
\voice\flags\yellow_flag_sector_2,3.wav,yellow flag in sector 2,yellow flag in sector 2,yellow flag in sector 2
\voice\flags\yellow_flag_sector_2,4.wav,sector 2 is yellow,sector 2 is yellow,sector 2 is yellow
\voice\flags\yellow_flag_sector_2,5.wav,"incident in sector 2, sector 2 is yellow","incident in sector 2, sector 2 is yellow","incident in sector 2, sector 2 is yellow"
\voice\flags\yellow_flag_sector_2,6.wav,sector 2 is yellow,sector 2 is yellow,sector 2 is yellow
\voice\flags\yellow_flag_sector_2,7.wav,sector 2 is yellow,sector 2 is yellow,sector 2 is yellow
\voice\flags\yellow_flag_sector_2,8.wav,sector 2 is yellow,sector 2 is yellow,sector 2 is yellow
\voice\flags\yellow_flag_sector_2,9.wav,sector 2 is yellow,sector 2 is yellow,sector 2 is yellow
\voice\flags\yellow_flag_sector_3,1.wav,"yellow flag, sector 3","yellow flag, sector 3","yellow flag, sector 3"
\voice\flags\yellow_flag_sector_3,10.wav,yellow flag in sector 3,yellow flag in sector 3,yellow flag in sector 3
\voice\flags\yellow_flag_sector_3,2.wav,yellow flag in sector 3,yellow flag in sector 3,yellow flag in sector 3
\voice\flags\yellow_flag_sector_3,3.wav,sector 3 is yellow,sector 3 is yellow,sector 3 is yellow
\voice\flags\yellow_flag_sector_3,4.wav,"incident in sector 3, sector 3 is yellow","incident in sector 3, sector 3 is yellow","incident in sector 3, sector 3 is yellow"
\voice\flags\yellow_flag_sector_3,5.wav,yellow flag in sector 3,yellow flag in sector 3,yellow flag in sector 3
\voice\flags\yellow_flag_sector_3,6.wav,yellow flag in sector 3,yellow flag in sector 3,yellow flag in sector 3
\voice\flags\yellow_flag_sector_3,7.wav,yellow flag in sector 3,yellow flag in sector 3,yellow flag in sector 3
\voice\flags\yellow_flag_sector_3,8.wav,yellow flag in sector 3,yellow flag in sector 3,yellow flag in sector 3
\voice\flags\yellow_flag_sector_3,9.wav,yellow flag in sector 3,yellow flag in sector 3,yellow flag in sector 3
\voice\fuel\about_to_run_out,1.wav,"we're running on fumes, mate","we're running on fumes, mate","we're running on fumes, mate"
\voice\fuel\about_to_run_out,2.wav,very little fuel left,very little fuel left,very little fuel left
\voice\fuel\and_closes_after,1.wav,and closes after,and closes after,and closes after
\voice\fuel\and_closes_after,2.wav,and closes after,and closes after,and closes after
\voice\fuel\and_closes_after,3.wav,and closes at about,and closes at about,and closes at about
\voice\fuel\and_closes_after,4.wav,and should close at about,and should close at about,and should close at about
\voice\fuel\and_closes_after,5.wav,and closes after,and closes after,and closes after
\voice\fuel\and_closes_after,6.wav,and closes at about,and closes at about,and closes at about
\voice\fuel\and_will_close_on_lap,1.wav,it will end on lap,it will end on lap,it will end on lap
\voice\fuel\and_will_close_on_lap,2.wav,it'll close on lap,it'll close on lap,it'll close on lap
\voice\fuel\and_will_close_on_lap,3.wav,it'll end on lap,it'll end on lap,it'll end on lap
\voice\fuel\and_will_close_on_lap,4.wav,it'll close on lap,it'll close on lap,it'll close on lap
\voice\fuel\and_will_close_on_lap,5.wav,and it'll close on lap,and it'll close on lap,and it'll close on lap
\voice\fuel\and_will_close_on_lap,6.wav,and it should close on lap,and it should close on lap,and it should close on lap
\voice\fuel\five_minutes_fuel,1_op_prefix_ok.wav,"5 minutes of fuel remaining, 5 minutes","5 minutes of fuel remaining, 5 minutes","5 minutes of fuel remaining, 5 minutes"
\voice\fuel\five_minutes_fuel,2.wav,that's 5 minutes of fuel left,that's 5 minutes of fuel left,that's 5 minutes of fuel left
\voice\fuel\five_minutes_fuel,3_op_prefix_ok.wav,we estimate you got 5 minutes of fuel remaining,we estimate you got 5 minutes of fuel remaining,we estimate you got 5 minutes of fuel remaining
\voice\fuel\for,1.wav,for,for,for
\voice\fuel\for,2.wav,for,for,for
\voice\fuel\for,3.wav,for,for,for
\voice\fuel\for,4.wav,for,for,for
\voice\fuel\for,5.wav,for,for,for
\voice\fuel\four_laps_fuel,1_op_prefix_ok.wav,you got about 4 laps of fuel left,you got about 4 laps of fuel left,you got about 4 laps of fuel left
\voice\fuel\four_laps_fuel,2.wav,we estimate 4 laps fuel remaining,we estimate 4 laps fuel remaining,we estimate 4 laps fuel remaining
\voice\fuel\four_laps_fuel,3_op_prefix_ok.wav,you got about 4 laps of fuel left,you got about 4 laps of fuel left,you got about 4 laps of fuel left
\voice\fuel\fuel_should_be_ok,1.wav,we should have just enough fuel to the end,we should have just enough fuel to the end,we should have just enough fuel to the end
\voice\fuel\fuel_should_be_ok,2.wav,we should have just enough to get us to the end,we should have just enough to get us to the end,we should have just enough to get us to the end
\voice\fuel\fuel_should_be_ok,3.wav,we should have just enough fuel to get us to the end,we should have just enough fuel to get us to the end,we should have just enough fuel to get us to the end
\voice\fuel\fuel_should_be_ok,4.wav,"we should have enough fuel to get to the end, but it'll be tight","we should have enough fuel to get to the end, but it'll be tight","we should have enough fuel to get to the end, but it'll be tight"
\voice\fuel\fuel_should_be_ok,5.wav,"we think you're okay for fuel, but there's not much to spare","we think you're okay for fuel, but there's not much to spare","we think you're okay for fuel, but there's not much to spare"
\voice\fuel\fuel_should_be_ok,6.wav,your fuel should be okay if your consumption remains like it is,your fuel should be okay if your consumption remains like it is,your fuel should be okay if your consumption remains like it is
\voice\fuel\fuel_will_be_tight,1.wav,"fuel's gonna be tight, we're not sure you'll make it to the end","fuel's gonna be tight, we're not sure you'll make it to the end","fuel's gonna be tight, we're not sure you'll make it to the end"
\voice\fuel\fuel_will_be_tight,2.wav,"fuel looks tight, you might make it to the end","fuel looks tight, you might make it to the end","fuel looks tight, you might make it to the end"
\voice\fuel\fuel_will_be_tight,3.wav,"fuel is tight, you might need to save some fuel to get to the end","fuel is tight, you might need to save some fuel to get to the end","fuel is tight, you might need to save some fuel to get to the end"
\voice\fuel\fuel_will_be_tight,4.wav,"we think the fuel's gonna be tight, you might need to save some","we think the fuel's gonna be tight, you might need to save some","we think the fuel's gonna be tight, you might need to save some"
\voice\fuel\fuel_will_be_tight,5.wav,"the fuel will be tight, we think you'll get to the end but we're not sure","the fuel will be tight, we think you'll get to the end but we're not sure","the fuel will be tight, we think you'll get to the end but we're not sure"
\voice\fuel\gallon,1.wav,gallon,gallon,gallon
\voice\fuel\gallon,2.wav,gallon,gallon,gallon
\voice\fuel\gallon,3.wav,gallon,gallon,gallon
\voice\fuel\gallons,1.wav,gallons,gallons,gallons
\voice\fuel\gallons,2.wav,gallons,gallons,gallons
\voice\fuel\gallons,3.wav,gallons,gallons,gallons
\voice\fuel\gallons_per_lap,1.wav,gallons per lap,gallons per lap,gallons per lap
\voice\fuel\gallons_per_lap,2.wav,gallons per lap,gallons per lap,gallons per lap
\voice\fuel\gallons_per_lap,3.wav,gallons per lap,gallons per lap,gallons per lap
\voice\fuel\gallons_remaining,1.wav,gallons remaining,gallons remaining,gallons remaining
\voice\fuel\gallons_remaining,2.wav,gallons remaining,gallons remaining,gallons remaining
\voice\fuel\gallons_remaining,3.wav,gallons remaining,gallons remaining,gallons remaining
\voice\fuel\gallons_to_get_to_the_end,1.wav,gallons to get to the end,gallons to get to the end,gallons to get to the end
\voice\fuel\gallons_to_get_to_the_end,2.wav,gallons to get to the end,gallons to get to the end,gallons to get to the end
\voice\fuel\gallons_to_get_to_the_end,3.wav,gallons to get to the end of the race,gallons to get to the end of the race,gallons to get to the end of the race
\voice\fuel\gallons_to_get_to_the_end,4.wav,gallons to reach the end of the race,gallons to reach the end of the race,gallons to reach the end of the race
\voice\fuel\gallons_to_get_to_the_end,5.wav,gallons to get to the end of the race,gallons to get to the end of the race,gallons to get to the end of the race
\voice\fuel\half_a_gallon_remaining,1.wav,half a gallon remaining,half a gallon remaining,half a gallon remaining
\voice\fuel\half_a_gallon_remaining,2.wav,you got half a gallon left,you got half a gallon left,you got half a gallon left
\voice\fuel\half_a_gallon_remaining,3.wav,half a gallon of fuel remaining,half a gallon of fuel remaining,half a gallon of fuel remaining
\voice\fuel\half_a_gallon_remaining,4.wav,that's half a gallon of fuel left,that's half a gallon of fuel left,that's half a gallon of fuel left
\voice\fuel\half_distance_good_fuel,10.wav,"we're half-way home, we're okay on fuel","we're half-way home, we're okay on fuel","we're half-way home, we're okay on fuel"
\voice\fuel\half_distance_good_fuel,11.wav,"that's half-distance, the fuel's okay","that's half-distance, the fuel's okay","that's half-distance, the fuel's okay"
\voice\fuel\half_distance_good_fuel,12.wav,"half-distance, fuel looks good","half-distance, fuel looks good","half-distance, fuel looks good"
\voice\fuel\half_distance_good_fuel,1_op_prefix_ok.wav,"that's half-distance, you're looking good for fuel","that's half-distance, you're looking good for fuel","that's half-distance, you're looking good for fuel"
\voice\fuel\half_distance_good_fuel,2.wav,"half-distance, fuel looks good","half-distance, fuel looks good","half-distance, fuel looks good"
\voice\fuel\half_distance_good_fuel,3_op_prefix_ok.wav,"you're half-way home, got plenty of fuel","you're half-way home, got plenty of fuel","you're half-way home, got plenty of fuel"
\voice\fuel\half_distance_good_fuel,4.wav,"we're half-way home, fuel looks okay","we're half-way home, fuel looks okay","we're half-way home, fuel looks okay"
\voice\fuel\half_distance_good_fuel,op_prefix_ok_5.wav,"half-way home, fuel looks good","half-way home, fuel looks good","half-way home, fuel looks good"
\voice\fuel\half_distance_good_fuel,op_prefix_ok_6.wav,"you're half-way home, your fuel is fine","you're half-way home, your fuel is fine","you're half-way home, your fuel is fine"
\voice\fuel\half_distance_good_fuel,op_prefix_ok_7.wav,"half-way home, we got plenty of fuel","half-way home, we got plenty of fuel","half-way home, we got plenty of fuel"
\voice\fuel\half_distance_good_fuel,op_prefix_ok_8.wav,"half-way home, fuel's good","half-way home, fuel's good","half-way home, fuel's good"
\voice\fuel\half_distance_good_fuel,op_prefix_ok_9.wav,"that's half-distance, fuel levels are fine","that's half-distance, fuel levels are fine","that's half-distance, fuel levels are fine"
\voice\fuel\half_distance_low_fuel,1.wav,"that's half-distance, looks like you're gonna need to save some fuel","that's half-distance, looks like you're gonna need to save some fuel","that's half-distance, looks like you're gonna need to save some fuel"
\voice\fuel\half_distance_low_fuel,2.wav,"you're half-way home, but you will not make it to the end on fuel","you're half-way home, but you will not make it to the end on fuel","you're half-way home, but you will not make it to the end on fuel"
\voice\fuel\half_distance_low_fuel,3.wav,"that's half-distance, you'll need to save some fuel","that's half-distance, you'll need to save some fuel","that's half-distance, you'll need to save some fuel"
\voice\fuel\half_tank_warning,1_op_prefix_ok.wav,you've used half your fuel,you've used half your fuel,you've used half your fuel
\voice\fuel\half_tank_warning,2.wav,"that's half-fuel, you've used half your fuel","that's half-fuel, you've used half your fuel","that's half-fuel, you've used half your fuel"
\voice\fuel\half_tank_warning,3_op_prefix_ok.wav,you've got half your fuel left,you've got half your fuel left,you've got half your fuel left
\voice\fuel\into_the_race,1.wav,into the race,into the race,into the race
\voice\fuel\into_the_race,2.wav,into the race,into the race,into the race
\voice\fuel\into_the_race,3.wav,into the race,into the race,into the race
\voice\fuel\into_the_race,4.wav,into the race,into the race,into the race
\voice\fuel\into_the_race,5.wav,into the race,into the race,into the race
\voice\fuel\laps_remaining,1.wav,laps of fuel remaining,laps of fuel remaining,laps of fuel remaining
\voice\fuel\laps_remaining,2.wav,laps of fuel left,laps of fuel left,laps of fuel left
\voice\fuel\laps_remaining,3.wav,laps remaining on this tank,laps remaining on this tank,laps remaining on this tank
\voice\fuel\litre,1.wav,litre,litre,litre
\voice\fuel\litre,2.wav,litre,litre,litre
\voice\fuel\litre,3.wav,litre,litre,litre
\voice\fuel\litres,1.wav,litres,litres,litres
\voice\fuel\litres,2.wav,litres,litres,litres
\voice\fuel\litres,3.wav,litres,litres,litres
\voice\fuel\litres_per_lap,1.wav,litres per lap,litres per lap,litres per lap
\voice\fuel\litres_per_lap,2.wav,litres per lap,litres per lap,litres per lap
\voice\fuel\litres_per_lap,3.wav,litres per lap,litres per lap,litres per lap
\voice\fuel\litres_remaining,1.wav,litres remaining,litres remaining,litres remaining
\voice\fuel\litres_remaining,2.wav,litres remaining,litres remaining,litres remaining
\voice\fuel\litres_remaining,3.wav,litres left,litres left,litres left
\voice\fuel\litres_to_get_to_the_end,1.wav,litres to get to the end,litres to get to the end,litres to get to the end
\voice\fuel\litres_to_get_to_the_end,2.wav,litres to reach the end,litres to reach the end,litres to reach the end
\voice\fuel\litres_to_get_to_the_end,3.wav,litres to get to the end,litres to get to the end,litres to get to the end
\voice\fuel\litres_to_get_to_the_end,4.wav,litres to get to the end of the race,litres to get to the end of the race,litres to get to the end of the race
\voice\fuel\litres_to_get_to_the_end,5.wav,litres to get to the end,litres to get to the end,litres to get to the end
\voice\fuel\minutes_remaining,1.wav,minutes of fuel remaining,minutes of fuel remaining,minutes of fuel remaining
\voice\fuel\minutes_remaining,2.wav,minutes of fuel left,minutes of fuel left,minutes of fuel left
\voice\fuel\minutes_remaining,3.wav,minutes of fuel remaining,minutes of fuel remaining,minutes of fuel remaining
\voice\fuel\need_to_add_one_gallon_to_get_to_the_end,1.wav,we'll need to add 1 gallon to get to the end,we'll need to add 1 gallon to get to the end,we'll need to add 1 gallon to get to the end
\voice\fuel\need_to_add_one_gallon_to_get_to_the_end,2.wav,we'll need 1 gallon to get to the end,we'll need 1 gallon to get to the end,we'll need 1 gallon to get to the end
\voice\fuel\need_to_add_one_gallon_to_get_to_the_end,3.wav,we'll need to 1 gallon to get to the end of the race,we'll need to 1 gallon to get to the end of the race,we'll need to 1 gallon to get to the end of the race
\voice\fuel\need_to_add_one_gallon_to_get_to_the_end,4.wav,we'll need to 1 gallon to get to the end,we'll need to 1 gallon to get to the end,we'll need to 1 gallon to get to the end
\voice\fuel\need_to_add_one_gallon_to_get_to_the_end,5.wav,we'll need to 1 gallon to get to the end of the race,we'll need to 1 gallon to get to the end of the race,we'll need to 1 gallon to get to the end of the race
\voice\fuel\one_gallon_remaining,1.wav,1 gallon remaining,1 gallon remaining,1 gallon remaining
\voice\fuel\one_gallon_remaining,2.wav,you've got 1 gallon left,you've got 1 gallon left,you've got 1 gallon left
\voice\fuel\one_gallon_remaining,3.wav,1 gallon remaining,1 gallon remaining,1 gallon remaining
\voice\fuel\one_gallon_remaining,4.wav,you've got 1 gallon left,you've got 1 gallon left,you've got 1 gallon left
\voice\fuel\one_lap_fuel,1.wav,you've only got enough fuel for this lap,you've only got enough fuel for this lap,you've only got enough fuel for this lap
\voice\fuel\one_lap_fuel,2.wav,this is the last lap of fuel,this is the last lap of fuel,this is the last lap of fuel
\voice\fuel\one_lap_fuel,3.wav,we think you'll be out of fuel on the next lap,we think you'll be out of fuel on the next lap,we think you'll be out of fuel on the next lap
\voice\fuel\one_litre_remaining,1.wav,one litre remaining,one litre remaining,one litre remaining
\voice\fuel\one_litre_remaining,2.wav,one litre remaining,one litre remaining,one litre remaining
\voice\fuel\one_litre_remaining,3.wav,one litre remaining,one litre remaining,one litre remaining
\voice\fuel\pit_window_for_fuel_closes_on_lap,1_op_prefix_ok.wav,we'll need to pit for fuel by lap,we'll need to pit for fuel by lap,we'll need to pit for fuel by lap
\voice\fuel\pit_window_for_fuel_closes_on_lap,2_op_prefix_ok.wav,we'll need to pit for fuel by lap,we'll need to pit for fuel by lap,we'll need to pit for fuel by lap
\voice\fuel\pit_window_for_fuel_closes_on_lap,3_op_prefix_ok.wav,we'll need to pit to refuel by lap,we'll need to pit to refuel by lap,we'll need to pit to refuel by lap
\voice\fuel\pit_window_for_fuel_closes_on_lap,4.wav,we'll need to refuel by lap,we'll need to refuel by lap,we'll need to refuel by lap
\voice\fuel\pit_window_for_fuel_closes_on_lap,5.wav,we'll need to pit for fuel by lap,we'll need to pit for fuel by lap,we'll need to pit for fuel by lap
\voice\fuel\pit_window_for_fuel_opens_after,1.wav,we predict your refuel window will open after,we predict your refuel window will open after,we predict your refuel window will open after
\voice\fuel\pit_window_for_fuel_opens_after,1_op_prefix_ok.wav,our refueling window will open after,our refueling window will open after,our refueling window will open after
\voice\fuel\pit_window_for_fuel_opens_after,2.wav,we think your pit window for fuel should open after,we think your pit window for fuel should open after,we think your pit window for fuel should open after
\voice\fuel\pit_window_for_fuel_opens_after,2_op_prefix_ok.wav,we think our refueling window will open after,we think our refueling window will open after,we think our refueling window will open after
\voice\fuel\pit_window_for_fuel_opens_after,3.wav,our refueling window will open after,our refueling window will open after,our refueling window will open after
\voice\fuel\pit_window_for_fuel_opens_after,4.wav,our refueling window opens after,our refueling window opens after,our refueling window opens after
\voice\fuel\pit_window_for_fuel_opens_after,5.wav,we think your pit window for refuel will open after,we think your pit window for refuel will open after,we think your pit window for refuel will open after
\voice\fuel\pit_window_for_fuel_opens_after,5_op_prefix_ok.wav,our fuel window will open after,our fuel window will open after,our fuel window will open after
\voice\fuel\pit_window_for_fuel_opens_on_lap,1.wav,we think the pit window for refueling will open on lap,we think the pit window for refueling will open on lap,we think the pit window for refueling will open on lap
\voice\fuel\pit_window_for_fuel_opens_on_lap,1_op_prefix_ok.wav,the fuel window opens on lap,the fuel window opens on lap,the fuel window opens on lap
\voice\fuel\pit_window_for_fuel_opens_on_lap,2.wav,we predict the fuel window will open on lap,we predict the fuel window will open on lap,we predict the fuel window will open on lap
\voice\fuel\pit_window_for_fuel_opens_on_lap,3.wav,the pit window for refueling should open about lap,the pit window for refueling should open about lap,the pit window for refueling should open about lap
\voice\fuel\pit_window_for_fuel_opens_on_lap,3_op_prefix_ok.wav,your refuel window will open on lap,your refuel window will open on lap,your refuel window will open on lap
\voice\fuel\pit_window_for_fuel_opens_on_lap,4.wav,the pit window for fuel will open on lap,the pit window for fuel will open on lap,the pit window for fuel will open on lap
\voice\fuel\pit_window_for_fuel_opens_on_lap,4_op_prefix_ok.wav,our fuel window opens on lap,our fuel window opens on lap,our fuel window opens on lap
\voice\fuel\pit_window_for_fuel_opens_on_lap,5.wav,our refueling window opens on lap,our refueling window opens on lap,our refueling window opens on lap
\voice\fuel\plenty_of_fuel,1.wav,"it's fine, you got loads","it's fine, you got loads","it's fine, you got loads"
\voice\fuel\plenty_of_fuel,2.wav,you got loads of fuel,you got loads of fuel,you got loads of fuel
\voice\fuel\plenty_of_fuel,3.wav,you got plenty of fuel,you got plenty of fuel,you got plenty of fuel
\voice\fuel\ten_minutes_fuel,1_op_prefix_ok.wav,10 minutes of fuel remaining,10 minutes of fuel remaining,10 minutes of fuel remaining
\voice\fuel\ten_minutes_fuel,2_op_prefix_ok.wav,you've got 10 minutes of fuel remaining,you've got 10 minutes of fuel remaining,you've got 10 minutes of fuel remaining
\voice\fuel\ten_minutes_fuel,3.wav,you've got 10 minutes of fuel remaining,you've got 10 minutes of fuel remaining,you've got 10 minutes of fuel remaining
\voice\fuel\three_laps_fuel,1.wav,you've got about 3 laps of fuel left,you've got about 3 laps of fuel left,you've got about 3 laps of fuel left
\voice\fuel\three_laps_fuel,2.wav,we estimate 3 laps of fuel left,we estimate 3 laps of fuel left,we estimate 3 laps of fuel left
\voice\fuel\three_laps_fuel,3.wav,3 laps of fuel remaining,3 laps of fuel remaining,3 laps of fuel remaining
\voice\fuel\two_laps_fuel,1.wav,only 2 laps of fuel left,only 2 laps of fuel left,only 2 laps of fuel left
\voice\fuel\two_laps_fuel,2.wav,2 laps of fuel remaining,2 laps of fuel remaining,2 laps of fuel remaining
\voice\fuel\two_laps_fuel,3.wav,only 2 more laps of fuel,only 2 more laps of fuel,only 2 more laps of fuel
\voice\fuel\two_minutes_fuel,1.wav,you've got 2 minutes of fuel remaining,you've got 2 minutes of fuel remaining,you've got 2 minutes of fuel remaining
\voice\fuel\two_minutes_fuel,2.wav,2 minutes of fuel remaining,2 minutes of fuel remaining,2 minutes of fuel remaining
\voice\fuel\two_minutes_fuel,3.wav,2 minutes of fuel remaining,2 minutes of fuel remaining,2 minutes of fuel remaining
\voice\fuel\we_estimate,1.wav,we estimate,we estimate,we estimate
\voice\fuel\we_estimate,2.wav,should be about,should be about,should be about
\voice\fuel\we_estimate,3.wav,we think about,we think about,we think about
\voice\fuel\we_estimate_we_will_need,1.wav,we estimate we'll need,we estimate we'll need,we estimate we'll need
\voice\fuel\we_estimate_we_will_need,2.wav,we think we'll need,we think we'll need,we think we'll need
\voice\fuel\we_estimate_we_will_need,3.wav,we should need,we should need,we should need
\voice\fuel\we_estimate_we_will_need,4.wav,we estimate that we'll need,we estimate that we'll need,we estimate that we'll need
\voice\fuel\we_estimate_we_will_need,5.wav,we estimate we'll need about,we estimate we'll need about,we estimate we'll need about
\voice\fuel\we_estimate_we_will_need,6.wav,we should need about,we should need about,we should need about
\voice\fuel\we_estimate_we_will_need,7.wav,we reckon we'll need about,we reckon we'll need about,we reckon we'll need about
\voice\fuel\we_will_need_to_add,1.wav,we'll need to add,we'll need to add,we'll need to add
\voice\fuel\we_will_need_to_add,2.wav,we think we'll need to add,we think we'll need to add,we think we'll need to add
\voice\fuel\we_will_need_to_add,3.wav,it looks like we'll need to add,it looks like we'll need to add,it looks like we'll need to add
\voice\fuel\we_will_need_to_add,4.wav,we estimate we're gonna need to add,we estimate we're gonna need to add,we estimate we're gonna need to add
\voice\fuel\we_will_need_to_add,5.wav,we will need to add,we will need to add,we will need to add
\voice\fuel\we_will_need_to_add,6.wav,we'll need to add,we'll need to add,we'll need to add
\voice\fuel\we_will_need_to_pit_for_fuel,1_op_prefix_ok.wav,we'll need to pit for fuel,we'll need to pit for fuel,we'll need to pit for fuel
\voice\fuel\we_will_need_to_pit_for_fuel,2_op_prefix_ok.wav,we'll need to pit for refueling,we'll need to pit for refueling,we'll need to pit for refueling
\voice\fuel\we_will_need_to_pit_for_fuel,3_op_prefix_ok.wav,we'll need to refuel,we'll need to refuel,we'll need to refuel
\voice\fuel\we_will_need_to_pit_for_fuel,4_op_prefix_ok.wav,we'll need to pit for fuel,we'll need to pit for fuel,we'll need to pit for fuel
\voice\fuel\we_will_need_to_pit_for_fuel,5_op_prefix_ok.wav,we'll need to pit for fuel,we'll need to pit for fuel,we'll need to pit for fuel
\voice\fuel\will_need_to_stop_again,1.wav,we'll need to stop again,we'll need to stop again,we'll need to stop again
\voice\fuel\will_need_to_stop_again,2.wav,we think we'll need to stop again,we think we'll need to stop again,we think we'll need to stop again
\voice\fuel\will_need_to_stop_again,3.wav,we'll need to stop again,we'll need to stop again,we'll need to stop again
\voice\fuel\will_need_to_stop_again,4.wav,we'll need to stop again to get to the end,we'll need to stop again to get to the end,we'll need to stop again to get to the end
\voice\lap_counter\end_of_session,1.wav,that's the end of the session,that's the end of the session,that's the end of the session
\voice\lap_counter\end_of_session,2.wav,that's the end of the session,that's the end of the session,that's the end of the session
\voice\lap_counter\end_of_session,3.wav,that's the end of the session,that's the end of the session,that's the end of the session
\voice\lap_counter\end_of_session_pole,1.wav,"that's the end of the session, pole position, well done, mate","that's the end of the session, pole position, well done, mate","that's the end of the session, pole position, well done, mate"
\voice\lap_counter\end_of_session_pole,2.wav,"that's the end of the session, pole position, nice one","that's the end of the session, pole position, nice one","that's the end of the session, pole position, nice one"
\voice\lap_counter\end_of_session_pole,3.wav,"that's the end of the session, you're on pole, well done","that's the end of the session, you're on pole, well done","that's the end of the session, you're on pole, well done"
\voice\lap_counter\finished_race,1_op_suffix_bad_luck.wav,"okay, it's over","okay, it's over","okay, it's over"
\voice\lap_counter\finished_race,2.wav,there's the checkered flag,there's the checkered flag,there's the checkered flag
\voice\lap_counter\finished_race,3_op_suffix_bad_luck.wav,"that's it, we're done","that's it, we're done","that's it, we're done"
\voice\lap_counter\finished_race,4.wav,"that's the end of the race, we'll get 'em next time","that's the end of the race, we'll get 'em next time","that's the end of the race, we'll get 'em next time"
\voice\lap_counter\finished_race,5.wav,"there we go, it's over, bring it back round","there we go, it's over, bring it back round","there we go, it's over, bring it back round"
\voice\lap_counter\finished_race,6.wav,"okay, we're done","okay, we're done","okay, we're done"
\voice\lap_counter\finished_race,7.wav,"that's the end of the race, never mind","that's the end of the race, never mind","that's the end of the race, never mind"
\voice\lap_counter\finished_race,8.wav,"that's the end of the race, bad luck, mate","that's the end of the race, bad luck, mate","that's the end of the race, bad luck, mate"
\voice\lap_counter\finished_race_good_finish,1.wav,"okay, it's over, well done, mate, good finish","okay, it's over, well done, mate, good finish","okay, it's over, well done, mate, good finish"
\voice\lap_counter\finished_race_good_finish,2.wav,"okay, that's the finish, well done, mate","okay, that's the finish, well done, mate","okay, that's the finish, well done, mate"
\voice\lap_counter\finished_race_good_finish,3.wav,"okay, it's over, good drive","okay, it's over, good drive","okay, it's over, good drive"
\voice\lap_counter\finished_race_good_finish,4.wav,"well done, mate, good finish","well done, mate, good finish","well done, mate, good finish"
\voice\lap_counter\finished_race_good_finish,5.wav,"there's the finish, good drive","there's the finish, good drive","there's the finish, good drive"
\voice\lap_counter\finished_race_good_finish,6.wav,"and there's the finish, good result, mate, well done","and there's the finish, good result, mate, well done","and there's the finish, good result, mate, well done"
\voice\lap_counter\finished_race_good_finish,7.wav,"there's the finish, well done","there's the finish, well done","there's the finish, well done"
\voice\lap_counter\finished_race_good_finish,8.wav,"okay that's the end, good finish, mate, well done","okay that's the end, good finish, mate, well done","okay that's the end, good finish, mate, well done"
\voice\lap_counter\finished_race_last,1.wav,"there's the checkered flag, that's disappointing","there's the checkered flag, that's disappointing","there's the checkered flag, that's disappointing"
\voice\lap_counter\finished_race_last,2.wav,"okay, it's over, bloody awful result, mate","okay, it's over, bloody awful result, mate","okay, it's over, bloody awful result, mate"
\voice\lap_counter\finished_race_last,3.wav,"okay, that's the end, let's get out of here, try and forget this one, eh","okay, that's the end, let's get out of here, try and forget this one, eh","okay, that's the end, let's get out of here, try and forget this one, eh"
\voice\lap_counter\finished_race_last,sweary_4.wav,"there's the checkered flag, shit day, mate, let's just pack up and go home","there's the checkered flag, shit day, mate, let's just pack up and go home","there's the checkered flag, shit day, mate, let's just pack up and go home"
\voice\lap_counter\finished_race_last,sweary_5.wav,"shit result, mate, hard luck","shit result, mate, hard luck","shit result, mate, hard luck"
\voice\lap_counter\finished_race_last,sweary_6.wav,that was a fucking waste of time,that was a fucking waste of time,that was a fucking waste of time
\voice\lap_counter\form_up_behind,1.wav,form up behind,form up behind,form up behind
\voice\lap_counter\form_up_behind,2.wav,take position behind,take position behind,take position behind
\voice\lap_counter\form_up_behind,3.wav,line up behind,line up behind,line up behind
\voice\lap_counter\form_up_behind,4.wav,form up behind,form up behind,form up behind
\voice\lap_counter\form_up_behind,5.wav,take position behind,take position behind,take position behind
\voice\lap_counter\get_ready,10.wav,"okay, get ready","okay, get ready","okay, get ready"
\voice\lap_counter\get_ready,11.wav,"get ready, mate, it's hammer time","get ready, mate, it's hammer time","get ready, mate, it's hammer time"
\voice\lap_counter\get_ready,12_op_prefix_ok.wav,"be ready, watch for the lights","be ready, watch for the lights","be ready, watch for the lights"
\voice\lap_counter\get_ready,13.wav,watch for the lights,watch for the lights,watch for the lights
\voice\lap_counter\get_ready,14.wav,"get ready, keep your nose clean","get ready, keep your nose clean","get ready, keep your nose clean"
\voice\lap_counter\get_ready,16_op_prefix_ok.wav,"nice and neat, stay out of trouble","nice and neat, stay out of trouble","nice and neat, stay out of trouble"
\voice\lap_counter\get_ready,1_op_prefix_ok.wav,get ready,get ready,get ready
\voice\lap_counter\get_ready,20.wav,get ready,get ready,get ready
\voice\lap_counter\get_ready,21.wav,"get ready, time to focus","get ready, time to focus","get ready, time to focus"
\voice\lap_counter\get_ready,22.wav,"okay, mate, get ready","okay, mate, get ready","okay, mate, get ready"
\voice\lap_counter\get_ready,24.wav,"here we go, get ready","here we go, get ready","here we go, get ready"
\voice\lap_counter\get_ready,25.wav,"here we go, be ready","here we go, be ready","here we go, be ready"
\voice\lap_counter\get_ready,26.wav,be ready,be ready,be ready
\voice\lap_counter\get_ready,27.wav,"okay, get ready","okay, get ready","okay, get ready"
\voice\lap_counter\get_ready,28.wav,"concentrate, be ready","concentrate, be ready","concentrate, be ready"
\voice\lap_counter\get_ready,29.wav,"get ready, mate","get ready, mate","get ready, mate"
\voice\lap_counter\get_ready,2_op_prefix_ok.wav,get ready,get ready,get ready
\voice\lap_counter\get_ready,30.wav,"be ready, we're about to go green","be ready, we're about to go green","be ready, we're about to go green"
\voice\lap_counter\get_ready,31.wav,"okay, mate, get ready, relax","okay, mate, get ready, relax","okay, mate, get ready, relax"
\voice\lap_counter\get_ready,32.wav,"heads up, get ready","heads up, get ready","heads up, get ready"
\voice\lap_counter\get_ready,33.wav,"heads up, we're going green","heads up, we're going green","heads up, we're going green"
\voice\lap_counter\get_ready,34.wav,"okay, mate, get ready","okay, mate, get ready","okay, mate, get ready"
\voice\lap_counter\get_ready,3_op_prefix_ok.wav,be ready,be ready,be ready
\voice\lap_counter\get_ready,4.wav,get ready,get ready,get ready
\voice\lap_counter\get_ready,5_op_prefix_ok.wav,get ready,get ready,get ready
\voice\lap_counter\get_ready,6.wav,be ready,be ready,be ready
\voice\lap_counter\get_ready,7.wav,get ready,get ready,get ready
\voice\lap_counter\get_ready,8_op_prefix_ok.wav,here we go,here we go,here we go
\voice\lap_counter\get_ready,9_op_prefix_ok.wav,"stay calm, focus","stay calm, focus","stay calm, focus"
\voice\lap_counter\get_ready,sweary_15_op_prefix_ok.wav,"here we go, don't fuck this up","here we go, don't fuck this up","here we go, don't fuck this up"
\voice\lap_counter\get_ready,sweary_17_op_prefix_ok.wav,"let's get this right, no fuck ups","let's get this right, no fuck ups","let's get this right, no fuck ups"
\voice\lap_counter\get_ready,sweary_18.wav,"okay, let's try to avoid the turn 1 clusterfuck","okay, let's try to avoid the turn 1 clusterfuck","okay, let's try to avoid the turn 1 clusterfuck"
\voice\lap_counter\give_that_position_back,1.wav,give that position back,give that position back,give that position back
\voice\lap_counter\give_that_position_back,2.wav,we need to give that position back,we need to give that position back,we need to give that position back
\voice\lap_counter\give_that_position_back,3_op_suffix_please.wav,give that position back,give that position back,give that position back
\voice\lap_counter\green_green_green,1.wav,"go, go, go","go, go, go","go, go, go"
\voice\lap_counter\green_green_green,10.wav,"floor it, green, green, green","floor it, green, green, green","floor it, green, green, green"
\voice\lap_counter\green_green_green,11.wav,"go, nail it","go, nail it","go, nail it"
\voice\lap_counter\green_green_green,12.wav,go,go,go
\voice\lap_counter\green_green_green,13.wav,go,go,go
\voice\lap_counter\green_green_green,14.wav,"green, green, green","green, green, green","green, green, green"
\voice\lap_counter\green_green_green,15.wav,"go, go, go","go, go, go","go, go, go"
\voice\lap_counter\green_green_green,16.wav,"go, go, go","go, go, go","go, go, go"
\voice\lap_counter\green_green_green,17.wav,"green, green, green","green, green, green","green, green, green"
\voice\lap_counter\green_green_green,18.wav,go,go,go
\voice\lap_counter\green_green_green,19.wav,let's go,let's go,let's go
\voice\lap_counter\green_green_green,2.wav,"green, green, green","green, green, green","green, green, green"
\voice\lap_counter\green_green_green,20.wav,floor it,floor it,floor it
\voice\lap_counter\green_green_green,3.wav,"green, green, green","green, green, green","green, green, green"
\voice\lap_counter\green_green_green,4.wav,"green, green, green","green, green, green","green, green, green"
\voice\lap_counter\green_green_green,5.wav,"green, green, green","green, green, green","green, green, green"
\voice\lap_counter\green_green_green,6.wav,"go, go, go","go, go, go","go, go, go"
\voice\lap_counter\green_green_green,7.wav,go,go,go
\voice\lap_counter\green_green_green,8.wav,"go, go, go","go, go, go","go, go, go"
\voice\lap_counter\green_green_green,9.wav,"green, let's go, let's go","green, let's go, let's go","green, let's go, let's go"
\voice\lap_counter\hold_position_behind,1.wav,hold position behind,hold position behind,hold position behind
\voice\lap_counter\hold_position_behind,2.wav,stay behind,stay behind,stay behind
\voice\lap_counter\hold_position_behind,3.wav,hold your position behind,hold your position behind,hold your position behind
\voice\lap_counter\hold_this_position_until_start_line,1_op_suffix_please.wav,maintain this position until the start line,maintain this position until the start line,maintain this position until the start line
\voice\lap_counter\hold_this_position_until_start_line,2_op_suffix_please.wav,hold this position until the start line,hold this position until the start line,hold this position until the start line
\voice\lap_counter\hold_this_position_until_start_line,3.wav,stay in this position until the start line,stay in this position until the start line,stay in this position until the start line
\voice\lap_counter\hold_your_position,1.wav,hold your position,hold your position,hold your position
\voice\lap_counter\hold_your_position,2.wav,hold your position,hold your position,hold your position
\voice\lap_counter\hold_your_position,3.wav,you need to hold your position,you need to hold your position,you need to hold your position
\voice\lap_counter\laps_make_them_count,1.wav,"laps, let's make them count","laps, let's make them count","laps, let's make them count"
\voice\lap_counter\laps_make_them_count,2.wav,"laps, make 'em count","laps, make 'em count","laps, make 'em count"
\voice\lap_counter\laps_make_them_count,3.wav,"laps, let's make 'em count","laps, let's make 'em count","laps, let's make 'em count"
\voice\lap_counter\laps_make_them_count,4.wav,"laps, make 'em count","laps, make 'em count","laps, make 'em count"
\voice\lap_counter\last_lap,1.wav,one more lap to go,one more lap to go,one more lap to go
\voice\lap_counter\last_lap,2.wav,one more to go,one more to go,one more to go
\voice\lap_counter\last_lap,3.wav,one more lap to go,one more lap to go,one more lap to go
\voice\lap_counter\last_lap,4.wav,last lap,last lap,last lap
\voice\lap_counter\last_lap_leading,1.wav,"one more lap for the win, come on","one more lap for the win, come on","one more lap for the win, come on"
\voice\lap_counter\last_lap_leading,2_op_suffix_come_on.wav,"one more lap to go, stay focused","one more lap to go, stay focused","one more lap to go, stay focused"
\voice\lap_counter\last_lap_leading,3.wav,"one more lap, you're P1","one more lap, you're P1","one more lap, you're P1"
\voice\lap_counter\last_lap_leading,4_op_prefix_come_on.wav,"one more lap, keep it together, we'll win this","one more lap, keep it together, we'll win this","one more lap, keep it together, we'll win this"
\voice\lap_counter\last_lap_leading,sweary_5_op_prefix_come_on.wav,"last lap, keep your shit together, you're not home yet","last lap, keep your shit together, you're not home yet","last lap, keep your shit together, you're not home yet"
\voice\lap_counter\last_lap_top_three,1.wav,"last lap, looking good for a podium","last lap, looking good for a podium","last lap, looking good for a podium"
\voice\lap_counter\last_lap_top_three,2_op_suffix_come_on.wav,"last lap, bring it on home","last lap, bring it on home","last lap, bring it on home"
\voice\lap_counter\last_lap_top_three,3_op_prefix_ok.wav,"one more to go, keep it together, we'll be on the podium","one more to go, keep it together, we'll be on the podium","one more to go, keep it together, we'll be on the podium"
\voice\lap_counter\leader_has_crossed_start_line,1.wav,the leader's crossed the line,the leader's crossed the line,the leader's crossed the line
\voice\lap_counter\leader_has_crossed_start_line,1_op_prefix_ok.wav,the leader's crossed the line,the leader's crossed the line,the leader's crossed the line
\voice\lap_counter\leader_has_crossed_start_line,2.wav,the race leader's crossed the line,the race leader's crossed the line,the race leader's crossed the line
\voice\lap_counter\leader_has_crossed_start_line,3.wav,the leaders are under green,the leaders are under green,the leaders are under green
\voice\lap_counter\leader_has_crossed_start_line,4.wav,the leader's crossed the line,the leader's crossed the line,the leader's crossed the line
\voice\lap_counter\leader_has_gone,1.wav,the leader's gone,the leader's gone,the leader's gone
\voice\lap_counter\leader_has_gone,2.wav,the leader's accelerating,the leader's accelerating,the leader's accelerating
\voice\lap_counter\leader_has_gone,3.wav,the leader's floored it,the leader's floored it,the leader's floored it
\voice\lap_counter\leader_has_gone,4.wav,the leader has gone,the leader has gone,the leader has gone
\voice\lap_counter\leader_has_gone,5.wav,the leader's started,the leader's started,the leader's started
\voice\lap_counter\manual_formation_lap_mode_disabled,1.wav,"acknowledged, no formation lap","acknowledged, no formation lap","acknowledged, no formation lap"
\voice\lap_counter\manual_formation_lap_mode_disabled,2.wav,"understood, no rolling start","understood, no rolling start","understood, no rolling start"
\voice\lap_counter\manual_formation_lap_mode_disabled,3.wav,"acknowledged, no formation lap","acknowledged, no formation lap","acknowledged, no formation lap"
\voice\lap_counter\manual_formation_lap_mode_enabled,1.wav,"acknowledged, manual rolling start","acknowledged, manual rolling start","acknowledged, manual rolling start"
\voice\lap_counter\manual_formation_lap_mode_enabled,2.wav,"understood, manual formation lap","understood, manual formation lap","understood, manual formation lap"
\voice\lap_counter\manual_formation_lap_mode_enabled,3.wav,"okay, rolling start","okay, rolling start","okay, rolling start"
\voice\lap_counter\minutes_you_need_to_get_on_with_it,1.wav,"minutes, you'll need to get on with this","minutes, you'll need to get on with this","minutes, you'll need to get on with this"
\voice\lap_counter\minutes_you_need_to_get_on_with_it,2.wav,"minutes, you've not got much time to sort this out","minutes, you've not got much time to sort this out","minutes, you've not got much time to sort this out"
\voice\lap_counter\minutes_you_need_to_get_on_with_it,3.wav,"minutes, you really need to get on with it","minutes, you really need to get on with it","minutes, you really need to get on with it"
\voice\lap_counter\minutes_you_need_to_get_on_with_it,4.wav,"minutes, you'll need to get on with this","minutes, you'll need to get on with this","minutes, you'll need to get on with this"
\voice\lap_counter\ok_youre_in,1.wav,"okay, you're in","okay, you're in","okay, you're in"
\voice\lap_counter\ok_youre_in,2_rq_prefix_ok.wav,you're in,you're in,you're in
\voice\lap_counter\ok_youre_in,3.wav,"okay, we're starting in","okay, we're starting in","okay, we're starting in"
\voice\lap_counter\ok_youre_in,4_op_prefix_ok.wav,we're starting in,we're starting in,we're starting in
\voice\lap_counter\ok_youre_in,5_rq_prefix_ok.wav,you're in,you're in,you're in
\voice\lap_counter\podium_finish,1_op_suffix_well_done.wav,"podium finish, nice one","podium finish, nice one","podium finish, nice one"
\voice\lap_counter\podium_finish,2_op_suffix_well_done.wav,"we're on the podium, good drive","we're on the podium, good drive","we're on the podium, good drive"
\voice\lap_counter\podium_finish,3_op_prefix_well_done.wav,"great drive, that's a podium","great drive, that's a podium","great drive, that's a podium"
\voice\lap_counter\podium_finish,4.wav,"well done, decent drive","well done, decent drive","well done, decent drive"
\voice\lap_counter\rejoin_at_back,1_op_prefix_oh_dear.wav,you'll need to rejoin at the back,you'll need to rejoin at the back,you'll need to rejoin at the back
\voice\lap_counter\rejoin_at_back,2_op_prefix_ok.wav,you'll need to wait for the field and rejoin at the back,you'll need to wait for the field and rejoin at the back,you'll need to wait for the field and rejoin at the back
\voice\lap_counter\rejoin_at_back,3_op_prefix_ok.wav,you'll need to rejoin at the back of the field,you'll need to rejoin at the back of the field,you'll need to rejoin at the back of the field
\voice\lap_counter\starting_in_left_lane_behind,1.wav,we'll be in the left column behind,we'll be in the left column behind,we'll be in the left column behind
\voice\lap_counter\starting_in_left_lane_behind,2.wav,we'll be on the left-hand side behind,we'll be on the left-hand side behind,we'll be on the left-hand side behind
\voice\lap_counter\starting_in_left_lane_behind,3.wav,we'll be in the left column behind,we'll be in the left column behind,we'll be in the left column behind
\voice\lap_counter\starting_in_left_lane_behind,4.wav,we'll be in the left pace line behind,we'll be in the left pace line behind,we'll be in the left pace line behind
\voice\lap_counter\starting_in_right_lane_behind,1.wav,we'll be in the right lane behind,we'll be in the right lane behind,we'll be in the right lane behind
\voice\lap_counter\starting_in_right_lane_behind,2.wav,we'll be in the right pace column behind,we'll be in the right pace column behind,we'll be in the right pace column behind
\voice\lap_counter\starting_in_right_lane_behind,3.wav,we'll be on the right-hand side behind,we'll be on the right-hand side behind,we'll be on the right-hand side behind
\voice\lap_counter\starting_in_right_lane_behind,4.wav,we'll be in the right lane behind,we'll be in the right lane behind,we'll be in the right lane behind
\voice\lap_counter\two_to_go,1.wav,two laps left,two laps left,two laps left
\voice\lap_counter\two_to_go,2.wav,two to go,two to go,two to go
\voice\lap_counter\two_to_go,3.wav,two laps remaining,two laps remaining,two laps remaining
\voice\lap_counter\two_to_go_leading,1_op_suffix_come_on.wav,"two to go, you're in the lead","two to go, you're in the lead","two to go, you're in the lead"
\voice\lap_counter\two_to_go_leading,2_op_prefix_come_on.wav,"two laps left, you're P1","two laps left, you're P1","two laps left, you're P1"
\voice\lap_counter\two_to_go_leading,3_op_prefix_come_on.wav,"two to go, stay focused, we can win this","two to go, stay focused, we can win this","two to go, stay focused, we can win this"
\voice\lap_counter\two_to_go_leading,4_male.wav,"two to go, come on, you're the man","two to go, come on, you're the man","two to go, come on, you're the man"
\voice\lap_counter\two_to_go_top_three,1.wav,"two laps left, we're on for a podium here","two laps left, we're on for a podium here","two laps left, we're on for a podium here"
\voice\lap_counter\two_to_go_top_three,2.wav,"two to go, keep it together, we'll be on the podium","two to go, keep it together, we'll be on the podium","two to go, keep it together, we'll be on the podium"
\voice\lap_counter\two_to_go_top_three,3.wav,"two laps left, come on, you're looking good for a podium","two laps left, come on, you're looking good for a podium","two laps left, come on, you're looking good for a podium"
\voice\lap_counter\until_start_line,1.wav,until the start line,until the start line,until the start line
\voice\lap_counter\until_start_line,2.wav,until we cross the line,until we cross the line,until we cross the line
\voice\lap_counter\until_start_line,3_op_suffix_please.wav,until the start line,until the start line,until the start line
\voice\lap_counter\white_flag_last_lap,1.wav,"white flag, one more to go","white flag, one more to go","white flag, one more to go"
\voice\lap_counter\white_flag_last_lap,2.wav,"white flag, one more lap","white flag, one more lap","white flag, one more lap"
\voice\lap_counter\white_flag_last_lap,3.wav,"white flag, last lap","white flag, last lap","white flag, last lap"
\voice\lap_counter\won_race,1_op_suffix_well_done.wav,"you won, fantastic drive","you won, fantastic drive","you won, fantastic drive"
\voice\lap_counter\won_race,2.wav,"well done, mate, that was absolutely perfect, great win","well done, mate, that was absolutely perfect, great win","well done, mate, that was absolutely perfect, great win"
\voice\lap_counter\won_race,3_op_prefix_well_done.wav,"great win, you deserve that today","great win, you deserve that today","great win, you deserve that today"
\voice\lap_counter\won_race,4.wav,"that's a win, great job, well done","that's a win, great job, well done","that's a win, great job, well done"
\voice\lap_counter\won_race,5.wav,"well done, mate, you made 'em all look silly today","well done, mate, you made 'em all look silly today","well done, mate, you made 'em all look silly today"
\voice\lap_counter\won_race,6_op_suffix_well_done.wav,"perfect drive, absolutely flawless","perfect drive, absolutely flawless","perfect drive, absolutely flawless"
\voice\lap_counter\won_race,sweary_7.wav,"fucking awesome result, mate, well done","fucking awesome result, mate, well done","fucking awesome result, mate, well done"
\voice\lap_counter\won_race,sweary_8_op_suffix_well_done.wav,"shit, we won, wow","shit, we won, wow","shit, we won, wow"
\voice\lap_times\best_lap_in_race,1.wav,that's the fastest lap,that's the fastest lap,that's the fastest lap
\voice\lap_times\best_lap_in_race,2.wav,that's the fastest lap of the race,that's the fastest lap of the race,that's the fastest lap of the race
\voice\lap_times\best_lap_in_race,3.wav,fastest lap,fastest lap,fastest lap
\voice\lap_times\best_lap_in_race_for_class,1.wav,that's the best lap in your class,that's the best lap in your class,that's the best lap in your class
\voice\lap_times\best_lap_in_race_for_class,2.wav,that's the quickest lap for your class,that's the quickest lap for your class,that's the quickest lap for your class
\voice\lap_times\consistent,1_op_prefix_ok.wav,your lap times are pretty consistent,your lap times are pretty consistent,your lap times are pretty consistent
\voice\lap_times\consistent,2_op_prefix_ok.wav,"that's good consistency, keep it up","that's good consistency, keep it up","that's good consistency, keep it up"
\voice\lap_times\consistent,3.wav,"good consistency, keep 'em coming","good consistency, keep 'em coming","good consistency, keep 'em coming"
\voice\lap_times\fastest_in_your_class,1.wav,that's the best lap in your class,that's the best lap in your class,that's the best lap in your class
\voice\lap_times\fastest_in_your_class,2.wav,that's the quickest lap for your class,that's the quickest lap for your class,that's the quickest lap for your class
\voice\lap_times\gap_intro,1.wav,that puts you,that puts you,that puts you
\voice\lap_times\gap_intro,2.wav,you're now,you're now,you're now
\voice\lap_times\gap_intro,3.wav,you're currently,you're currently,you're currently
\voice\lap_times\gap_outro_off_pace,1.wav,off the pace,off the pace,off the pace
\voice\lap_times\gap_outro_off_pace,2.wav,off the pace,off the pace,off the pace
\voice\lap_times\gap_outro_off_pace,3.wav,off the leader's pace,off the leader's pace,off the leader's pace
\voice\lap_times\good_lap,1.wav,"decent lap, but you can go quicker","decent lap, but you can go quicker","decent lap, but you can go quicker"
\voice\lap_times\good_lap,2_op_prefix_well_done.wav,good lap,good lap,good lap
\voice\lap_times\good_lap,3.wav,nice lap,nice lap,nice lap
\voice\lap_times\good_lap,4.wav,good lap,good lap,good lap
\voice\lap_times\good_lap,5_op_suffix_well_done.wav,that's a decent lap,that's a decent lap,that's a decent lap
\voice\lap_times\improving,1_op_suffix_come_on.wav,your lap times are improving,your lap times are improving,your lap times are improving
\voice\lap_times\improving,2_op_suffix_well_done.wav,"your lap times are improving, this is good","your lap times are improving, this is good","your lap times are improving, this is good"
\voice\lap_times\improving,3.wav,"your lap times are improving, this is exactly what we need","your lap times are improving, this is exactly what we need","your lap times are improving, this is exactly what we need"
\voice\lap_times\less_than_a_tenth_off_self_pace,1.wav,you're less than a tenth off your best,you're less than a tenth off your best,you're less than a tenth off your best
\voice\lap_times\less_than_a_tenth_off_self_pace,2.wav,you're less than a tenth off your own pace,you're less than a tenth off your own pace,you're less than a tenth off your own pace
\voice\lap_times\less_than_a_tenth_off_self_pace,3.wav,you're less than a tenth off a second off your best,you're less than a tenth off a second off your best,you're less than a tenth off a second off your best
\voice\lap_times\less_than_a_tenth_off_self_pace,4.wav,you're less than a tenth off your best,you're less than a tenth off your best,you're less than a tenth off your best
\voice\lap_times\less_than_a_tenth_off_the_pace,1.wav,you're less than a tenth off the pace,you're less than a tenth off the pace,you're less than a tenth off the pace
\voice\lap_times\less_than_a_tenth_off_the_pace,2.wav,you're less than a tenth off the pace,you're less than a tenth off the pace,you're less than a tenth off the pace
\voice\lap_times\less_than_a_tenth_off_the_pace,3.wav,you're less than a tenth off the pace,you're less than a tenth off the pace,you're less than a tenth off the pace
\voice\lap_times\matching_race_pace,1_op_prefix_ok.wav,we're matching race pace,we're matching race pace,we're matching race pace
\voice\lap_times\matching_race_pace,2.wav,"you're matching race pace, this is good","you're matching race pace, this is good","you're matching race pace, this is good"
\voice\lap_times\matching_race_pace,3.wav,we're matching race pace,we're matching race pace,we're matching race pace
\voice\lap_times\matching_race_pace,4_op_suffix_well_done.wav,you're matching race pace,you're matching race pace,you're matching race pace
\voice\lap_times\need_to_find_a_few_more_tenths,1.wav,we need to find a few more tenths,we need to find a few more tenths,we need to find a few more tenths
\voice\lap_times\need_to_find_a_few_more_tenths,2.wav,we need to shave off a few tenths,we need to shave off a few tenths,we need to shave off a few tenths
\voice\lap_times\need_to_find_a_few_more_tenths,3.wav,we need to find a few tenths,we need to find a few tenths,we need to find a few tenths
\voice\lap_times\need_to_find_a_second,1.wav,we need to find a second,we need to find a second,we need to find a second
\voice\lap_times\need_to_find_a_second,2.wav,we need to shave off a second or so,we need to shave off a second or so,we need to shave off a second or so
\voice\lap_times\need_to_find_a_second,3.wav,we need to find a second,we need to find a second,we need to find a second
\voice\lap_times\need_to_find_more_than_a_second,1.wav,we need to improve by more than a second a lap,we need to improve by more than a second a lap,we need to improve by more than a second a lap
\voice\lap_times\need_to_find_more_than_a_second,2.wav,we need to find more than a second a lap,we need to find more than a second a lap,we need to find more than a second a lap
\voice\lap_times\need_to_find_more_than_a_second,3.wav,we need more than a second a lap here,we need more than a second a lap here,we need more than a second a lap here
\voice\lap_times\need_to_find_one_more_tenth,1.wav,we need to find just one more tenth,we need to find just one more tenth,we need to find just one more tenth
\voice\lap_times\need_to_find_one_more_tenth,2.wav,we need one more tenth a lap,we need one more tenth a lap,we need one more tenth a lap
\voice\lap_times\need_to_find_one_more_tenth,3.wav,"just one more tenth, that's all we need","just one more tenth, that's all we need","just one more tenth, that's all we need"
\voice\lap_times\off_the_pace,1.wav,off the pace,off the pace,off the pace
\voice\lap_times\off_the_pace,2.wav,off the pace,off the pace,off the pace
\voice\lap_times\off_the_pace,3.wav,off the pace,off the pace,off the pace
\voice\lap_times\off_the_self_pace,1.wav,off your best,off your best,off your best
\voice\lap_times\off_the_self_pace,2.wav,slower than your best,slower than your best,slower than your best
\voice\lap_times\off_the_self_pace,3.wav,off your best,off your best,off your best
\voice\lap_times\pace_bad,1.wav,we really need to pick it up,we really need to pick it up,we really need to pick it up
\voice\lap_times\pace_bad,2.wav,it's not good at the moment,it's not good at the moment,it's not good at the moment
\voice\lap_times\pace_bad,3.wav,you need to get back on it,you need to get back on it,you need to get back on it
\voice\lap_times\pace_good,1.wav,pace is good,pace is good,pace is good
\voice\lap_times\pace_good,2.wav,pace is really good,pace is really good,pace is really good
\voice\lap_times\pace_good,3.wav,pace is perfect,pace is perfect,pace is perfect
\voice\lap_times\pace_good,4.wav,pace is great,pace is great,pace is great
\voice\lap_times\pace_ok,1.wav,pace is okay,pace is okay,pace is okay
\voice\lap_times\pace_ok,2.wav,your pace is all right,your pace is all right,your pace is all right
\voice\lap_times\pace_ok,3.wav,pace is okay,pace is okay,pace is okay
\voice\lap_times\personal_best,1.wav,that's your fastest lap today,that's your fastest lap today,that's your fastest lap today
\voice\lap_times\personal_best,10.wav,"good lap, that's your quickest so far","good lap, that's your quickest so far","good lap, that's your quickest so far"
\voice\lap_times\personal_best,11.wav,that's your best lap in this session,that's your best lap in this session,that's your best lap in this session
\voice\lap_times\personal_best,12.wav,"good lap, that's your best in the session","good lap, that's your best in the session","good lap, that's your best in the session"
\voice\lap_times\personal_best,3.wav,"good lap, that's your quickest today","good lap, that's your quickest today","good lap, that's your quickest today"
\voice\lap_times\personal_best,4.wav,that's your fastest lap,that's your fastest lap,that's your fastest lap
\voice\lap_times\personal_best,5.wav,that's your quickest lap,that's your quickest lap,that's your quickest lap
\voice\lap_times\personal_best,6.wav,that's your quickest lap in this session,that's your quickest lap in this session,that's your quickest lap in this session
\voice\lap_times\personal_best,7.wav,that's your best lap in this session,that's your best lap in this session,that's your best lap in this session
\voice\lap_times\personal_best,8.wav,that's your best lap in this session,that's your best lap in this session,that's your best lap in this session
\voice\lap_times\personal_best,9.wav,that's your quickest lap in this session,that's your quickest lap in this session,that's your quickest lap in this session
\voice\lap_times\quicker_than_second_place,1.wav,quicker than second,quicker than second,quicker than second
\voice\lap_times\quicker_than_second_place,2.wav,ahead of P2,ahead of P2,ahead of P2
\voice\lap_times\quicker_than_second_place,3.wav,quicker than second place,quicker than second place,quicker than second place
\voice\lap_times\quickest_in_class,1.wav,you're quickest in your class,you're quickest in your class,you're quickest in your class
\voice\lap_times\quickest_in_class,2.wav,you're quickest in your class,you're quickest in your class,you're quickest in your class
\voice\lap_times\quickest_in_class,3.wav,you're quickest in your class,you're quickest in your class,you're quickest in your class
\voice\lap_times\quickest_overall,1.wav,you're quickest overall,you're quickest overall,you're quickest overall
\voice\lap_times\quickest_overall,2.wav,you're quickest overall,you're quickest overall,you're quickest overall
\voice\lap_times\quickest_overall,3.wav,you're quickest overall,you're quickest overall,you're quickest overall
\voice\lap_times\sector1_a_second_off_pace,1.wav,you're a second off the pace in sector one,you're a second off the pace in sector one,you're a second off the pace in sector one
\voice\lap_times\sector1_a_second_off_pace,2.wav,you're a second off in sector one,you're a second off in sector one,you're a second off in sector one
\voice\lap_times\sector1_a_second_off_pace,3.wav,you're a second off the pace in sector one,you're a second off the pace in sector one,you're a second off the pace in sector one
\voice\lap_times\sector1_a_second_off_self_pace,1.wav,sector 1 is a second off your own best,sector 1 is a second off your own best,sector 1 is a second off your own best
\voice\lap_times\sector1_a_second_off_self_pace,2.wav,sector 1 is a second off your best,sector 1 is a second off your best,sector 1 is a second off your best
\voice\lap_times\sector1_a_second_off_self_pace,3.wav,you're a second off your best in sector 1,you're a second off your best in sector 1,you're a second off your best in sector 1
\voice\lap_times\sector1_a_tenth_off_pace,1.wav,you're a tenth off the pace in sector 1,you're a tenth off the pace in sector 1,you're a tenth off the pace in sector 1
\voice\lap_times\sector1_a_tenth_off_pace,2.wav,you're a tenth off the pace in sector 1,you're a tenth off the pace in sector 1,you're a tenth off the pace in sector 1
\voice\lap_times\sector1_a_tenth_off_pace,3.wav,you're a tenth off in sector 1,you're a tenth off in sector 1,you're a tenth off in sector 1
\voice\lap_times\sector1_a_tenth_off_self_pace,1.wav,sector 1 is a tenth off your best,sector 1 is a tenth off your best,sector 1 is a tenth off your best
\voice\lap_times\sector1_a_tenth_off_self_pace,2.wav,sector 1 is a tenth off your pace,sector 1 is a tenth off your pace,sector 1 is a tenth off your pace
\voice\lap_times\sector1_a_tenth_off_self_pace,3.wav,sector 1 is a tenth off your best,sector 1 is a tenth off your best,sector 1 is a tenth off your best
\voice\lap_times\sector1_and_2_a_second_off_pace,1.wav,sectors 1 and 2 are a second off the pace,sectors 1 and 2 are a second off the pace,sectors 1 and 2 are a second off the pace
\voice\lap_times\sector1_and_2_a_second_off_pace,2.wav,you're a second down in sectors 1 and 2,you're a second down in sectors 1 and 2,you're a second down in sectors 1 and 2
\voice\lap_times\sector1_and_2_a_second_off_pace,3.wav,you're a second off the pace in sectors 1 and 2,you're a second off the pace in sectors 1 and 2,you're a second off the pace in sectors 1 and 2
\voice\lap_times\sector1_and_2_a_second_off_self_pace,1.wav,sectors 1 and 2 are a second off your best,sectors 1 and 2 are a second off your best,sectors 1 and 2 are a second off your best
\voice\lap_times\sector1_and_2_a_second_off_self_pace,2.wav,you're a second off your best in sectors 1 and 2,you're a second off your best in sectors 1 and 2,you're a second off your best in sectors 1 and 2
\voice\lap_times\sector1_and_2_a_second_off_self_pace,3.wav,sectors 1 and 2 are a second off your best,sectors 1 and 2 are a second off your best,sectors 1 and 2 are a second off your best
\voice\lap_times\sector1_and_2_a_tenth_off_pace,1.wav,sectors 1 and 2 are a tenth off the pace,sectors 1 and 2 are a tenth off the pace,sectors 1 and 2 are a tenth off the pace
\voice\lap_times\sector1_and_2_a_tenth_off_pace,2.wav,you're a tenth down in sectors 1 and 2,you're a tenth down in sectors 1 and 2,you're a tenth down in sectors 1 and 2
\voice\lap_times\sector1_and_2_a_tenth_off_pace,3.wav,sectors 1 and 2 are a tenth down,sectors 1 and 2 are a tenth down,sectors 1 and 2 are a tenth down
\voice\lap_times\sector1_and_2_a_tenth_off_self_pace,1.wav,sectors 1 and 2 are 1 tenth off your best,sectors 1 and 2 are 1 tenth off your best,sectors 1 and 2 are 1 tenth off your best
\voice\lap_times\sector1_and_2_a_tenth_off_self_pace,2.wav,sectors 1 and 2 are a tenth off your best,sectors 1 and 2 are a tenth off your best,sectors 1 and 2 are a tenth off your best
\voice\lap_times\sector1_and_2_a_tenth_off_self_pace,3.wav,sectors 1 and 2 are 1 tenth off your best,sectors 1 and 2 are 1 tenth off your best,sectors 1 and 2 are 1 tenth off your best
\voice\lap_times\sector1_and_2_are,1.wav,sectors 1 and 2 are,sectors 1 and 2 are,sectors 1 and 2 are
\voice\lap_times\sector1_and_2_are,2.wav,sectors 1 and 2 are,sectors 1 and 2 are,sectors 1 and 2 are
\voice\lap_times\sector1_and_2_are,3.wav,sectors 1 and 2 are,sectors 1 and 2 are,sectors 1 and 2 are
\voice\lap_times\sector1_and_2_fast,1.wav,sectors 1 and 2 are fast,sectors 1 and 2 are fast,sectors 1 and 2 are fast
\voice\lap_times\sector1_and_2_fast,2.wav,your pace is good in sectors 1 and 2,your pace is good in sectors 1 and 2,your pace is good in sectors 1 and 2
\voice\lap_times\sector1_and_2_fast,3.wav,sectors 1 and 2 are quick,sectors 1 and 2 are quick,sectors 1 and 2 are quick
\voice\lap_times\sector1_and_2_fastest,1.wav,sectors 1 and 2 are fastest,sectors 1 and 2 are fastest,sectors 1 and 2 are fastest
\voice\lap_times\sector1_and_2_fastest,2.wav,you're purple in sectors 1 and 2,you're purple in sectors 1 and 2,you're purple in sectors 1 and 2
\voice\lap_times\sector1_and_2_fastest,3.wav,sectors 1 and 2 are the quickest,sectors 1 and 2 are the quickest,sectors 1 and 2 are the quickest
\voice\lap_times\sector1_and_2_two_tenths_off_pace,1.wav,sectors 1 and 2 are 2 tenths off the pace,sectors 1 and 2 are 2 tenths off the pace,sectors 1 and 2 are 2 tenths off the pace
\voice\lap_times\sector1_and_2_two_tenths_off_pace,2.wav,you're 2 tenths off the pace in sectors 1 and 2,you're 2 tenths off the pace in sectors 1 and 2,you're 2 tenths off the pace in sectors 1 and 2
\voice\lap_times\sector1_and_2_two_tenths_off_pace,3.wav,you're losing 2 tenths in sectors 1 and 2,you're losing 2 tenths in sectors 1 and 2,you're losing 2 tenths in sectors 1 and 2
\voice\lap_times\sector1_and_2_two_tenths_off_self_pace,1.wav,sectors 1 and 2 are 2 tenths off your best,sectors 1 and 2 are 2 tenths off your best,sectors 1 and 2 are 2 tenths off your best
\voice\lap_times\sector1_and_2_two_tenths_off_self_pace,2.wav,you're 2 tenths off your best in sectors 1 and 2,you're 2 tenths off your best in sectors 1 and 2,you're 2 tenths off your best in sectors 1 and 2
\voice\lap_times\sector1_and_2_two_tenths_off_self_pace,3.wav,sectors 1 and 2 are 2 tenths off your best,sectors 1 and 2 are 2 tenths off your best,sectors 1 and 2 are 2 tenths off your best
\voice\lap_times\sector1_and_3_a_second_off_pace,1.wav,sectors 1 and 3 are a second off the pace,sectors 1 and 3 are a second off the pace,sectors 1 and 3 are a second off the pace
\voice\lap_times\sector1_and_3_a_second_off_pace,2.wav,you're a second off the pace in sectors 1 and 3,you're a second off the pace in sectors 1 and 3,you're a second off the pace in sectors 1 and 3
\voice\lap_times\sector1_and_3_a_second_off_pace,3.wav,you're a second down in sectors 1 and 3,you're a second down in sectors 1 and 3,you're a second down in sectors 1 and 3
\voice\lap_times\sector1_and_3_a_second_off_self_pace,1.wav,you're a second off your best in sectors 1 and 3,you're a second off your best in sectors 1 and 3,you're a second off your best in sectors 1 and 3
\voice\lap_times\sector1_and_3_a_second_off_self_pace,2.wav,sectors 1 and 3 are a second off your best,sectors 1 and 3 are a second off your best,sectors 1 and 3 are a second off your best
\voice\lap_times\sector1_and_3_a_second_off_self_pace,3.wav,sectors 1 and 3 are a second off your best,sectors 1 and 3 are a second off your best,sectors 1 and 3 are a second off your best
\voice\lap_times\sector1_and_3_a_tenth_off_pace,1.wav,you're a tenth off the pace in sectors 1 and 3,you're a tenth off the pace in sectors 1 and 3,you're a tenth off the pace in sectors 1 and 3
\voice\lap_times\sector1_and_3_a_tenth_off_pace,2.wav,you're a tenth down in sectors 1 and 3,you're a tenth down in sectors 1 and 3,you're a tenth down in sectors 1 and 3
\voice\lap_times\sector1_and_3_a_tenth_off_pace,3.wav,sectors 1 and 3 are a tenth off the pace,sectors 1 and 3 are a tenth off the pace,sectors 1 and 3 are a tenth off the pace
\voice\lap_times\sector1_and_3_a_tenth_off_self_pace,1.wav,sectors 1 and 3 are 1 tenth off your best,sectors 1 and 3 are 1 tenth off your best,sectors 1 and 3 are 1 tenth off your best
\voice\lap_times\sector1_and_3_a_tenth_off_self_pace,2.wav,sectors 1 and 3 are a tenth off your best,sectors 1 and 3 are a tenth off your best,sectors 1 and 3 are a tenth off your best
\voice\lap_times\sector1_and_3_a_tenth_off_self_pace,3.wav,sectors 1 and 3 are 1 tenth off your best,sectors 1 and 3 are 1 tenth off your best,sectors 1 and 3 are 1 tenth off your best
\voice\lap_times\sector1_and_3_are,1.wav,sectors 1 and 3 are,sectors 1 and 3 are,sectors 1 and 3 are
\voice\lap_times\sector1_and_3_are,2.wav,sectors 1 and 3 are,sectors 1 and 3 are,sectors 1 and 3 are
\voice\lap_times\sector1_and_3_are,3.wav,sectors 1 and 3 are,sectors 1 and 3 are,sectors 1 and 3 are
\voice\lap_times\sector1_and_3_fast,1.wav,sectors 1 and 3 are looking quick,sectors 1 and 3 are looking quick,sectors 1 and 3 are looking quick
\voice\lap_times\sector1_and_3_fast,2.wav,sectors 1 and 3 are good,sectors 1 and 3 are good,sectors 1 and 3 are good
\voice\lap_times\sector1_and_3_fast,3.wav,sectors 1 and 3 are fast,sectors 1 and 3 are fast,sectors 1 and 3 are fast
\voice\lap_times\sector1_and_3_fastest,1.wav,sectors 1 and 3 are purple,sectors 1 and 3 are purple,sectors 1 and 3 are purple
\voice\lap_times\sector1_and_3_fastest,2.wav,you're fastest overall in sectors 1 and 3,you're fastest overall in sectors 1 and 3,you're fastest overall in sectors 1 and 3
\voice\lap_times\sector1_and_3_fastest,3.wav,sectors 1 and 3 are fastest,sectors 1 and 3 are fastest,sectors 1 and 3 are fastest
\voice\lap_times\sector1_and_3_two_tenths_off_pace,1.wav,sectors 1 and 3 are 2 tenths off the pace,sectors 1 and 3 are 2 tenths off the pace,sectors 1 and 3 are 2 tenths off the pace
\voice\lap_times\sector1_and_3_two_tenths_off_pace,2.wav,you're 2 tenths off the pace in sectors 1 and 3,you're 2 tenths off the pace in sectors 1 and 3,you're 2 tenths off the pace in sectors 1 and 3
\voice\lap_times\sector1_and_3_two_tenths_off_pace,3.wav,you're 2 tenths down in sectors 1 and 3,you're 2 tenths down in sectors 1 and 3,you're 2 tenths down in sectors 1 and 3
\voice\lap_times\sector1_and_3_two_tenths_off_self_pace,1.wav,sectors 1 and 3 are 2 tenths off your best,sectors 1 and 3 are 2 tenths off your best,sectors 1 and 3 are 2 tenths off your best
\voice\lap_times\sector1_and_3_two_tenths_off_self_pace,2.wav,you're 2 tenths off your best in sectors 1 and 3,you're 2 tenths off your best in sectors 1 and 3,you're 2 tenths off your best in sectors 1 and 3
\voice\lap_times\sector1_and_3_two_tenths_off_self_pace,3.wav,sectors 1 and 3 are 2 tenths off your best,sectors 1 and 3 are 2 tenths off your best,sectors 1 and 3 are 2 tenths off your best
\voice\lap_times\sector1_fast,1.wav,sector 1 time is good,sector 1 time is good,sector 1 time is good
\voice\lap_times\sector1_fast,2.wav,sector 1 time is quick,sector 1 time is quick,sector 1 time is quick
\voice\lap_times\sector1_fast,3.wav,sector 1 time's okay,sector 1 time's okay,sector 1 time's okay
\voice\lap_times\sector1_fastest,1.wav,you're fastest in sector 1,you're fastest in sector 1,you're fastest in sector 1
\voice\lap_times\sector1_fastest,2.wav,you're fastest in sector 1,you're fastest in sector 1,you're fastest in sector 1
\voice\lap_times\sector1_fastest,3.wav,you're fastest in sector 1,you're fastest in sector 1,you're fastest in sector 1
\voice\lap_times\sector1_is,1.wav,sector 1 is,sector 1 is,sector 1 is
\voice\lap_times\sector1_is,2.wav,sector 1 is,sector 1 is,sector 1 is
\voice\lap_times\sector1_is,3.wav,sector 1 is,sector 1 is,sector 1 is
\voice\lap_times\sector1_two_tenths_off_pace,1.wav,you're 2 tenths off the pace in sector 1,you're 2 tenths off the pace in sector 1,you're 2 tenths off the pace in sector 1
\voice\lap_times\sector1_two_tenths_off_pace,2.wav,you're 2 tenths off the pace in sector 1,you're 2 tenths off the pace in sector 1,you're 2 tenths off the pace in sector 1
\voice\lap_times\sector1_two_tenths_off_pace,3.wav,you're 2 tenths off the pace in sector 1,you're 2 tenths off the pace in sector 1,you're 2 tenths off the pace in sector 1
\voice\lap_times\sector1_two_tenths_off_self_pace,1.wav,sector 1 is two tenths off your best,sector 1 is two tenths off your best,sector 1 is two tenths off your best
\voice\lap_times\sector1_two_tenths_off_self_pace,2.wav,sector 1 is two tenths off your best,sector 1 is two tenths off your best,sector 1 is two tenths off your best
\voice\lap_times\sector1_two_tenths_off_self_pace,3.wav,you're 2 tenths off your best in sector 1,you're 2 tenths off your best in sector 1,you're 2 tenths off your best in sector 1
\voice\lap_times\sector2_a_second_off_pace,1.wav,sector 2 is a second off the pace,sector 2 is a second off the pace,sector 2 is a second off the pace
\voice\lap_times\sector2_a_second_off_pace,2.wav,you're a second off the pace in sector 2,you're a second off the pace in sector 2,you're a second off the pace in sector 2
\voice\lap_times\sector2_a_second_off_pace,3.wav,sector 2 is a second off the pace,sector 2 is a second off the pace,sector 2 is a second off the pace
\voice\lap_times\sector2_a_second_off_self_pace,1.wav,sector 2 is a second off your best,sector 2 is a second off your best,sector 2 is a second off your best
\voice\lap_times\sector2_a_second_off_self_pace,2.wav,you're a second off your best in sector 2,you're a second off your best in sector 2,you're a second off your best in sector 2
\voice\lap_times\sector2_a_second_off_self_pace,3.wav,you're a second off your best in sector 2,you're a second off your best in sector 2,you're a second off your best in sector 2
\voice\lap_times\sector2_a_tenth_off_pace,1.wav,we need to find a tenth in sector 2,we need to find a tenth in sector 2,we need to find a tenth in sector 2
\voice\lap_times\sector2_a_tenth_off_pace,2.wav,you're a tenth off the pace in sector 2,you're a tenth off the pace in sector 2,you're a tenth off the pace in sector 2
\voice\lap_times\sector2_a_tenth_off_pace,3.wav,you're a tenth off the pace in sector 2,you're a tenth off the pace in sector 2,you're a tenth off the pace in sector 2
\voice\lap_times\sector2_a_tenth_off_self_pace,1.wav,sector 2 is a tenth off your best,sector 2 is a tenth off your best,sector 2 is a tenth off your best
\voice\lap_times\sector2_a_tenth_off_self_pace,2.wav,sector 2 is 1 tenth off your best,sector 2 is 1 tenth off your best,sector 2 is 1 tenth off your best
\voice\lap_times\sector2_a_tenth_off_self_pace,3.wav,sector 2 is a tenth off your best,sector 2 is a tenth off your best,sector 2 is a tenth off your best
\voice\lap_times\sector2_and_3_a_second_off_pace,1.wav,sector 2 and 3 are a second off the pace,sector 2 and 3 are a second off the pace,sector 2 and 3 are a second off the pace
\voice\lap_times\sector2_and_3_a_second_off_pace,2.wav,you're losing a second in sectors 2 and 3,you're losing a second in sectors 2 and 3,you're losing a second in sectors 2 and 3
\voice\lap_times\sector2_and_3_a_second_off_pace,3.wav,you're a second down in sectors 2 and 3,you're a second down in sectors 2 and 3,you're a second down in sectors 2 and 3
\voice\lap_times\sector2_and_3_a_second_off_self_pace,1.wav,sectors 2 and 3 are a second off your best,sectors 2 and 3 are a second off your best,sectors 2 and 3 are a second off your best
\voice\lap_times\sector2_and_3_a_second_off_self_pace,2.wav,you're a second off your best in sectors 2 and 3,you're a second off your best in sectors 2 and 3,you're a second off your best in sectors 2 and 3
\voice\lap_times\sector2_and_3_a_tenth_off_pace,1.wav,sectors 2 and 3 are a tenth off the pace,sectors 2 and 3 are a tenth off the pace,sectors 2 and 3 are a tenth off the pace
\voice\lap_times\sector2_and_3_a_tenth_off_pace,2.wav,you're losing a tenth in sectors 2 and 3,you're losing a tenth in sectors 2 and 3,you're losing a tenth in sectors 2 and 3
\voice\lap_times\sector2_and_3_a_tenth_off_pace,3.wav,sectors 2 and 3 are a tenth down,sectors 2 and 3 are a tenth down,sectors 2 and 3 are a tenth down
\voice\lap_times\sector2_and_3_a_tenth_off_self_pace,1.wav,sectors 2 and 3 are 1 tenth off your best,sectors 2 and 3 are 1 tenth off your best,sectors 2 and 3 are 1 tenth off your best
\voice\lap_times\sector2_and_3_a_tenth_off_self_pace,2.wav,sectors 2 and 3 are a tenth off your best,sectors 2 and 3 are a tenth off your best,sectors 2 and 3 are a tenth off your best
\voice\lap_times\sector2_and_3_a_tenth_off_self_pace,3.wav,sectors 2 and 3 are 1 tenth off your best,sectors 2 and 3 are 1 tenth off your best,sectors 2 and 3 are 1 tenth off your best
\voice\lap_times\sector2_and_3_are,1.wav,sectors 2 and 3 are,sectors 2 and 3 are,sectors 2 and 3 are
\voice\lap_times\sector2_and_3_are,2.wav,sectors 2 and 3 are,sectors 2 and 3 are,sectors 2 and 3 are
\voice\lap_times\sector2_and_3_are,3.wav,sectors 2 and 3 are,sectors 2 and 3 are,sectors 2 and 3 are
\voice\lap_times\sector2_and_3_fast,1.wav,sector 2 and 3 are pretty good,sector 2 and 3 are pretty good,sector 2 and 3 are pretty good
\voice\lap_times\sector2_and_3_fast,2.wav,sector 2 and 3 are fast,sector 2 and 3 are fast,sector 2 and 3 are fast
\voice\lap_times\sector2_and_3_fast,3.wav,your sector 2 and 3 times are good,your sector 2 and 3 times are good,your sector 2 and 3 times are good
\voice\lap_times\sector2_and_3_fastest,1.wav,you're quickest in sector 2 and 3,you're quickest in sector 2 and 3,you're quickest in sector 2 and 3
\voice\lap_times\sector2_and_3_fastest,2.wav,sectors 2 and 3 are fastest,sectors 2 and 3 are fastest,sectors 2 and 3 are fastest
\voice\lap_times\sector2_and_3_fastest,3.wav,you've gone purple in sectors 2 and 3,you've gone purple in sectors 2 and 3,you've gone purple in sectors 2 and 3
\voice\lap_times\sector2_and_3_two_tenths_off_pace,1.wav,sectors 2 and 3 are 2 tenths off the pace,sectors 2 and 3 are 2 tenths off the pace,sectors 2 and 3 are 2 tenths off the pace
\voice\lap_times\sector2_and_3_two_tenths_off_pace,2.wav,you're losing 2 tenths in sectors 2 and 3,you're losing 2 tenths in sectors 2 and 3,you're losing 2 tenths in sectors 2 and 3
\voice\lap_times\sector2_and_3_two_tenths_off_pace,3.wav,sectors 2 and 3 are 2 tenths down,sectors 2 and 3 are 2 tenths down,sectors 2 and 3 are 2 tenths down
\voice\lap_times\sector2_and_3_two_tenths_off_self_pace,1.wav,sectors 2 and 3 are 2 tenths off your best,sectors 2 and 3 are 2 tenths off your best,sectors 2 and 3 are 2 tenths off your best
\voice\lap_times\sector2_and_3_two_tenths_off_self_pace,2.wav,you're 2 tenths off your best in sectors 2 and 3,you're 2 tenths off your best in sectors 2 and 3,you're 2 tenths off your best in sectors 2 and 3
\voice\lap_times\sector2_and_3_two_tenths_off_self_pace,3.wav,sectors 2 and 3 are 2 tenths off your best,sectors 2 and 3 are 2 tenths off your best,sectors 2 and 3 are 2 tenths off your best
\voice\lap_times\sector2_fast,1.wav,sector 2 time is good,sector 2 time is good,sector 2 time is good
\voice\lap_times\sector2_fast,2.wav,your sector 2 time is quick,your sector 2 time is quick,your sector 2 time is quick
\voice\lap_times\sector2_fast,3.wav,sector 2 time is okay,sector 2 time is okay,sector 2 time is okay
\voice\lap_times\sector2_fastest,1.wav,you're quickest in sector 2,you're quickest in sector 2,you're quickest in sector 2
\voice\lap_times\sector2_fastest,2.wav,sector 2 is fastest,sector 2 is fastest,sector 2 is fastest
\voice\lap_times\sector2_fastest,3.wav,you're quickest in sector 2,you're quickest in sector 2,you're quickest in sector 2
\voice\lap_times\sector2_is,1.wav,sector 2 is,sector 2 is,sector 2 is
\voice\lap_times\sector2_is,2.wav,sector 2 is,sector 2 is,sector 2 is
\voice\lap_times\sector2_is,3.wav,sector 2 is,sector 2 is,sector 2 is
\voice\lap_times\sector2_two_tenths_off_pace,1.wav,you're 2 tenths off the pace in sector 2,you're 2 tenths off the pace in sector 2,you're 2 tenths off the pace in sector 2
\voice\lap_times\sector2_two_tenths_off_pace,2.wav,sector 2 is 2 tenths off the pace,sector 2 is 2 tenths off the pace,sector 2 is 2 tenths off the pace
\voice\lap_times\sector2_two_tenths_off_pace,3.wav,sector 2 is 2 tenths off the pace,sector 2 is 2 tenths off the pace,sector 2 is 2 tenths off the pace
\voice\lap_times\sector2_two_tenths_off_self_pace,1.wav,sector 2 is 2 tenths off your best,sector 2 is 2 tenths off your best,sector 2 is 2 tenths off your best
\voice\lap_times\sector2_two_tenths_off_self_pace,2.wav,you're 2 tenths off your best in sector 2,you're 2 tenths off your best in sector 2,you're 2 tenths off your best in sector 2
\voice\lap_times\sector2_two_tenths_off_self_pace,3.wav,sector 2 is 2 tenths off your best,sector 2 is 2 tenths off your best,sector 2 is 2 tenths off your best
\voice\lap_times\sector3_a_second_off_pace,1.wav,you're a second off the pace in sector 3,you're a second off the pace in sector 3,you're a second off the pace in sector 3
\voice\lap_times\sector3_a_second_off_pace,2.wav,you're a second down in sector 3,you're a second down in sector 3,you're a second down in sector 3
\voice\lap_times\sector3_a_second_off_pace,3.wav,sector 3 is a second off the pace,sector 3 is a second off the pace,sector 3 is a second off the pace
\voice\lap_times\sector3_a_second_off_self_pace,1.wav,sector 3 is a second off your best,sector 3 is a second off your best,sector 3 is a second off your best
\voice\lap_times\sector3_a_second_off_self_pace,2.wav,you're a second off your best in sector 3,you're a second off your best in sector 3,you're a second off your best in sector 3
\voice\lap_times\sector3_a_second_off_self_pace,3.wav,sector 3 is a second off your best,sector 3 is a second off your best,sector 3 is a second off your best
\voice\lap_times\sector3_a_tenth_off_pace,1.wav,you need to find a tenth in sector 3,you need to find a tenth in sector 3,you need to find a tenth in sector 3
\voice\lap_times\sector3_a_tenth_off_pace,2.wav,you're a tenth off the pace in sector 3,you're a tenth off the pace in sector 3,you're a tenth off the pace in sector 3
\voice\lap_times\sector3_a_tenth_off_pace,3.wav,sector 3 is a tenth off the pace,sector 3 is a tenth off the pace,sector 3 is a tenth off the pace
\voice\lap_times\sector3_a_tenth_off_self_pace,1.wav,sector 3 is a tenth off your best,sector 3 is a tenth off your best,sector 3 is a tenth off your best
\voice\lap_times\sector3_a_tenth_off_self_pace,2.wav,sector 3 is a tenth off your best,sector 3 is a tenth off your best,sector 3 is a tenth off your best
\voice\lap_times\sector3_a_tenth_off_self_pace,3.wav,sector 3 is a tenth off your best,sector 3 is a tenth off your best,sector 3 is a tenth off your best
\voice\lap_times\sector3_fast,1.wav,sector 3 time is quick,sector 3 time is quick,sector 3 time is quick
\voice\lap_times\sector3_fast,2.wav,sector 3 time is fast,sector 3 time is fast,sector 3 time is fast
\voice\lap_times\sector3_fast,3.wav,sector 3 time's okay,sector 3 time's okay,sector 3 time's okay
\voice\lap_times\sector3_fastest,1.wav,quickest in sector 3,quickest in sector 3,quickest in sector 3
\voice\lap_times\sector3_fastest,2.wav,you're quickest in sector 3,you're quickest in sector 3,you're quickest in sector 3
\voice\lap_times\sector3_fastest,3.wav,you're fastest in sector 3,you're fastest in sector 3,you're fastest in sector 3
\voice\lap_times\sector3_is,1.wav,sector 3 is,sector 3 is,sector 3 is
\voice\lap_times\sector3_is,2.wav,sector 3 is,sector 3 is,sector 3 is
\voice\lap_times\sector3_is,3.wav,sector 3 is,sector 3 is,sector 3 is
\voice\lap_times\sector3_two_tenths_off_pace,1.wav,you're 2 tenths off the pace in sector 3,you're 2 tenths off the pace in sector 3,you're 2 tenths off the pace in sector 3
\voice\lap_times\sector3_two_tenths_off_pace,2.wav,you're 2 tenths off the pace in sector 3,you're 2 tenths off the pace in sector 3,you're 2 tenths off the pace in sector 3
\voice\lap_times\sector3_two_tenths_off_pace,3.wav,sector 3 is 2 tenths off the pace,sector 3 is 2 tenths off the pace,sector 3 is 2 tenths off the pace
\voice\lap_times\sector3_two_tenths_off_self_pace,1.wav,you're 2 tenths off your best in sector 3,you're 2 tenths off your best in sector 3,you're 2 tenths off your best in sector 3
\voice\lap_times\sector3_two_tenths_off_self_pace,2.wav,sector 3 is 2 tenths off your best,sector 3 is 2 tenths off your best,sector 3 is 2 tenths off your best
\voice\lap_times\sector3_two_tenths_off_self_pace,3.wav,sector 3 is 2 tenths off your best,sector 3 is 2 tenths off your best,sector 3 is 2 tenths off your best
\voice\lap_times\sector_all_a_few_tenths_off_pace,1.wav,you're a few tenths off the pace in all 3 sectors,you're a few tenths off the pace in all 3 sectors,you're a few tenths off the pace in all 3 sectors
\voice\lap_times\sector_all_a_few_tenths_off_pace,2.wav,all 3 sectors are a few tenths off,all 3 sectors are a few tenths off,all 3 sectors are a few tenths off
\voice\lap_times\sector_all_a_few_tenths_off_pace,3.wav,you're a few tenths off the pace in all sectors,you're a few tenths off the pace in all sectors,you're a few tenths off the pace in all sectors
\voice\lap_times\sector_all_a_second_off_pace,1.wav,all 3 sectors are a second off the pace,all 3 sectors are a second off the pace,all 3 sectors are a second off the pace
\voice\lap_times\sector_all_a_second_off_pace,2.wav,all 3 sectors are a about a second off the pace,all 3 sectors are a about a second off the pace,all 3 sectors are a about a second off the pace
\voice\lap_times\sector_all_a_second_off_pace,3.wav,you're a second down in all 3 sectors,you're a second down in all 3 sectors,you're a second down in all 3 sectors
\voice\lap_times\sector_all_a_second_off_self_pace,1.wav,you're a second down on your best in all 3 sectors,you're a second down on your best in all 3 sectors,you're a second down on your best in all 3 sectors
\voice\lap_times\sector_all_a_second_off_self_pace,2.wav,all 3 sectors are a second off your best,all 3 sectors are a second off your best,all 3 sectors are a second off your best
\voice\lap_times\sector_all_a_second_off_self_pace,3.wav,you're a second off your best in all 3 sectors,you're a second off your best in all 3 sectors,you're a second off your best in all 3 sectors
\voice\lap_times\sector_all_a_tenth_off_pace,1.wav,all 3 sectors are a tenth off the pace,all 3 sectors are a tenth off the pace,all 3 sectors are a tenth off the pace
\voice\lap_times\sector_all_a_tenth_off_pace,2.wav,you're a tenth off the pace in all 3 sectors,you're a tenth off the pace in all 3 sectors,you're a tenth off the pace in all 3 sectors
\voice\lap_times\sector_all_a_tenth_off_pace,3.wav,all 3 sectors are a tenth off the pace,all 3 sectors are a tenth off the pace,all 3 sectors are a tenth off the pace
\voice\lap_times\sector_all_a_tenth_off_self_pace,1.wav,you're a tenth off your best in all 3 sectors,you're a tenth off your best in all 3 sectors,you're a tenth off your best in all 3 sectors
\voice\lap_times\sector_all_a_tenth_off_self_pace,2.wav,you're one tenth off your best in all 3 sectors,you're one tenth off your best in all 3 sectors,you're one tenth off your best in all 3 sectors
\voice\lap_times\sector_all_a_tenth_off_self_pace,3.wav,all 3 sectors are a tenth off your best,all 3 sectors are a tenth off your best,all 3 sectors are a tenth off your best
\voice\lap_times\sector_all_are,1.wav,all 3 sectors are,all 3 sectors are,all 3 sectors are
\voice\lap_times\sector_all_are,2.wav,all 3 sectors are,all 3 sectors are,all 3 sectors are
\voice\lap_times\sector_all_are,3.wav,all 3 sectors are,all 3 sectors are,all 3 sectors are
\voice\lap_times\sector_all_fast,1.wav,you're times are good in all 3 sectors,you're times are good in all 3 sectors,you're times are good in all 3 sectors
\voice\lap_times\sector_all_fast,2.wav,all 3 sectors are pretty quick,all 3 sectors are pretty quick,all 3 sectors are pretty quick
\voice\lap_times\sector_all_fast,3.wav,you're times are good in all 3 sectors,you're times are good in all 3 sectors,you're times are good in all 3 sectors
\voice\lap_times\sector_all_fastest,1.wav,all 3 sectors are fastest,all 3 sectors are fastest,all 3 sectors are fastest
\voice\lap_times\sector_all_fastest,2.wav,you've gone purple in all 3 sectors,you've gone purple in all 3 sectors,you've gone purple in all 3 sectors
\voice\lap_times\sector_all_fastest,3.wav,all 3 sectors are the quickest,all 3 sectors are the quickest,all 3 sectors are the quickest
\voice\lap_times\sector_all_more_than_a_second_off_pace,1.wav,all 3 sectors are more than a second off the pace,all 3 sectors are more than a second off the pace,all 3 sectors are more than a second off the pace
\voice\lap_times\sector_all_more_than_a_second_off_pace,2.wav,you're more than a second off the pace in all 3 sectors,you're more than a second off the pace in all 3 sectors,you're more than a second off the pace in all 3 sectors
\voice\lap_times\sector_all_more_than_a_second_off_pace,3.wav,you're more than a second down in all 3 sectors,you're more than a second down in all 3 sectors,you're more than a second down in all 3 sectors
\voice\lap_times\sector_all_two_tenths_off_pace,1.wav,all 3 sectors are 2 tenths off the pace,all 3 sectors are 2 tenths off the pace,all 3 sectors are 2 tenths off the pace
\voice\lap_times\sector_all_two_tenths_off_pace,2.wav,you're 2 tenths down in all 3 sectors,you're 2 tenths down in all 3 sectors,you're 2 tenths down in all 3 sectors
\voice\lap_times\sector_all_two_tenths_off_pace,3.wav,all 3 sectors are 2 tenths off the pace,all 3 sectors are 2 tenths off the pace,all 3 sectors are 2 tenths off the pace
\voice\lap_times\sector_all_two_tenths_off_self_pace,1.wav,you're 2 tenths off your best in all 3 sectors,you're 2 tenths off your best in all 3 sectors,you're 2 tenths off your best in all 3 sectors
\voice\lap_times\sector_all_two_tenths_off_self_pace,2.wav,all 3 sectors are 2 tenths off your best,all 3 sectors are 2 tenths off your best,all 3 sectors are 2 tenths off your best
\voice\lap_times\sector_all_two_tenths_off_self_pace,3.wav,you're 2 tenths off your best in all 3 sectors,you're 2 tenths off your best in all 3 sectors,you're 2 tenths off your best in all 3 sectors
\voice\lap_times\setting_current_race_pace,1.wav,we're quickest at the moment,we're quickest at the moment,we're quickest at the moment
\voice\lap_times\setting_current_race_pace,2.wav,we're current setting the pace,we're current setting the pace,we're current setting the pace
\voice\lap_times\setting_current_race_pace,3.wav,we're quickest right now,we're quickest right now,we're quickest right now
\voice\lap_times\setting_current_race_pace,4.wav,we're setting the pace,we're setting the pace,we're setting the pace
\voice\lap_times\time_intro,1.wav,you've just done a,you've just done a,you've just done a
\voice\lap_times\time_intro,10.wav,that lap time was,that lap time was,that lap time was
\voice\lap_times\time_intro,11.wav,you've just done a,you've just done a,you've just done a
\voice\lap_times\time_intro,12.wav,that lap was a,that lap was a,that lap was a
\voice\lap_times\time_intro,13.wav,your lap time was a,your lap time was a,your lap time was a
\voice\lap_times\time_intro,14.wav,that was a,that was a,that was a
\voice\lap_times\time_intro,2.wav,that was a,that was a,that was a
\voice\lap_times\time_intro,3.wav,that last lap was a,that last lap was a,that last lap was a
\voice\lap_times\time_intro,4.wav,that lap was a,that lap was a,that lap was a
\voice\lap_times\time_intro,5.wav,your last lap time was a,your last lap time was a,your last lap time was a
\voice\lap_times\time_intro,6.wav,that lap was a,that lap was a,that lap was a
\voice\lap_times\time_intro,7.wav,you've just done a,you've just done a,you've just done a
\voice\lap_times\time_intro,8.wav,your lap time was,your lap time was,your lap time was
\voice\lap_times\time_intro,9.wav,that lap time was,that lap time was,that lap time was
\voice\lap_times\worsening,1.wav,"your lap times are dropping off, come on, you can do better than this","your lap times are dropping off, come on, you can do better than this","your lap times are dropping off, come on, you can do better than this"
\voice\lap_times\worsening,2.wav,"your lap times are increasing, come on, get back on it","your lap times are increasing, come on, get back on it","your lap times are increasing, come on, get back on it"
\voice\lap_times\worsening,3.wav,"your lap times are dropping off, come on, stay focused","your lap times are dropping off, come on, stay focused","your lap times are dropping off, come on, stay focused"
\voice\lap_times\worsening,4.wav,"your lap times are increasing, come on, keep your focus","your lap times are increasing, come on, keep your focus","your lap times are increasing, come on, keep your focus"
\voice\lap_times\worsening,sweary_5.wav,"your lap times have gone to crap, come on, sort it out","your lap times have gone to crap, come on, sort it out","your lap times have gone to crap, come on, sort it out"
\voice\position\ahead,1.wav,ahead,ahead,ahead
\voice\position\ahead,2.wav,ahead,ahead,ahead
\voice\position\ahead,3.wav,ahead,ahead,ahead
\voice\position\bad_start,1.wav,"forget about the start, find your rhythm, mate","forget about the start, find your rhythm, mate","forget about the start, find your rhythm, mate"
\voice\position\bad_start,11.wav,"not a good start, but it'll get better","not a good start, but it'll get better","not a good start, but it'll get better"
\voice\position\bad_start,12.wav,"bad start, mate, let's get to work","bad start, mate, let's get to work","bad start, mate, let's get to work"
\voice\position\bad_start,13.wav,"we got some work to do now, mate","we got some work to do now, mate","we got some work to do now, mate"
\voice\position\bad_start,15.wav,"bad start, unlucky mate, but let's get stuck in","bad start, unlucky mate, but let's get stuck in","bad start, unlucky mate, but let's get stuck in"
\voice\position\bad_start,2.wav,"disappointing start, let's get those places back","disappointing start, let's get those places back","disappointing start, let's get those places back"
\voice\position\bad_start,3.wav,"bad start, mate, but there's plenty of time to make it up","bad start, mate, but there's plenty of time to make it up","bad start, mate, but there's plenty of time to make it up"
\voice\position\bad_start,4_op_prefix_come_on.wav,"forget the start, let's just get stuck in, mate","forget the start, let's just get stuck in, mate","forget the start, let's just get stuck in, mate"
\voice\position\bad_start,5.wav,let's see if we can get those places back,let's see if we can get those places back,let's see if we can get those places back
\voice\position\bad_start,5_op_prefix_oh_dear.wav,let's see if we can get those places back,let's see if we can get those places back,let's see if we can get those places back
\voice\position\bad_start,9_op_prefix_come_on.wav,"just settle down, find your rhythm","just settle down, find your rhythm","just settle down, find your rhythm"
\voice\position\bad_start,sweary_14.wav,"shit start, but don't panic, we can salvage this","shit start, but don't panic, we can salvage this","shit start, but don't panic, we can salvage this"
\voice\position\bad_start,sweary_16.wav,"shitty start, but don't panic, there's time to recover","shitty start, but don't panic, there's time to recover","shitty start, but don't panic, there's time to recover"
\voice\position\bad_start,sweary_6_op_prefix_oh_dear.wav,"shit start, mate, we got a lot of work to do here","shit start, mate, we got a lot of work to do here","shit start, mate, we got a lot of work to do here"
\voice\position\bad_start,sweary_7.wav,"bollocks start mate, get your head down, fix it","bollocks start mate, get your head down, fix it","bollocks start mate, get your head down, fix it"
\voice\position\bad_start,sweary_8.wav,"crap start, but we got time to sort this out","crap start, but we got time to sort this out","crap start, but we got time to sort this out"
\voice\position\bad_start,sweary_9_op_prefix_oh_dear.wav,"you fucked up the start, now come on, don't fuck up the race","you fucked up the start, now come on, don't fuck up the race","you fucked up the start, now come on, don't fuck up the race"
\voice\position\behind,1.wav,behind,behind,behind
\voice\position\behind,2.wav,behind,behind,behind
\voice\position\behind,3.wav,behind,behind,behind
\voice\position\being_overtaken,11.wav,"come on, keep pushing","come on, keep pushing","come on, keep pushing"
\voice\position\being_overtaken,12_male.wav,"come on, man, defend harder","come on, man, defend harder","come on, man, defend harder"
\voice\position\being_overtaken,13_male.wav,"don't give up, keep him under pressure","don't give up, keep him under pressure","don't give up, keep him under pressure"
\voice\position\being_overtaken,15_male.wav,"okay, stay with him","okay, stay with him","okay, stay with him"
\voice\position\being_overtaken,1_op_prefix_oh_dear.wav,"come on, mate, defend your position","come on, mate, defend your position","come on, mate, defend your position"
\voice\position\being_overtaken,2_op_prefix_come_on_male.wav,"don't panic, we'll get him back","don't panic, we'll get him back","don't panic, we'll get him back"
\voice\position\being_overtaken,3.wav,"bad luck, mate","bad luck, mate","bad luck, mate"
\voice\position\being_overtaken,4_op_suffix_come_on.wav,don't panic,don't panic,don't panic
\voice\position\being_overtaken,5_op_prefix_come_on_male.wav,don't let him get away,don't let him get away,don't let him get away
\voice\position\being_overtaken,7_male.wav,"come on, don't let him get away","come on, don't let him get away","come on, don't let him get away"
\voice\position\being_overtaken,7_op_prefix_bad_luck_male.wav,"come on, don't let him get away","come on, don't let him get away","come on, don't let him get away"
\voice\position\being_overtaken,9_op_prefix_come_on_male.wav,"keep pushing, we might get him back","keep pushing, we might get him back","keep pushing, we might get him back"
\voice\position\being_overtaken,sweary_10_op_suffix_come_on.wav,"that's disappointing, but shit happens, keep pushing","that's disappointing, but shit happens, keep pushing","that's disappointing, but shit happens, keep pushing"
\voice\position\being_overtaken,sweary_12_male.wav,"shite, stay close, you might get him back","shite, stay close, you might get him back","shite, stay close, you might get him back"
\voice\position\being_overtaken,sweary_13_male.wav,"ah, bollocks, see if you can get him back","ah, bollocks, see if you can get him back","ah, bollocks, see if you can get him back"
\voice\position\being_overtaken,sweary_14.wav,"fucking hell, defend these positions","fucking hell, defend these positions","fucking hell, defend these positions"
\voice\position\being_overtaken,sweary_6.wav,"come on, stick with the bastard","come on, stick with the bastard","come on, stick with the bastard"
\voice\position\being_overtaken,sweary_8.wav,"come on, push like a bastard, we'll get this guy","come on, push like a bastard, we'll get this guy","come on, push like a bastard, we'll get this guy"
\voice\position\consistently_last,1.wav,"come on, mate, don't spend all day bringing up the rear","come on, mate, don't spend all day bringing up the rear","come on, mate, don't spend all day bringing up the rear"
\voice\position\consistently_last,1_op_prefix_oh_dear.wav,"come on, mate, don't spend all day bringing up the rear","come on, mate, don't spend all day bringing up the rear","come on, mate, don't spend all day bringing up the rear"
\voice\position\consistently_last,2.wav,"come on, mate, we didn't come here for this","come on, mate, we didn't come here for this","come on, mate, we didn't come here for this"
\voice\position\consistently_last,2_op_prefix_oh_dear.wav,"come on, mate, we didn't come here for this","come on, mate, we didn't come here for this","come on, mate, we didn't come here for this"
\voice\position\consistently_last,3.wav,"come on, sort yourself out, this is hopeless","come on, sort yourself out, this is hopeless","come on, sort yourself out, this is hopeless"
\voice\position\consistently_last,3_op_prefix_oh_dear.wav,"come on, sort yourself out, this is hopeless","come on, sort yourself out, this is hopeless","come on, sort yourself out, this is hopeless"
\voice\position\consistently_last,5.wav,"come on, more gas, less brake","come on, more gas, less brake","come on, more gas, less brake"
\voice\position\consistently_last,sweary_4.wav,"come on, mate, go fucking faster","come on, mate, go fucking faster","come on, mate, go fucking faster"
\voice\position\expected_position_current_position_intro,1.wav,we're currently P,we're currently P,we're currently P
\voice\position\expected_position_current_position_intro,2.wav,we're running in P,we're running in P,we're running in P
\voice\position\expected_position_current_position_intro,3.wav,we're in position,we're in position,we're in position
\voice\position\expected_position_current_position_intro,4.wav,we're running in P,we're running in P,we're running in P
\voice\position\expected_position_current_position_intro,5.wav,we're in P,we're in P,we're in P
\voice\position\expected_position_current_position_leading,1.wav,we're currently P1,we're currently P1,we're currently P1
\voice\position\expected_position_current_position_leading,2.wav,we're running in P1,we're running in P1,we're running in P1
\voice\position\expected_position_current_position_leading,3.wav,we're leading,we're leading,we're leading
\voice\position\expected_position_current_position_leading,4.wav,we're running in P1,we're running in P1,we're running in P1
\voice\position\expected_position_current_position_leading,5.wav,we're currently leading,we're currently leading,we're currently leading
\voice\position\expected_position_intro_medium_field,1_op_prefix_ok.wav,"we're in the mid-pack here, we expecting you to finish in the top","we're in the mid-pack here, we expecting you to finish in the top","we're in the mid-pack here, we expecting you to finish in the top"
\voice\position\expected_position_intro_medium_field,2_op_prefix_ok.wav,our target today to finish around P,our target today to finish around P,our target today to finish around P
\voice\position\expected_position_intro_medium_field,3_op_prefix_ok.wav,"our pace should be OK, we're aiming for around P","our pace should be OK, we're aiming for around P","our pace should be OK, we're aiming for around P"
\voice\position\expected_position_intro_medium_field,4_op_prefix_ok.wav,"you should do OK here, we're aiming to finish in the top","you should do OK here, we're aiming to finish in the top","you should do OK here, we're aiming to finish in the top"
\voice\position\expected_position_intro_medium_field,5_op_prefix_ok.wav,"we'be in the mid-pack here, we're expecting you to finish in position","we'be in the mid-pack here, we're expecting you to finish in position","we'be in the mid-pack here, we're expecting you to finish in position"
\voice\position\expected_position_intro_mid_race,1.wav,our target was to finish around P,our target was to finish around P,our target was to finish around P
\voice\position\expected_position_intro_mid_race,2.wav,we're looking to finish in the top,we're looking to finish in the top,we're looking to finish in the top
\voice\position\expected_position_intro_mid_race,3.wav,our original target was P,our original target was P,our original target was P
\voice\position\expected_position_intro_mid_race,4.wav,we were expecting to finish in the top,we were expecting to finish in the top,we were expecting to finish in the top
\voice\position\expected_position_intro_mid_race,5.wav,our original target was to finish in the top,our original target was to finish in the top,our original target was to finish in the top
\voice\position\expected_position_intro_strong_field,1_op_prefix_ok.wav,"it's a strong grid, we're expecting you to finish in the top","it's a strong grid, we're expecting you to finish in the top","it's a strong grid, we're expecting you to finish in the top"
\voice\position\expected_position_intro_strong_field,2_op_prefix_ok.wav,"it's a tough field, we're expecting you to finish in at least P","it's a tough field, we're expecting you to finish in at least P","it's a tough field, we're expecting you to finish in at least P"
\voice\position\expected_position_intro_strong_field,3_op_prefix_ok.wav,"there's some good drivers out there, our target is to finish around P","there's some good drivers out there, our target is to finish around P","there's some good drivers out there, our target is to finish around P"
\voice\position\expected_position_intro_strong_field,4_op_prefix_ok.wav,"this'll be a tough race, we're aiming to be in the top","this'll be a tough race, we're aiming to be in the top","this'll be a tough race, we're aiming to be in the top"
\voice\position\expected_position_intro_strong_field,5_op_prefix_ok.wav,"we might struggle today, a decent finish will be around P","we might struggle today, a decent finish will be around P","we might struggle today, a decent finish will be around P"
\voice\position\expected_position_intro_strong_field,6_op_prefix_ok.wav,"it's a strong field, you'll be doing well to be in the top","it's a strong field, you'll be doing well to be in the top","it's a strong field, you'll be doing well to be in the top"
\voice\position\expected_position_intro_weak_field,1_op_prefix_ok.wav,"we should do well here, we're expecting you to finish in the top","we should do well here, we're expecting you to finish in the top","we should do well here, we're expecting you to finish in the top"
\voice\position\expected_position_intro_weak_field,2_op_prefix_ok.wav,"we should be competitive here, we're aiming for around P","we should be competitive here, we're aiming for around P","we should be competitive here, we're aiming for around P"
\voice\position\expected_position_intro_weak_field,3_op_prefix_ok.wav,"we expect to do well here, our target is to finish around P","we expect to do well here, our target is to finish around P","we expect to do well here, our target is to finish around P"
\voice\position\expected_position_intro_weak_field,4_op_prefix_ok.wav,"you should do well here, we're optimistic we can finish in the top","you should do well here, we're optimistic we can finish in the top","you should do well here, we're optimistic we can finish in the top"
\voice\position\expected_position_intro_weak_field,5_op_prefix_ok.wav,"we're pretty confident here, a decent finish will be around P","we're pretty confident here, a decent finish will be around P","we're pretty confident here, a decent finish will be around P"
\voice\position\expected_position_intro_weak_field,6_op_prefix_ok.wav,"our pace should be strong today, aim to finish in the top","our pace should be strong today, aim to finish in the top","our pace should be strong today, aim to finish in the top"
\voice\position\expected_position_win,1_op_prefix_ok.wav,"we should do well here, we should be aiming for a win","we should do well here, we should be aiming for a win","we should do well here, we should be aiming for a win"
\voice\position\expected_position_win,2_op_prefix_ok.wav,"we're very competitive here, we ought to win this","we're very competitive here, we ought to win this","we're very competitive here, we ought to win this"
\voice\position\expected_position_win,3_op_prefix_ok.wav,"we expect to do really well here, we're favourites to win","we expect to do really well here, we're favourites to win","we expect to do really well here, we're favourites to win"
\voice\position\expected_position_win,4_op_prefix_ok.wav,"you should win this, you're the clear favourite","you should win this, you're the clear favourite","you should win this, you're the clear favourite"
\voice\position\expected_position_win,5_op_prefix_ok.wav,"we're confident of a great result here, hopefully a win","we're confident of a great result here, hopefully a win","we're confident of a great result here, hopefully a win"
\voice\position\expected_position_win_mid_race,1.wav,we were expecting a win,we were expecting a win,we were expecting a win
\voice\position\expected_position_win_mid_race,2.wav,we were expecting a win,we were expecting a win,we were expecting a win
\voice\position\expected_position_win_mid_race,3.wav,our target was to win this,our target was to win this,our target was to win this
\voice\position\expected_position_win_mid_race,4.wav,our target was to win this,our target was to win this,our target was to win this
\voice\position\expected_position_win_mid_race,5.wav,we expected to be at the front,we expected to be at the front,we expected to be at the front
\voice\position\good_start,1.wav,"good start, mate, nice one","good start, mate, nice one","good start, mate, nice one"
\voice\position\good_start,11.wav,"perfect start, mate, this is great","perfect start, mate, this is great","perfect start, mate, this is great"
\voice\position\good_start,12.wav,"good start, keep it up","good start, keep it up","good start, keep it up"
\voice\position\good_start,13.wav,"great start, well done","great start, well done","great start, well done"
\voice\position\good_start,2.wav,"nice start, mate, well done","nice start, mate, well done","nice start, mate, well done"
\voice\position\good_start,3_op_prefix_well_done.wav,good start,good start,good start
\voice\position\good_start,4_op_suffix_well_done.wav,good start,good start,good start
\voice\position\good_start,5.wav,"good start, mate","good start, mate","good start, mate"
\voice\position\good_start,6_op_suffix_come_on.wav,nice start,nice start,nice start
\voice\position\good_start,7.wav,"sweet start, mate, keep it coming","sweet start, mate, keep it coming","sweet start, mate, keep it coming"
\voice\position\good_start,9.wav,"good work on the start, mate, this is great","good work on the start, mate, this is great","good work on the start, mate, this is great"
\voice\position\good_start,sweary_10.wav,"fucking excellent start, well done","fucking excellent start, well done","fucking excellent start, well done"
\voice\position\laps_ahead,1.wav,laps in front,laps in front,laps in front
\voice\position\laps_ahead,2.wav,laps ahead,laps ahead,laps ahead
\voice\position\laps_ahead,3.wav,laps ahead,laps ahead,laps ahead
\voice\position\laps_behind,1.wav,laps behind,laps behind,laps behind
\voice\position\laps_behind,2.wav,laps behind,laps behind,laps behind
\voice\position\laps_behind,3.wav,laps behind,laps behind,laps behind
\voice\position\last,1_op_suffix_come_on.wav,you're running last,you're running last,you're running last
\voice\position\last,2.wav,you're last,you're last,you're last
\voice\position\last,3.wav,that's last,that's last,that's last
\voice\position\leading,1.wav,you're in the lead,you're in the lead,you're in the lead
\voice\position\leading,2.wav,you're now in the lead,you're now in the lead,you're now in the lead
\voice\position\leading,6.wav,you're leading,you're leading,you're leading
\voice\position\ok_start,10.wav,"the start's okay, we're still in good shape here","the start's okay, we're still in good shape here","the start's okay, we're still in good shape here"
\voice\position\ok_start,11.wav,"the start's all right, time to get stuck in","the start's all right, time to get stuck in","the start's all right, time to get stuck in"
\voice\position\ok_start,12.wav,"okay, the start will do, time to get to work","okay, the start will do, time to get to work","okay, the start will do, time to get to work"
\voice\position\ok_start,1_op_prefix_ok.wav,"decent start, we can build something from here","decent start, we can build something from here","decent start, we can build something from here"
\voice\position\ok_start,2.wav,"start's okay, let's get settled in","start's okay, let's get settled in","start's okay, let's get settled in"
\voice\position\ok_start,3_op_suffix_come_on.wav,"the start's okay, let's get stuck in","the start's okay, let's get stuck in","the start's okay, let's get stuck in"
\voice\position\ok_start,4.wav,"your start's okay, we can build something from this","your start's okay, we can build something from this","your start's okay, we can build something from this"
\voice\position\ok_start,5_op_suffix_come_on.wav,"okay, let's find a good rhythm, make some places","okay, let's find a good rhythm, make some places","okay, let's find a good rhythm, make some places"
\voice\position\ok_start,6.wav,"start's okay, we're still in this","start's okay, we're still in this","start's okay, we're still in this"
\voice\position\ok_start,8.wav,"the start's all right, let's build on it","the start's all right, let's build on it","the start's all right, let's build on it"
\voice\position\ok_start,9.wav,"the start's okay, now find your groove","the start's okay, now find your groove","the start's okay, now find your groove"
\voice\position\one_lap_ahead,1.wav,you're 1 lap in front,you're 1 lap in front,you're 1 lap in front
\voice\position\one_lap_ahead,2.wav,you're 1 lap up,you're 1 lap up,you're 1 lap up
\voice\position\one_lap_ahead,3.wav,you're 1 lap ahead,you're 1 lap ahead,you're 1 lap ahead
\voice\position\one_lap_down,1.wav,you're a lap down,you're a lap down,you're a lap down
\voice\position\one_lap_down,2.wav,you're 1 lap down,you're 1 lap down,you're 1 lap down
\voice\position\one_lap_down,3.wav,you're a lap down,you're a lap down,you're a lap down
\voice\position\overtaking,1.wav,"good pass, well done","good pass, well done","good pass, well done"
\voice\position\overtaking,12_op_suffix_well_done.wav,"come on, that's the stuff","come on, that's the stuff","come on, that's the stuff"
\voice\position\overtaking,13.wav,"that's the stuff, we'll have some more of that","that's the stuff, we'll have some more of that","that's the stuff, we'll have some more of that"
\voice\position\overtaking,14_op_suffix_come_on.wav,"brilliant, nice one","brilliant, nice one","brilliant, nice one"
\voice\position\overtaking,15.wav,"good move, mate","good move, mate","good move, mate"
\voice\position\overtaking,16.wav,"good move, mate","good move, mate","good move, mate"
\voice\position\overtaking,17_op_suffix_well_done.wav,nice pass,nice pass,nice pass
\voice\position\overtaking,18_op_prefix_come_on.wav,nicely done,nicely done,nicely done
\voice\position\overtaking,19_male.wav,"well done, fella'","well done, fella'","well done, fella'"
\voice\position\overtaking,21.wav,"good work, mate, keep it up","good work, mate, keep it up","good work, mate, keep it up"
\voice\position\overtaking,22.wav,"sweet pass, mate","sweet pass, mate","sweet pass, mate"
\voice\position\overtaking,23.wav,"have it, nice one","have it, nice one","have it, nice one"
\voice\position\overtaking,24.wav,good pass,good pass,good pass
\voice\position\overtaking,26.wav,"good pass, now keep pushing","good pass, now keep pushing","good pass, now keep pushing"
\voice\position\overtaking,27.wav,"well done, mate, that was great","well done, mate, that was great","well done, mate, that was great"
\voice\position\overtaking,29.wav,"awesome, well done","awesome, well done","awesome, well done"
\voice\position\overtaking,2_op_suffix_well_done.wav,"nice one, mate","nice one, mate","nice one, mate"
\voice\position\overtaking,3_op_prefix_well_done.wav,"great move, keep it up","great move, keep it up","great move, keep it up"
\voice\position\overtaking,4_op_prefix_well_done.wav,"nice move, mate","nice move, mate","nice move, mate"
\voice\position\overtaking,5_op_prefix_come_on.wav,"good stuff, keep it coming","good stuff, keep it coming","good stuff, keep it coming"
\voice\position\overtaking,5_op_prefix_well_done.wav,"good pass, eyes front","good pass, eyes front","good pass, eyes front"
\voice\position\overtaking,6.wav,"well done, good pass","well done, good pass","well done, good pass"
\voice\position\overtaking,7.wav,"well done, eyes front now","well done, eyes front now","well done, eyes front now"
\voice\position\overtaking,sweary_10.wav,"good pass, mate, that was fucking brilliant","good pass, mate, that was fucking brilliant","good pass, mate, that was fucking brilliant"
\voice\position\overtaking,sweary_11.wav,"good pass, mate, fucking awesome","good pass, mate, fucking awesome","good pass, mate, fucking awesome"
\voice\position\overtaking,sweary_20.wav,"yeah, nailed that fucker","yeah, nailed that fucker","yeah, nailed that fucker"
\voice\position\overtaking,sweary_25.wav,"fan-fucking-tastic, now keep pushing","fan-fucking-tastic, now keep pushing","fan-fucking-tastic, now keep pushing"
\voice\position\overtaking,sweary_28.wav,"fucking come on, you nailed him","fucking come on, you nailed him","fucking come on, you nailed him"
\voice\position\overtaking,sweary_7.wav,"fucking great pass, mate, well done","fucking great pass, mate, well done","fucking great pass, mate, well done"
\voice\position\overtaking,sweary_8.wav,"fucking awesome move, mate","fucking awesome move, mate","fucking awesome move, mate"
\voice\position\overtaking,sweary_9.wav,"fucking excellent pass, nice one, mate","fucking excellent pass, nice one, mate","fucking excellent pass, nice one, mate"
\voice\position\p1,1.wav,P1,P1,P1
\voice\position\p1,2.wav,P1,P1,P1
\voice\position\p1,3.wav,P1,P1,P1
\voice\position\p1,5.wav,P1,P1,P1
\voice\position\p10,10.wav,P10,P10,P10
\voice\position\p10,3.wav,10th position,10th position,10th position
\voice\position\p11,1.wav,P11,P11,P11
\voice\position\p11,11.wav,P11,P11,P11
\voice\position\p12,12.wav,P12,P12,P12
\voice\position\p12,2.wav,P12,P12,P12
\voice\position\p13,1.wav,P13,P13,P13
\voice\position\p13,13.wav,P13,P13,P13
\voice\position\p13,2.wav,13th place,13th place,13th place
\voice\position\p14,1.wav,14th,14th,14th
\voice\position\p14,14.wav,P14,P14,P14
\voice\position\p14,3.wav,P14,P14,P14
\voice\position\p15,15.wav,P15,P15,P15
\voice\position\p15,2.wav,P15,P15,P15
\voice\position\p15,3.wav,15th place,15th place,15th place
\voice\position\p16,16.wav,P16,P16,P16
\voice\position\p16,2.wav,P16,P16,P16
\voice\position\p16,3.wav,16th place,16th place,16th place
\voice\position\p17,1.wav,P17,P17,P17
\voice\position\p17,17.wav,P17,P17,P17
\voice\position\p17,2.wav,17th place,17th place,17th place
\voice\position\p18,1.wav,18th,18th,18th
\voice\position\p18,18.wav,P18,P18,P18
\voice\position\p18,2.wav,P18,P18,P18
\voice\position\p19,19.wav,P19,P19,P19
\voice\position\p19,2.wav,P19,P19,P19
\voice\position\p2,1.wav,P2,P2,P2
\voice\position\p2,3.wav,P2,P2,P2
\voice\position\p2,4.wav,P2,P2,P2
\voice\position\p2,5.wav,P2,P2,P2
\voice\position\p20,1.wav,P20,P20,P20
\voice\position\p20,20.wav,P20,P20,P20
\voice\position\p20,3.wav,20th place,20th place,20th place
\voice\position\p21,1.wav,P21,P21,P21
\voice\position\p21,2.wav,21st,21st,21st
\voice\position\p21,21.wav,P21,P21,P21
\voice\position\p22,22.wav,P22,P22,P22
\voice\position\p22,3.wav,22nd place,22nd place,22nd place
\voice\position\p23,1.wav,P23,P23,P23
\voice\position\p23,23.wav,P23,P23,P23
\voice\position\p23,3.wav,23rd place,23rd place,23rd place
\voice\position\p24,1.wav,P24,P24,P24
\voice\position\p24,24.wav,P24,P24,P24
\voice\position\p25,25.wav,P25,P25,P25
\voice\position\p26,26.wav,P26,P26,P26
\voice\position\p27,27.wav,P27,P27,P27
\voice\position\p28,28.wav,P28,P28,P28
\voice\position\p29,29.wav,P29,P29,P29
\voice\position\p3,1.wav,P3,P3,P3
\voice\position\p3,2.wav,P3,P3,P3
\voice\position\p3,3.wav,P3,P3,P3
\voice\position\p3,4.wav,P3,P3,P3
\voice\position\p30,30.wav,P30,P30,P30
\voice\position\p31,31.wav,P31,P31,P31
\voice\position\p32,32.wav,P32,P32,P32
\voice\position\p33,33.wav,P33,P33,P33
\voice\position\p34,34.wav,P34,P34,P34
\voice\position\p35,35.wav,P35,P35,P35
\voice\position\p36,36.wav,P36,P36,P36
\voice\position\p37,37.wav,P37,P37,P37
\voice\position\p38,38.wav,P38,P38,P38
\voice\position\p39,39.wav,P39,P39,P39
\voice\position\p4,1.wav,P4,P4,P4
\voice\position\p4,2.wav,P4,P4,P4
\voice\position\p4,3.wav,P4,P4,P4
\voice\position\p4,4.wav,P4,P4,P4
\voice\position\p40,40.wav,P40,P40,P40
\voice\position\p41,41.wav,P41,P41,P41
\voice\position\p42,42.wav,P42,P42,P42
\voice\position\p43,43.wav,P43,P43,P43
\voice\position\p44,44.wav,P44,P44,P44
\voice\position\p45,45.wav,P45,P45,P45
\voice\position\p46,46.wav,P46,P46,P46
\voice\position\p47,47.wav,P47,P47,P47
\voice\position\p48,48.wav,P48,P48,P48
\voice\position\p49,49.wav,P49,P49,P49
\voice\position\p5,1.wav,P5,P5,P5
\voice\position\p5,2.wav,P5,P5,P5
\voice\position\p50,50.wav,P50,P50,P50
\voice\position\p51,51.wav,P51,P51,P51
\voice\position\p52,52.wav,P52,P52,P52
\voice\position\p53,53.wav,P53,P53,P53
\voice\position\p54,54.wav,P54,P54,P54
\voice\position\p55,55.wav,P55,P55,P55
\voice\position\p56,56.wav,P56,P56,P56
\voice\position\p6,1.wav,6th place,6th place,6th place
\voice\position\p6,2.wav,P6,P6,P6
\voice\position\p6,3.wav,P6,P6,P6
\voice\position\p7,1.wav,P7,P7,P7
\voice\position\p7,2.wav,P7,P7,P7
\voice\position\p7,3.wav,7th position,7th position,7th position
\voice\position\p8,1.wav,P8,P8,P8
\voice\position\p8,3.wav,8th place,8th place,8th place
\voice\position\p8,8.wav,P8,P8,P8
\voice\position\p9,1.wav,P9,P9,P9
\voice\position\p9,9.wav,P9,P9,P9
\voice\position\pole,1.wav,you're in pole,you're in pole,you're in pole
\voice\position\pole,2.wav,that's pole,that's pole,that's pole
\voice\position\pole,3.wav,pole position,pole position,pole position
\voice\position\terrible_start,1.wav,"shocking start, come on, get it together","shocking start, come on, get it together","shocking start, come on, get it together"
\voice\position\terrible_start,12.wav,"forget what happened at the start, let's try and salvage something","forget what happened at the start, let's try and salvage something","forget what happened at the start, let's try and salvage something"
\voice\position\terrible_start,13.wav,"awful start, mate, but don't give up","awful start, mate, but don't give up","awful start, mate, but don't give up"
\voice\position\terrible_start,14.wav,"bad luck on the start, mate, but you're gonna have to make your own luck now","bad luck on the start, mate, but you're gonna have to make your own luck now","bad luck on the start, mate, but you're gonna have to make your own luck now"
\voice\position\terrible_start,17.wav,"shocking start, mate, settle down, start working your way back up the order","shocking start, mate, settle down, start working your way back up the order","shocking start, mate, settle down, start working your way back up the order"
\voice\position\terrible_start,1_op_prefix_oh_dear.wav,"shocking start, come on, get it together","shocking start, come on, get it together","shocking start, come on, get it together"
\voice\position\terrible_start,2.wav,"rough start, mate, we got a lot of work to do now","rough start, mate, we got a lot of work to do now","rough start, mate, we got a lot of work to do now"
\voice\position\terrible_start,2_op_prefix_bad_luck.wav,"rough start, mate, we got a lot of work to do now","rough start, mate, we got a lot of work to do now","rough start, mate, we got a lot of work to do now"
\voice\position\terrible_start,4.wav,"terrible start, mate, but the rest isn't over, yet","terrible start, mate, but the rest isn't over, yet","terrible start, mate, but the rest isn't over, yet"
\voice\position\terrible_start,5.wav,"okay, bit of a mountain to climb now, but let's get started","okay, bit of a mountain to climb now, but let's get started","okay, bit of a mountain to climb now, but let's get started"
\voice\position\terrible_start,6.wav,"let's see what we can salvage from this, mate","let's see what we can salvage from this, mate","let's see what we can salvage from this, mate"
\voice\position\terrible_start,6_op_prefix_ok.wav,"let's see what we can salvage from this, mate","let's see what we can salvage from this, mate","let's see what we can salvage from this, mate"
\voice\position\terrible_start,sweary_10.wav,"fucking hell, nightmare start mate, damage limitation from here","fucking hell, nightmare start mate, damage limitation from here","fucking hell, nightmare start mate, damage limitation from here"
\voice\position\terrible_start,sweary_15.wav,"crap start, mate, but we need you to recover something here","crap start, mate, but we need you to recover something here","crap start, mate, but we need you to recover something here"
\voice\position\terrible_start,sweary_16.wav,"fucking bollocks start, mate, it's damage limitation from here","fucking bollocks start, mate, it's damage limitation from here","fucking bollocks start, mate, it's damage limitation from here"
\voice\position\terrible_start,sweary_3.wav,"shit start, come on, sort it out","shit start, come on, sort it out","shit start, come on, sort it out"
\voice\timings\ahead_is_increasing,1.wav,"ahead is increasing, it's now","ahead is increasing, it's now","ahead is increasing, it's now"
\voice\timings\ahead_is_increasing,2.wav,"ahead is increasing, it's now","ahead is increasing, it's now","ahead is increasing, it's now"
\voice\timings\ahead_is_increasing,3.wav,"ahead is increasing, it's now","ahead is increasing, it's now","ahead is increasing, it's now"
\voice\timings\ahead_is_now,1.wav,ahead is now,ahead is now,ahead is now
\voice\timings\ahead_is_now,2.wav,ahead is now,ahead is now,ahead is now
\voice\timings\ahead_is_now,3.wav,in front is now,in front is now,in front is now
\voice\timings\bad_reputation,1.wav,bad rep,bad rep,bad rep
\voice\timings\bad_reputation,2.wav,bad reputation,bad reputation,bad reputation
\voice\timings\bad_reputation,3.wav,poor reputation,poor reputation,poor reputation
\voice\timings\bad_reputation,4.wav,really accident prone,really accident prone,really accident prone
\voice\timings\bad_reputation,7.wav,accident prone,accident prone,accident prone
\voice\timings\behind_is_increasing,1.wav,"behind is increasing, it's now","behind is increasing, it's now","behind is increasing, it's now"
\voice\timings\behind_is_increasing,2.wav,"behind is increasing, it's now","behind is increasing, it's now","behind is increasing, it's now"
\voice\timings\behind_is_increasing,3.wav,"behind is increasing, it's now","behind is increasing, it's now","behind is increasing, it's now"
\voice\timings\behind_is_now,1.wav,behind is now,behind is now,behind is now
\voice\timings\behind_is_now,2.wav,behind is now,behind is now,behind is now
\voice\timings\behind_is_now,3.wav,behind is now,behind is now,behind is now
\voice\timings\being_held_up,1.wav,"keep putting the pressure on, force a mistake","keep putting the pressure on, force a mistake","keep putting the pressure on, force a mistake"
\voice\timings\being_held_up,10_male.wav,"come on, we need to be in front of this guy","come on, we need to be in front of this guy","come on, we need to be in front of this guy"
\voice\timings\being_held_up,11_male.wav,we need to be in front of this guy,we need to be in front of this guy,we need to be in front of this guy
\voice\timings\being_held_up,13_male.wav,"come on, pass him already","come on, pass him already","come on, pass him already"
\voice\timings\being_held_up,14_male.wav,"you're losing time here, man, we need to pass him","you're losing time here, man, we need to pass him","you're losing time here, man, we need to pass him"
\voice\timings\being_held_up,15_male.wav,"there's gotta be a chance here, keep harrying him","there's gotta be a chance here, keep harrying him","there's gotta be a chance here, keep harrying him"
\voice\timings\being_held_up,16.wav,"don't wait too long, find that gap","don't wait too long, find that gap","don't wait too long, find that gap"
\voice\timings\being_held_up,1_op_prefix_ok_male.wav,"keep piling on the pressure, he'll make a mistake","keep piling on the pressure, he'll make a mistake","keep piling on the pressure, he'll make a mistake"
\voice\timings\being_held_up,2.wav,we really need to be in front of this car,we really need to be in front of this car,we really need to be in front of this car
\voice\timings\being_held_up,20.wav,"keep searching, you'll find a gap","keep searching, you'll find a gap","keep searching, you'll find a gap"
\voice\timings\being_held_up,21_male.wav,"stay close, wait for him to crack","stay close, wait for him to crack","stay close, wait for him to crack"
\voice\timings\being_held_up,22_male.wav,"stay on him, there'll be a chance","stay on him, there'll be a chance","stay on him, there'll be a chance"
\voice\timings\being_held_up,23_male.wav,"stay close, see if we can unsettle him","stay close, see if we can unsettle him","stay close, see if we can unsettle him"
\voice\timings\being_held_up,24.wav,"okay, mate, watch for a mistake","okay, mate, watch for a mistake","okay, mate, watch for a mistake"
\voice\timings\being_held_up,25_male.wav,"keep pushing him, there'll be a chance here","keep pushing him, there'll be a chance here","keep pushing him, there'll be a chance here"
\voice\timings\being_held_up,26.wav,"come on, find a way around, we're losing time","come on, find a way around, we're losing time","come on, find a way around, we're losing time"
\voice\timings\being_held_up,27_male.wav,"you're wasting time behind this guy, get your elbows out and get around him","you're wasting time behind this guy, get your elbows out and get around him","you're wasting time behind this guy, get your elbows out and get around him"
\voice\timings\being_held_up,28.wav,"come on, find a gap","come on, find a gap","come on, find a gap"
\voice\timings\being_held_up,29_male.wav,"keep the pressure on, don't give him a break","keep the pressure on, don't give him a break","keep the pressure on, don't give him a break"
\voice\timings\being_held_up,2_op_prefix_ok_male.wav,"stay close, wait for him to make a mistake","stay close, wait for him to make a mistake","stay close, wait for him to make a mistake"
\voice\timings\being_held_up,3.wav,"stay close, there might be a chance here","stay close, there might be a chance here","stay close, there might be a chance here"
\voice\timings\being_held_up,30_male.wav,"keep the pressure on, don't give him any respite","keep the pressure on, don't give him any respite","keep the pressure on, don't give him any respite"
\voice\timings\being_held_up,31_male.wav,"come on, nail him already","come on, nail him already","come on, nail him already"
\voice\timings\being_held_up,32_male.wav,"okay, mate, we really think you should pass this guy","okay, mate, we really think you should pass this guy","okay, mate, we really think you should pass this guy"
\voice\timings\being_held_up,33_male.wav,"come on, man, send it already","come on, man, send it already","come on, man, send it already"
\voice\timings\being_held_up,35.wav,"you're just gonna have to send it, mate","you're just gonna have to send it, mate","you're just gonna have to send it, mate"
\voice\timings\being_held_up,3_male.wav,"stick with him, keep him under pressure","stick with him, keep him under pressure","stick with him, keep him under pressure"
\voice\timings\being_held_up,4.wav,"stay close, there might be a chance here","stay close, there might be a chance here","stay close, there might be a chance here"
\voice\timings\being_held_up,4_male.wav,"come on, keep pressing him, force that mistake","come on, keep pressing him, force that mistake","come on, keep pressing him, force that mistake"
\voice\timings\being_held_up,5.wav,"stay close, keep the pressure on","stay close, keep the pressure on","stay close, keep the pressure on"
\voice\timings\being_held_up,6.wav,"come on, just send it","come on, just send it","come on, just send it"
\voice\timings\being_held_up,7.wav,"we're wasting a lot of time here, get your elbows out and force the pass","we're wasting a lot of time here, get your elbows out and force the pass","we're wasting a lot of time here, get your elbows out and force the pass"
\voice\timings\being_held_up,8_male.wav,"keep him in your sights, force the mistake","keep him in your sights, force the mistake","keep him in your sights, force the mistake"
\voice\timings\being_held_up,9.wav,stay close,stay close,stay close
\voice\timings\being_held_up,sweary_12.wav,"pass the bastard, come on, do it now","pass the bastard, come on, do it now","pass the bastard, come on, do it now"
\voice\timings\being_held_up,sweary_17.wav,"come on, we can have this bastard","come on, we can have this bastard","come on, we can have this bastard"
\voice\timings\being_held_up,sweary_34.wav,"come on, just fucking send it","come on, just fucking send it","come on, just fucking send it"
\voice\timings\being_held_up,sweary_6.wav,"come on, nail this fucker","come on, nail this fucker","come on, nail this fucker"
\voice\timings\being_held_up,sweary_7_op_prefix_ok.wav,"this bastard's holding you up, you've gotta find a way past","this bastard's holding you up, you've gotta find a way past","this bastard's holding you up, you've gotta find a way past"
\voice\timings\being_held_up,sweary_8.wav,"that's enough dicking about, come on, send it","that's enough dicking about, come on, send it","that's enough dicking about, come on, send it"
\voice\timings\being_held_up,sweary_8_op_prefix_ok.wav,"you need to pass this twat, you're losing too much time","you need to pass this twat, you're losing too much time","you need to pass this twat, you're losing too much time"
\voice\timings\being_held_up,sweary_9_male.wav,"come on, stop fannying about, fucking pass him","come on, stop fannying about, fucking pass him","come on, stop fannying about, fucking pass him"
\voice\timings\being_pressured,1.wav,"use all the track, force them to find the gap","use all the track, force them to find the gap","use all the track, force them to find the gap"
\voice\timings\being_pressured,10_male.wav,"defend your position, don't let him through","defend your position, don't let him through","defend your position, don't let him through"
\voice\timings\being_pressured,11_male.wav,"don't be intimidated, keep him behind you","don't be intimidated, keep him behind you","don't be intimidated, keep him behind you"
\voice\timings\being_pressured,13.wav,"don't be distracted, defend your position","don't be distracted, defend your position","don't be distracted, defend your position"
\voice\timings\being_pressured,14.wav,let's see how wide you can make this thing,let's see how wide you can make this thing,let's see how wide you can make this thing
\voice\timings\being_pressured,16.wav,"time to get defensive, mate","time to get defensive, mate","time to get defensive, mate"
\voice\timings\being_pressured,17_male.wav,"make him do all the work, focus on your exits","make him do all the work, focus on your exits","make him do all the work, focus on your exits"
\voice\timings\being_pressured,18_male.wav,"just ignore him, he'll go away","just ignore him, he'll go away","just ignore him, he'll go away"
\voice\timings\being_pressured,19_male.wav,"use all the track, force him to find the gap","use all the track, force him to find the gap","use all the track, force him to find the gap"
\voice\timings\being_pressured,1_op_prefix_ok.wav,"hold your nerve, just keep it smooth, no mistakes","hold your nerve, just keep it smooth, no mistakes","hold your nerve, just keep it smooth, no mistakes"
\voice\timings\being_pressured,2.wav,"stick to the plan, don't be intimidated","stick to the plan, don't be intimidated","stick to the plan, don't be intimidated"
\voice\timings\being_pressured,20.wav,"slow in, fast out, keep the inside line covered","slow in, fast out, keep the inside line covered","slow in, fast out, keep the inside line covered"
\voice\timings\being_pressured,2_male.wav,"he's all over you, keep your exit speeds up, stay smooth","he's all over you, keep your exit speeds up, stay smooth","he's all over you, keep your exit speeds up, stay smooth"
\voice\timings\being_pressured,3.wav,"defend hard, make them work for it","defend hard, make them work for it","defend hard, make them work for it"
\voice\timings\being_pressured,3_male.wav,"come on, don't make it easy for him, make him go the long way around","come on, don't make it easy for him, make him go the long way around","come on, don't make it easy for him, make him go the long way around"
\voice\timings\being_pressured,4.wav,"don't be pressured, keep your exit speeds up","don't be pressured, keep your exit speeds up","don't be pressured, keep your exit speeds up"
\voice\timings\being_pressured,4_op_prefix_ok_male.wav,don't let this guy distract you,don't let this guy distract you,don't let this guy distract you
\voice\timings\being_pressured,5.wav,"hold your nerve, make them do the work","hold your nerve, make them do the work","hold your nerve, make them do the work"
\voice\timings\being_pressured,5_male.wav,don't let this guy intimidate you,don't let this guy intimidate you,don't let this guy intimidate you
\voice\timings\being_pressured,sweary_12_male.wav,"this fucker's trying to distract you, don't let him","this fucker's trying to distract you, don't let him","this fucker's trying to distract you, don't let him"
\voice\timings\being_pressured,sweary_6_op_prefix_ok_male.wav,"don't be intimidated by this little shit, make him work for it","don't be intimidated by this little shit, make him work for it","don't be intimidated by this little shit, make him work for it"
\voice\timings\being_pressured,sweary_7.wav,"keep your concentration, make the bastard work for it","keep your concentration, make the bastard work for it","keep your concentration, make the bastard work for it"
\voice\timings\being_pressured,sweary_8_op_prefix_ok.wav,"ignore that fucker in the mirror, stick to your line, nail those exits","ignore that fucker in the mirror, stick to your line, nail those exits","ignore that fucker in the mirror, stick to your line, nail those exits"
\voice\timings\below_average_reputation,1.wav,sketchy,sketchy,sketchy
\voice\timings\below_average_reputation,4.wav,not the cleanest racer,not the cleanest racer,not the cleanest racer
\voice\timings\gap_behind_decreasing,1.wav,"the car behind is catching, the gap's now","the car behind is catching, the gap's now","the car behind is catching, the gap's now"
\voice\timings\gap_behind_decreasing,1_male.wav,"the guy behind's catching, the gap is now","the guy behind's catching, the gap is now","the guy behind's catching, the gap is now"
\voice\timings\gap_behind_decreasing,2.wav,"the car behind is reeling you in, the gap is now","the car behind is reeling you in, the gap is now","the car behind is reeling you in, the gap is now"
\voice\timings\gap_behind_decreasing,2_male.wav,"the guy behind's reeling you in, the gap's now","the guy behind's reeling you in, the gap's now","the guy behind's reeling you in, the gap's now"
\voice\timings\gap_behind_decreasing,3.wav,the gap behind has now decreased to,the gap behind has now decreased to,the gap behind has now decreased to
\voice\timings\gap_behind_increasing,1.wav,"you're pulling away, the gap behind is now","you're pulling away, the gap behind is now","you're pulling away, the gap behind is now"
\voice\timings\gap_behind_increasing,2_male.wav,"you're pulling away from the guy behind, the gap's now","you're pulling away from the guy behind, the gap's now","you're pulling away from the guy behind, the gap's now"
\voice\timings\gap_behind_increasing,3.wav,the gap behind's increased to,the gap behind's increased to,the gap behind's increased to
\voice\timings\gap_behind_is_now,1.wav,the gap behind is now,the gap behind is now,the gap behind is now
\voice\timings\gap_behind_is_now,2.wav,the gap behind is now,the gap behind is now,the gap behind is now
\voice\timings\gap_behind_is_now,3.wav,the gap behind is now,the gap behind is now,the gap behind is now
\voice\timings\gap_in_front_decreasing,1_op_suffix_come_on.wav,"you're reeling this car in, the gap's now","you're reeling this car in, the gap's now","you're reeling this car in, the gap's now"
\voice\timings\gap_in_front_decreasing,1_op_suffix_come_on_male.wav,"you're gaining on this guy, the gap's now","you're gaining on this guy, the gap's now","you're gaining on this guy, the gap's now"
\voice\timings\gap_in_front_decreasing,2_op_prefix_ok.wav,"you're gaining on this car, the gap is","you're gaining on this car, the gap is","you're gaining on this car, the gap is"
\voice\timings\gap_in_front_decreasing,2_op_prefix_ok_male.wav,"you're reeling this guy in, the gap's now","you're reeling this guy in, the gap's now","you're reeling this guy in, the gap's now"
\voice\timings\gap_in_front_decreasing,3_op_prefix_ok.wav,"you're gaining on the car in front, the gap's now","you're gaining on the car in front, the gap's now","you're gaining on the car in front, the gap's now"
\voice\timings\gap_in_front_decreasing,3_op_prefix_ok_male.wav,"you're gaining on the guy in front, the gap is","you're gaining on the guy in front, the gap is","you're gaining on the guy in front, the gap is"
\voice\timings\gap_in_front_increasing,1.wav,"the gap in front is increasing, the gap is now","the gap in front is increasing, the gap is now","the gap in front is increasing, the gap is now"
\voice\timings\gap_in_front_increasing,2.wav,"the gap in front has increased, it's now about","the gap in front has increased, it's now about","the gap in front has increased, it's now about"
\voice\timings\gap_in_front_increasing,3.wav,the gap in front has increased to,the gap in front has increased to,the gap in front has increased to
\voice\timings\gap_in_front_is_now,1.wav,the gap in front is now,the gap in front is now,the gap in front is now
\voice\timings\gap_in_front_is_now,2.wav,the gap in front is now,the gap in front is now,the gap in front is now
\voice\timings\gap_in_front_is_now,3.wav,the gap ahead is now,the gap ahead is now,the gap ahead is now
\voice\timings\he_is_faster_entering_corner,1.wav,they're quicker than you entering,they're quicker than you entering,they're quicker than you entering
\voice\timings\he_is_faster_entering_corner,1_male.wav,he's faster than you entering,he's faster than you entering,he's faster than you entering
\voice\timings\he_is_faster_entering_corner,2.wav,they're quicker than us entering,they're quicker than us entering,they're quicker than us entering
\voice\timings\he_is_faster_entering_corner,2_male.wav,he's quicker than you into,he's quicker than you into,he's quicker than you into
\voice\timings\he_is_faster_entering_corner,3.wav,they're faster than us into,they're faster than us into,they're faster than us into
\voice\timings\he_is_faster_entering_corner,3_male.wav,he's faster than you into,he's faster than you into,he's faster than you into
\voice\timings\he_is_faster_through_corner,1.wav,they're quicker than us through,they're quicker than us through,they're quicker than us through
\voice\timings\he_is_faster_through_corner,2.wav,they're faster than use through,they're faster than use through,they're faster than use through
\voice\timings\he_is_faster_through_corner,3.wav,they're faster than us in,they're faster than us in,they're faster than us in
\voice\timings\he_is_faster_through_corner,4_male.wav,he's faster than you through,he's faster than you through,he's faster than you through
\voice\timings\he_is_faster_through_corner,5_male.wav,he's quicker than us through,he's quicker than us through,he's quicker than us through
\voice\timings\he_is_faster_through_corner,6_male.wav,he's quicker than us in,he's quicker than us in,he's quicker than us in
\voice\timings\he_is_slower_entering_corner,1.wav,they're pretty slow into,they're pretty slow into,they're pretty slow into
\voice\timings\he_is_slower_entering_corner,1_male.wav,he's pretty slow into,he's pretty slow into,he's pretty slow into
\voice\timings\he_is_slower_entering_corner,2.wav,they're slower than us into,they're slower than us into,they're slower than us into
\voice\timings\he_is_slower_entering_corner,2_male.wav,he's slower than us into,he's slower than us into,he's slower than us into
\voice\timings\he_is_slower_entering_corner,3.wav,they're slow into,they're slow into,they're slow into
\voice\timings\he_is_slower_entering_corner,3_male.wav,he's slow into,he's slow into,he's slow into
\voice\timings\he_is_slower_through_corner,1.wav,they're pretty slow through,they're pretty slow through,they're pretty slow through
\voice\timings\he_is_slower_through_corner,2.wav,they're slower than us through,they're slower than us through,they're slower than us through
\voice\timings\he_is_slower_through_corner,3.wav,they're slow through,they're slow through,they're slow through
\voice\timings\he_is_slower_through_corner,4_male.wav,he's pretty slow through,he's pretty slow through,he's pretty slow through
\voice\timings\he_is_slower_through_corner,5_male.wav,he's slower than us through,he's slower than us through,he's slower than us through
\voice\timings\he_is_slower_through_corner,6_male.wav,he's slow through,he's slow through,he's slow through
\voice\timings\in_the_gap_is_now,1.wav,"in, the gap is now","in, the gap is now","in, the gap is now"
\voice\timings\in_the_gap_is_now,2.wav,"in, the gap is now","in, the gap is now","in, the gap is now"
\voice\timings\in_the_gap_is_now,3.wav,"in, the gap is","in, the gap is","in, the gap is"
\voice\timings\is_reeling_you_in,1.wav,"is reeling you in, the gap's now","is reeling you in, the gap's now","is reeling you in, the gap's now"
\voice\timings\is_reeling_you_in,10.wav,"is closing the gap, it's now","is closing the gap, it's now","is closing the gap, it's now"
\voice\timings\is_reeling_you_in,11.wav,"is getting closer, the gap's now","is getting closer, the gap's now","is getting closer, the gap's now"
\voice\timings\is_reeling_you_in,2.wav,"is gaining on you, the gap's now","is gaining on you, the gap's now","is gaining on you, the gap's now"
\voice\timings\is_reeling_you_in,3.wav,"is reeling you in, the gap's now","is reeling you in, the gap's now","is reeling you in, the gap's now"
\voice\timings\is_reeling_you_in,4.wav,"is gaining on you, the gap is now","is gaining on you, the gap is now","is gaining on you, the gap is now"
\voice\timings\is_reeling_you_in,5.wav,"is getting closer, the gap's come down to","is getting closer, the gap's come down to","is getting closer, the gap's come down to"
\voice\timings\is_reeling_you_in,6.wav,"is closing you down, the gap has come down to","is closing you down, the gap has come down to","is closing you down, the gap has come down to"
\voice\timings\is_reeling_you_in,7.wav,"is closing in, the gap is now","is closing in, the gap is now","is closing in, the gap is now"
\voice\timings\is_reeling_you_in,8.wav,"is getting closer, the gap's now","is getting closer, the gap's now","is getting closer, the gap's now"
\voice\timings\is_reeling_you_in,9.wav,"is getting closer, the gap is now","is getting closer, the gap is now","is getting closer, the gap is now"
\voice\timings\opponent_ahead_has_bad_reputation,1.wav,the driver in front's got a bad reputation,the driver in front's got a bad reputation,the driver in front's got a bad reputation
\voice\timings\opponent_ahead_has_bad_reputation,1_male.wav,the guy in front's got a bad reputation,the guy in front's got a bad reputation,the guy in front's got a bad reputation
\voice\timings\opponent_ahead_has_bad_reputation,2.wav,"take care here, the driver in front's got previous","take care here, the driver in front's got previous","take care here, the driver in front's got previous"
\voice\timings\opponent_ahead_has_bad_reputation,2_male.wav,"take care, the guy in front's got previous","take care, the guy in front's got previous","take care, the guy in front's got previous"
\voice\timings\opponent_ahead_has_bad_reputation,3.wav,"take care here, the driver in front's not know for playing fair","take care here, the driver in front's not know for playing fair","take care here, the driver in front's not know for playing fair"
\voice\timings\opponent_ahead_has_bad_reputation,3_male.wav,"be careful here, the guy in front's not known for playing fair","be careful here, the guy in front's not known for playing fair","be careful here, the guy in front's not known for playing fair"
\voice\timings\opponent_ahead_has_bad_reputation,4.wav,"take care, this driver's got a bad rep","take care, this driver's got a bad rep","take care, this driver's got a bad rep"
\voice\timings\opponent_ahead_has_bad_reputation,4_male.wav,"take care, this guy's got a bad reputation","take care, this guy's got a bad reputation","take care, this guy's got a bad reputation"
\voice\timings\opponent_ahead_has_bad_reputation,5.wav,"this driver's got a bad reputation, watch yourself when you pass","this driver's got a bad reputation, watch yourself when you pass","this driver's got a bad reputation, watch yourself when you pass"
\voice\timings\opponent_ahead_has_bad_reputation,5_male.wav,"this guy's got a bad reputation, watch yourself when you pass","this guy's got a bad reputation, watch yourself when you pass","this guy's got a bad reputation, watch yourself when you pass"
\voice\timings\opponent_ahead_has_bad_reputation,6.wav,"the driver in front's not a clean racer, bare it in mind","the driver in front's not a clean racer, bare it in mind","the driver in front's not a clean racer, bare it in mind"
\voice\timings\opponent_ahead_has_bad_reputation,6_male.wav,"the guy in front's not a clean racer, bear it in mind","the guy in front's not a clean racer, bear it in mind","the guy in front's not a clean racer, bear it in mind"
\voice\timings\opponent_ahead_has_bad_reputation,7.wav,"this driver's got a bad reputation, don't expect a fair fight","this driver's got a bad reputation, don't expect a fair fight","this driver's got a bad reputation, don't expect a fair fight"
\voice\timings\opponent_ahead_has_bad_reputation,7_male.wav,"be careful with this guy, he's got a bad reputation","be careful with this guy, he's got a bad reputation","be careful with this guy, he's got a bad reputation"
\voice\timings\opponent_ahead_has_bad_reputation,8_male.wav,"this guy's got a bad rep, don't expect a fair fight","this guy's got a bad rep, don't expect a fair fight","this guy's got a bad rep, don't expect a fair fight"
\voice\timings\opponent_ahead_has_bad_reputation,9_male.wav,"this guy's got a bad reputation, watch yourself","this guy's got a bad reputation, watch yourself","this guy's got a bad reputation, watch yourself"
\voice\timings\opponent_ahead_has_below_average_reputation,1.wav,"this driver's reputation's a it sketchy, bare it in mind","this driver's reputation's a it sketchy, bare it in mind","this driver's reputation's a it sketchy, bare it in mind"
\voice\timings\opponent_ahead_has_below_average_reputation,10_male.wav,"the guys in front's a bit incident prone, be careful here","the guys in front's a bit incident prone, be careful here","the guys in front's a bit incident prone, be careful here"
\voice\timings\opponent_ahead_has_below_average_reputation,1_male.wav,"this guy's reputation's a bit sketchy, bear it in mind","this guy's reputation's a bit sketchy, bear it in mind","this guy's reputation's a bit sketchy, bear it in mind"
\voice\timings\opponent_ahead_has_below_average_reputation,2.wav,"the driver in front's not known for playing fair, be careful","the driver in front's not known for playing fair, be careful","the driver in front's not known for playing fair, be careful"
\voice\timings\opponent_ahead_has_below_average_reputation,3.wav,this driver's reputation's not great,this driver's reputation's not great,this driver's reputation's not great
\voice\timings\opponent_ahead_has_below_average_reputation,3_male.wav,"the guy in front's had a lot of incidents, give him a wide berth","the guy in front's had a lot of incidents, give him a wide berth","the guy in front's had a lot of incidents, give him a wide berth"
\voice\timings\opponent_ahead_has_below_average_reputation,4.wav,"this driver's not got a good reputation, be careful","this driver's not got a good reputation, be careful","this driver's not got a good reputation, be careful"
\voice\timings\opponent_ahead_has_below_average_reputation,4_male.wav,this guy's reputation's not great,this guy's reputation's not great,this guy's reputation's not great
\voice\timings\opponent_ahead_has_below_average_reputation,5.wav,"the driver in front's reputation's not good, take care","the driver in front's reputation's not good, take care","the driver in front's reputation's not good, take care"
\voice\timings\opponent_ahead_has_below_average_reputation,5_male.wav,"this guy's not got a good reputation, be a bit careful here","this guy's not got a good reputation, be a bit careful here","this guy's not got a good reputation, be a bit careful here"
\voice\timings\opponent_ahead_has_below_average_reputation,6.wav,"the driver in front's had a lot of incidents, bare it in mind","the driver in front's had a lot of incidents, bare it in mind","the driver in front's had a lot of incidents, bare it in mind"
\voice\timings\opponent_ahead_has_below_average_reputation,6_male.wav,"the guy in front's reputation is not good, take care","the guy in front's reputation is not good, take care","the guy in front's reputation is not good, take care"
\voice\timings\opponent_ahead_has_below_average_reputation,7.wav,"this driver's rep is below average, watch yourself","this driver's rep is below average, watch yourself","this driver's rep is below average, watch yourself"
\voice\timings\opponent_ahead_has_below_average_reputation,7_male.wav,"this guy's had a lot of incidents, bear it in mind","this guy's had a lot of incidents, bear it in mind","this guy's had a lot of incidents, bear it in mind"
\voice\timings\opponent_ahead_has_below_average_reputation,8.wav,the driver in front's reputation isn't great,the driver in front's reputation isn't great,the driver in front's reputation isn't great
\voice\timings\opponent_ahead_has_below_average_reputation,9_male.wav,"this guy's rep is below average, watch yourself","this guy's rep is below average, watch yourself","this guy's rep is below average, watch yourself"
\voice\timings\opponent_behind_has_bad_reputation,1.wav,"the driver behind's got a poor reputation, expect trouble","the driver behind's got a poor reputation, expect trouble","the driver behind's got a poor reputation, expect trouble"
\voice\timings\opponent_behind_has_bad_reputation,10_male.wav,"the guy behind's had loads of incidents, be careful","the guy behind's had loads of incidents, be careful","the guy behind's had loads of incidents, be careful"
\voice\timings\opponent_behind_has_bad_reputation,1_male.wav,"the guy behind's got a poor reputation, prepare for trouble","the guy behind's got a poor reputation, prepare for trouble","the guy behind's got a poor reputation, prepare for trouble"
\voice\timings\opponent_behind_has_bad_reputation,2.wav,"the driver behind is really accident prone, be careful here","the driver behind is really accident prone, be careful here","the driver behind is really accident prone, be careful here"
\voice\timings\opponent_behind_has_bad_reputation,2_male.wav,"the guy behind's really accident-prone, be careful here","the guy behind's really accident-prone, be careful here","the guy behind's really accident-prone, be careful here"
\voice\timings\opponent_behind_has_bad_reputation,3.wav,"the driver behind's reputation is really bad, be careful","the driver behind's reputation is really bad, be careful","the driver behind's reputation is really bad, be careful"
\voice\timings\opponent_behind_has_bad_reputation,4.wav,"the driver behind has got a bad rep, take care","the driver behind has got a bad rep, take care","the driver behind has got a bad rep, take care"
\voice\timings\opponent_behind_has_bad_reputation,4_male.wav,"watch your mirrors, this guy's had a lot of incidents","watch your mirrors, this guy's had a lot of incidents","watch your mirrors, this guy's had a lot of incidents"
\voice\timings\opponent_behind_has_bad_reputation,5.wav,"the driver behind is not known for driving clean, watch out","the driver behind is not known for driving clean, watch out","the driver behind is not known for driving clean, watch out"
\voice\timings\opponent_behind_has_bad_reputation,5_male.wav,the guy behind's got a bad rep,the guy behind's got a bad rep,the guy behind's got a bad rep
\voice\timings\opponent_behind_has_bad_reputation,6.wav,"the driver behind's had loads of incidents, be careful","the driver behind's had loads of incidents, be careful","the driver behind's had loads of incidents, be careful"
\voice\timings\opponent_behind_has_bad_reputation,6_male.wav,"the guy behind's got a bad reputation, take care","the guy behind's got a bad reputation, take care","the guy behind's got a bad reputation, take care"
\voice\timings\opponent_behind_has_bad_reputation,7_male.wav,"the guy behind's really accident-prone, be careful","the guy behind's really accident-prone, be careful","the guy behind's really accident-prone, be careful"
\voice\timings\opponent_behind_has_bad_reputation,8_male.wav,"the guy behind's not know for driving clean, watch yourself here","the guy behind's not know for driving clean, watch yourself here","the guy behind's not know for driving clean, watch yourself here"
\voice\timings\opponent_behind_has_bad_reputation,9_male.wav,the guy behind's got a bad reputation,the guy behind's got a bad reputation,the guy behind's got a bad reputation
\voice\timings\opponent_behind_has_below_average_reputation,1.wav,"the driver behind's a bit sketchy, watch your mirrors here","the driver behind's a bit sketchy, watch your mirrors here","the driver behind's a bit sketchy, watch your mirrors here"
\voice\timings\opponent_behind_has_below_average_reputation,10_male.wav,"the guy behind isn't the cleanest racer, watch yourself","the guy behind isn't the cleanest racer, watch yourself","the guy behind isn't the cleanest racer, watch yourself"
\voice\timings\opponent_behind_has_below_average_reputation,1_male.wav,"the guy behind's a bit sketchy, watch your mirrors here","the guy behind's a bit sketchy, watch your mirrors here","the guy behind's a bit sketchy, watch your mirrors here"
\voice\timings\opponent_behind_has_below_average_reputation,2.wav,"watch your mirrors here, the driver behind's reputation is not great","watch your mirrors here, the driver behind's reputation is not great","watch your mirrors here, the driver behind's reputation is not great"
\voice\timings\opponent_behind_has_below_average_reputation,2_male.wav,"watch your mirrors here, the guy behind's reputation's not great","watch your mirrors here, the guy behind's reputation's not great","watch your mirrors here, the guy behind's reputation's not great"
\voice\timings\opponent_behind_has_below_average_reputation,3.wav,"the driver behind's had lots of incidents lately, bare it in mind","the driver behind's had lots of incidents lately, bare it in mind","the driver behind's had lots of incidents lately, bare it in mind"
\voice\timings\opponent_behind_has_below_average_reputation,3_male.wav,"the guy behind's had a lot of incidents recently, bear it in mind","the guy behind's had a lot of incidents recently, bear it in mind","the guy behind's had a lot of incidents recently, bear it in mind"
\voice\timings\opponent_behind_has_below_average_reputation,4.wav,"the driver behind is not the cleanest racer, take care here","the driver behind is not the cleanest racer, take care here","the driver behind is not the cleanest racer, take care here"
\voice\timings\opponent_behind_has_below_average_reputation,4_male.wav,"the guy behind's not the cleanest racer, take care here","the guy behind's not the cleanest racer, take care here","the guy behind's not the cleanest racer, take care here"
\voice\timings\opponent_behind_has_below_average_reputation,5.wav,the driver behind's reputation is not good,the driver behind's reputation is not good,the driver behind's reputation is not good
\voice\timings\opponent_behind_has_below_average_reputation,5_male.wav,the guy behind's reputation isn't great,the guy behind's reputation isn't great,the guy behind's reputation isn't great
\voice\timings\opponent_behind_has_below_average_reputation,6.wav,"the driver behind's got a sketchy reputation, be careful","the driver behind's got a sketchy reputation, be careful","the driver behind's got a sketchy reputation, be careful"
\voice\timings\opponent_behind_has_below_average_reputation,6_male.wav,"the guy behind's got a bit of a sketchy reputation, be careful","the guy behind's got a bit of a sketchy reputation, be careful","the guy behind's got a bit of a sketchy reputation, be careful"
\voice\timings\opponent_behind_has_below_average_reputation,7.wav,"the driver behind's had a few incidents lately, bare it in mind","the driver behind's had a few incidents lately, bare it in mind","the driver behind's had a few incidents lately, bare it in mind"
\voice\timings\opponent_behind_has_below_average_reputation,7_male.wav,the guy behind doesn't race very clean,the guy behind doesn't race very clean,the guy behind doesn't race very clean
\voice\timings\opponent_behind_has_below_average_reputation,8_male.wav,"the guy behind's reputation isn't as good as it should be, take care","the guy behind's reputation isn't as good as it should be, take care","the guy behind's reputation isn't as good as it should be, take care"
\voice\timings\opponent_behind_has_below_average_reputation,9_male.wav,the guy behind's had a few incidents recently,the guy behind's had a few incidents recently,the guy behind's had a few incidents recently
\voice\timings\seconds,1.wav,seconds,seconds,seconds
\voice\timings\seconds,2.wav,seconds,seconds,seconds
\voice\timings\seconds,3.wav,seconds,seconds,seconds
\voice\timings\the_gap_to,1.wav,the gap to,the gap to,the gap to
\voice\timings\the_gap_to,2.wav,the gap to,the gap to,the gap to
\voice\timings\the_gap_to,3.wav,the gap to,the gap to,the gap to
\voice\timings\youre_reeling,1_op_prefix_ok.wav,you're reeling,you're reeling,you're reeling
\voice\timings\youre_reeling,2_op_prefix_ok.wav,you're reeling,you're reeling,you're reeling
\voice\timings\youre_reeling,3_op_prefix_ok.wav,you're reeling,you're reeling,you're reeling
